revenue_rnk,rating_rank,product_id,recent_month_sale,cumulative_sale,total_sales,price,rating,ratings_total,rating_weighted_score,revenue,rating_range_id,price_range_id,availability_id,condition_id,is_new,is_fba,is_free_shipping,is_prime,cumulative_sale_percentage,top_selling_categories
284,126,62,50,107600,107600,309.0,3.9,3243.0,31.529793419417686,15450.0,3,4,1,3.0,1,0,1,0,1.0,Trivial Many
285,461,834,50,107600,107600,299.99,4.5,135.0,22.106946985812236,14999.5,1,3,1,1.0,1,0,1,0,1.0,Trivial Many
286,662,523,50,107600,107600,299.0,4.2,20.0,12.786994238438377,14950.0,2,3,1,1.0,1,0,1,0,1.0,Trivial Many
287,47,124,50,107600,107600,299.0,4.2,4912.0,35.69848813510832,14950.0,2,3,1,4.0,1,0,1,0,1.0,Trivial Many
288,377,320,50,107600,107600,295.95,4.1,449.0,25.047915089333898,14797.5,2,3,1,3.0,1,1,1,0,1.0,Trivial Many
289,263,522,50,107600,107600,288.95,4.3,608.0,27.570818551152556,14447.5,2,3,1,1.0,1,0,1,0,1.0,Trivial Many
290,464,837,50,107600,107600,269.99,4.5,135.0,22.106946985812236,13499.5,1,3,1,1.0,1,0,1,0,1.0,Trivial Many
291,458,831,50,107600,107600,269.99,4.5,135.0,22.106946985812236,13499.5,1,3,1,1.0,1,0,1,0,1.0,Trivial Many
292,257,15,100,101400,107600,134.56,4.4,554.0,27.803459700484314,13456.0,2,2,1,3.0,1,0,1,0,0.942379,Trivial Many
293,742,858,50,107600,107600,268.88,0.0,0.0,0.0,13444.0,5,3,1,1.0,1,0,1,0,1.0,Trivial Many
294,585,28,100,101400,107600,130.44,4.1,42.0,15.420920474343605,13044.0,2,2,1,3.0,0,0,1,0,0.942379,Trivial Many
295,65,44,50,107600,107600,255.0,4.3,3357.0,34.91213360184119,12750.0,2,3,1,3.0,1,1,1,0,1.0,Trivial Many
296,310,224,50,107600,107600,235.42,4.5,350.0,26.373538005596394,11771.0,1,3,3,,1,1,0,1,1.0,Trivial Many
297,87,373,50,107600,107600,220.0,4.1,3698.0,33.684852946513054,11000.0,2,3,1,1.0,1,0,1,0,1.0,Trivial Many
298,68,48,50,107600,107600,219.56,4.3,3357.0,34.91213360184119,10978.0,2,3,1,4.0,1,0,1,0,1.0,Trivial Many
299,89,369,50,107600,107600,215.25,4.1,3698.0,33.684852946513054,10762.5,2,3,1,1.0,1,0,0,0,1.0,Trivial Many
300,283,237,50,107600,107600,208.9,4.4,455.0,26.938968361863303,10445.0,2,3,1,,1,1,0,1,1.0,Trivial Many
301,281,234,50,107600,107600,207.46,4.4,455.0,26.938968361863303,10373.0,2,3,1,5.0,1,0,1,0,1.0,Trivial Many
302,522,125,50,107600,107600,206.78,4.3,94.0,19.581670633882325,10339.0,2,3,1,3.0,1,0,1,0,1.0,Trivial Many
303,680,778,50,107600,107600,202.99,3.0,34.0,10.666044184468241,10149.5,3,3,1,,1,0,0,0,1.0,Trivial Many
304,284,236,50,107600,107600,194.26,4.4,455.0,26.938968361863303,9713.0,2,2,1,,1,1,0,1,1.0,Trivial Many
305,545,902,50,107600,107600,180.0,4.1,75.0,17.756006695173955,9000.0,2,2,1,8.0,0,0,1,0,1.0,Trivial Many
306,60,36,50,107600,107600,179.0,4.3,3357.0,34.91213360184119,8950.0,2,2,1,4.0,1,0,1,0,1.0,Trivial Many
307,8,391,50,107600,107600,170.56,4.4,20723.0,43.73181000291259,8528.0,2,2,1,8.0,0,1,1,0,1.0,Trivial Many
308,309,227,50,107600,107600,169.0,4.5,350.0,26.373538005596394,8450.0,1,2,1,5.0,1,0,1,0,1.0,Trivial Many
309,469,41,50,107600,107600,159.0,4.0,228.0,21.73488801421696,7950.0,2,2,1,3.0,1,0,1,0,1.0,Trivial Many
310,6,11,50,107600,107600,155.0,4.4,25468.0,44.638956143434484,7750.0,2,2,1,4.0,1,0,0,0,1.0,Trivial Many
311,15,58,200,94300,107600,29.99,4.5,10433.0,41.63771242612052,5998.0,1,1,1,1.0,1,1,1,1,0.876394,Trivial Many
312,3,9,50,107600,107600,109.99,4.4,25468.0,44.638956143434484,5499.5,2,2,1,3.0,1,0,1,0,1.0,Trivial Many
313,423,176,50,107600,107600,84.99,4.2,260.0,23.370985710755313,4249.5,2,1,1,3.0,1,1,1,0,1.0,Trivial Many
314,416,330,0,107600,107600,327.99,4.1,298.0,23.371818650901815,0.0,2,4,1,3.0,1,1,1,0,1.0,Trivial Many
315,571,51,0,107600,107600,435.0,3.9,66.0,16.398301215624766,0.0,3,4,1,3.0,1,0,1,0,1.0,Trivial Many
316,432,241,0,107600,107600,399.99,4.6,140.0,22.764295495739574,0.0,1,4,1,5.0,1,0,1,0,1.0,Trivial Many
317,380,909,0,107600,107600,479.99,4.5,244.0,24.755661947451273,0.0,1,4,1,1.0,1,0,1,0,1.0,Trivial Many
318,755,219,0,107600,107600,1193.0,0.0,0.0,0.0,0.0,5,6,1,1.0,1,0,1,0,1.0,Trivial Many
319,745,900,0,107600,107600,1699.99,0.0,0.0,0.0,0.0,5,6,1,1.0,1,0,1,0,1.0,Trivial Many
320,726,959,0,107600,107600,1729.0,5.0,1.0,3.4657359027997265,0.0,1,6,1,1.0,1,0,1,0,1.0,Trivial Many
321,722,789,0,107600,107600,889.99,2.5,4.0,4.023594781085251,0.0,4,5,1,1.0,1,0,1,0,1.0,Trivial Many
322,711,935,0,107600,107600,869.99,5.0,4.0,8.047189562170502,0.0,1,5,1,1.0,1,0,1,0,1.0,Trivial Many
323,434,686,0,107600,107600,499.0,4.6,139.0,22.731555144002797,0.0,1,4,1,3.0,1,0,1,0,1.0,Trivial Many
324,440,692,0,107600,107600,425.93,4.6,139.0,22.731555144002797,0.0,1,4,1,3.0,1,0,1,0,1.0,Trivial Many
325,142,863,0,107600,107600,399.99,4.1,2035.0,31.236843748448692,0.0,2,4,1,1.0,1,0,1,0,1.0,Trivial Many
326,463,836,0,107600,107600,249.99,4.5,135.0,22.106946985812236,0.0,1,3,1,1.0,1,0,1,0,1.0,Trivial Many
327,520,683,0,107600,107600,1869.99,4.3,95.0,19.626697223311695,0.0,2,6,1,1.0,1,1,1,1,1.0,Trivial Many
328,598,452,0,107600,107600,1049.0,4.4,29.0,14.965268479313485,0.0,2,6,1,1.0,1,0,1,0,1.0,Trivial Many
329,612,403,0,107600,107600,269.0,3.7,52.0,14.690080080142852,0.0,3,3,1,3.0,1,0,1,0,1.0,Trivial Many
330,614,406,0,107600,107600,286.12,3.7,52.0,14.690080080142852,0.0,3,3,1,3.0,1,0,1,0,1.0,Trivial Many
331,618,410,0,107600,107600,304.78,3.7,52.0,14.690080080142852,0.0,3,4,1,3.0,1,0,1,0,1.0,Trivial Many
332,630,926,0,107600,107600,899.99,3.9,40.0,14.4829310601468,0.0,3,5,1,1.0,1,0,1,0,1.0,Trivial Many
333,637,865,0,107600,107600,599.99,4.2,28.0,14.142642485943192,0.0,2,5,1,1.0,1,0,1,0,1.0,Trivial Many
334,657,950,0,107600,107600,1099.99,4.2,22.0,13.16907570690243,0.0,2,6,1,1.0,1,0,1,0,1.0,Trivial Many
335,96,120,0,107600,107600,459.0,4.2,2839.0,33.39654919085206,0.0,2,4,1,3.0,1,0,1,0,1.0,Trivial Many
336,249,164,0,107600,107600,1100.0,4.0,1137.0,28.148110458745105,0.0,2,6,1,4.0,1,0,0,0,1.0,Trivial Many
337,169,729,0,107600,107600,273.0,4.2,1607.0,31.00753508890343,0.0,2,3,1,1.0,1,0,1,0,1.0,Trivial Many
338,164,739,0,107600,107600,299.0,4.2,1607.0,31.00753508890343,0.0,2,3,1,1.0,1,1,1,1,1.0,Trivial Many
339,64,43,0,107600,107600,259.99,4.3,3357.0,34.91213360184119,0.0,2,3,1,3.0,1,0,1,0,1.0,Trivial Many
340,76,79,0,107600,107600,509.95,4.4,2502.0,34.43107928229981,0.0,2,5,1,3.0,1,0,1,0,1.0,Trivial Many
341,280,239,0,107600,107600,382.35,4.4,455.0,26.938968361863303,0.0,2,4,1,5.0,1,1,1,1,1.0,Trivial Many
342,324,497,0,107600,107600,639.95,4.6,276.0,25.870480528461755,0.0,1,5,1,3.0,1,0,1,0,1.0,Trivial Many
343,338,482,0,107600,107600,479.0,4.6,276.0,25.870480528461755,0.0,1,4,1,3.0,1,0,1,0,1.0,Trivial Many
344,340,500,0,107600,107600,549.0,4.6,276.0,25.870480528461755,0.0,1,5,1,3.0,1,0,1,0,1.0,Trivial Many
345,344,654,0,107600,107600,614.99,4.6,276.0,25.870480528461755,0.0,1,5,1,5.0,1,0,1,0,1.0,Trivial Many
346,360,270,0,107600,107600,319.85,4.2,425.0,25.428645254331357,0.0,2,4,1,3.0,1,0,1,0,1.0,Trivial Many
347,372,318,0,107600,107600,279.99,4.1,449.0,25.047915089333898,0.0,2,3,1,3.0,1,0,1,0,1.0,Trivial Many
348,189,843,0,107600,107600,369.0,4.1,1496.0,29.975995376120476,0.0,2,4,1,1.0,1,0,1,0,1.0,Trivial Many
349,214,848,0,107600,107600,389.0,4.2,1020.0,29.099858836291595,0.0,2,4,1,1.0,1,0,1,0,1.0,Trivial Many
350,708,939,0,107600,107600,1569.99,5.0,4.0,8.047189562170502,0.0,1,6,1,1.0,1,0,1,0,1.0,Trivial Many
351,256,389,0,107600,107600,609.95,4.0,1137.0,28.148110458745105,0.0,2,5,1,3.0,1,0,1,0,1.0,Trivial Many
352,268,297,0,107600,107600,799.0,4.3,527.0,26.957114019936924,0.0,2,5,1,4.0,1,0,0,0,1.0,Trivial Many
353,473,307,0,107600,107600,319.29,4.2,166.0,21.495574012150374,0.0,2,4,1,3.0,1,1,1,0,1.0,Trivial Many
354,499,579,0,107600,107600,839.0,4.4,103.0,20.435319956222042,0.0,2,5,1,1.0,1,0,1,0,1.0,Trivial Many
355,516,891,0,107600,107600,649.99,4.7,67.0,19.831686214327704,0.0,1,5,1,1.0,1,0,1,0,1.0,Trivial Many
356,166,737,0,107600,107600,299.0,4.2,1607.0,31.00753508890343,0.0,2,3,1,1.0,1,0,1,0,1.0,Trivial Many
357,528,852,0,107600,107600,899.99,4.4,66.0,18.50064752532025,0.0,2,5,1,1.0,1,1,1,1,1.0,Trivial Many
358,553,787,0,107600,107600,1399.0,4.1,72.0,17.5908837087084,0.0,2,6,1,1.0,1,0,1,0,1.0,Trivial Many
359,558,807,0,107600,107600,769.99,4.2,57.0,17.05386064429496,0.0,2,5,1,1.0,1,0,1,0,1.0,Trivial Many
360,663,215,0,107600,107600,1989.0,4.1,21.0,12.673274058769096,0.0,2,6,1,1.0,1,0,1,0,1.0,Trivial Many
361,691,914,0,107600,107600,899.99,3.7,14.0,10.019785744078177,0.0,3,5,1,1.0,1,0,1,0,1.0,Trivial Many
362,705,817,0,107600,107600,2299.99,4.6,6.0,8.95118668565444,0.0,1,6,1,1.0,1,0,1,0,1.0,Trivial Many
95,127,25,300,87900,107600,299.0,3.9,3243.0,31.529793419417686,89700.0,3,3,1,3.0,0,1,1,1,0.816914,Trivial Many
96,35,417,400,82200,107600,222.19,4.4,4053.0,36.552821038852564,88876.0,2,3,1,1.0,1,1,1,1,0.763941,Vital Few
97,525,245,200,94300,107600,439.99,4.3,83.0,19.052512235026246,87998.0,2,4,1,3.0,1,1,1,0,0.876394,Trivial Many
98,34,123,500,79000,107600,168.96,4.4,4053.0,36.552821038852564,84480.0,2,2,1,1.0,1,1,1,1,0.734201,Vital Few
99,129,30,300,87900,107600,279.12,3.9,3243.0,31.529793419417686,83736.0,3,3,1,3.0,1,0,1,0,0.816914,Trivial Many
100,405,792,200,94300,107600,409.99,4.6,167.0,23.57023430525499,81998.0,1,4,1,5.0,1,0,1,0,0.876394,Trivial Many
101,18,21,500,79000,107600,162.99,4.3,12152.0,40.442924727044435,81495.0,2,2,1,4.0,1,0,1,0,0.734201,Vital Few
102,484,541,50,107600,107600,1624.99,4.2,156.0,21.236232382462894,81249.5,2,6,1,1.0,1,0,1,0,1.0,Trivial Many
103,20,284,2000,46000,107600,39.99,4.6,6212.0,40.17823609029299,79980.0,1,1,1,1.0,1,1,1,1,0.427509,Vital Few
104,529,519,100,101400,107600,789.99,4.4,66.0,18.50064752532025,78999.0,2,5,1,1.0,1,1,1,1,0.942379,Trivial Many
105,27,650,100,101400,107600,779.73,4.8,3577.0,39.27628446752959,77973.0,1,5,1,1.0,1,1,1,1,0.942379,Trivial Many
106,243,89,200,94300,107600,369.16,3.8,1699.0,28.265857414168366,73832.0,3,4,1,3.0,1,0,1,0,0.876394,Trivial Many
107,220,353,200,94300,107600,369.0,4.2,1020.0,29.099858836291595,73800.0,2,4,1,1.0,1,0,1,0,0.876394,Trivial Many
108,518,801,100,101400,107600,699.99,4.7,67.0,19.831686214327704,69999.0,1,5,1,1.0,1,0,1,0,0.942379,Trivial Many
109,265,230,500,79000,107600,139.69,4.3,529.0,26.973371128148518,69845.0,2,2,1,5.0,1,0,1,0,0.734201,Vital Few
110,454,758,50,107600,107600,1379.99,3.6,548.0,22.70915438943431,68999.5,3,6,1,1.0,1,1,1,1,1.0,Trivial Many
111,19,20,500,79000,107600,136.0,4.3,12152.0,40.442924727044435,68000.0,2,2,1,4.0,1,0,1,0,0.734201,Vital Few
112,300,266,100,101400,107600,669.95,4.3,520.0,26.899725179539477,66995.0,2,5,1,3.0,1,0,1,0,0.942379,Trivial Many
113,589,818,100,101400,107600,664.99,4.0,44.0,15.226649959081278,66499.0,2,5,1,1.0,1,1,1,1,0.942379,Trivial Many
114,144,185,200,94300,107600,329.85,4.3,1394.0,31.1347936852985,65970.0,2,4,1,3.0,1,0,1,0,0.876394,Trivial Many
115,138,115,1000,63000,107600,64.99,4.2,1802.0,31.488270337453937,64989.99999999999,2,1,1,3.0,1,0,1,0,0.585502,Vital Few
116,242,465,100,101400,107600,639.99,4.4,641.0,28.44418853623583,63999.0,2,5,1,1.0,1,0,1,0,0.942379,Trivial Many
117,393,260,100,101400,107600,639.99,3.7,722.0,24.35861412198743,63999.0,3,5,1,1.0,1,1,1,1,0.942379,Trivial Many
118,506,777,100,101400,107600,629.99,4.4,100.0,20.306530274101544,62999.0,2,5,1,1.0,1,0,1,0,0.942379,Trivial Many
119,481,633,50,107600,107600,1249.99,4.2,156.0,21.236232382462894,62499.5,2,6,1,1.0,1,0,1,0,1.0,Trivial Many
120,116,23,500,79000,107600,124.99,4.0,3521.0,32.667137156224605,62495.0,2,2,1,3.0,1,0,1,0,0.734201,Vital Few
121,311,943,100,101400,107600,619.99,4.5,345.0,26.308974487759762,61999.0,1,5,1,1.0,1,0,1,0,0.942379,Trivial Many
122,363,276,50,107600,107600,1239.57,4.5,270.0,25.209534693958656,61978.5,1,6,1,1.0,1,0,0,0,1.0,Trivial Many
123,365,473,100,101400,107600,618.99,4.1,458.0,25.129105861248235,61899.0,2,5,1,1.0,1,0,1,0,0.942379,Trivial Many
124,145,186,200,94300,107600,309.0,4.3,1394.0,31.1347936852985,61800.0,2,4,1,3.0,1,0,1,0,0.876394,Trivial Many
125,505,507,100,101400,107600,606.99,4.4,100.0,20.306530274101544,60699.0,2,5,1,1.0,1,0,1,0,0.942379,Trivial Many
126,548,733,100,101400,107600,598.49,4.0,82.0,17.675362431186393,59849.0,2,5,1,1.0,1,1,1,1,0.942379,Trivial Many
127,239,99,1000,63000,107600,58.91,4.1,1088.0,28.671362004025134,58910.0,2,1,1,3.0,1,0,1,0,0.585502,Vital Few
128,673,653,100,101400,107600,588.99,4.0,16.0,11.332853376224865,58899.0,2,5,1,1.0,1,1,1,1,0.942379,Trivial Many
129,511,178,200,94300,107600,291.85,4.0,153.0,20.147810409654518,58370.00000000001,2,3,1,3.0,1,1,1,0,0.876394,Trivial Many
130,489,850,50,107600,107600,1159.99,4.4,121.0,21.13769259682633,57999.5,2,6,1,1.0,1,1,1,1,1.0,Trivial Many
131,51,101,200,94300,107600,289.0,4.2,4912.0,35.69848813510832,57800.0,2,3,1,3.0,1,0,1,0,0.876394,Trivial Many
132,602,669,50,107600,107600,1150.0,4.1,37.0,14.91410325487818,57500.0,2,6,1,1.0,1,0,1,0,1.0,Trivial Many
133,556,760,100,101400,107600,567.98,4.4,51.0,17.385472361758282,56798.0,2,5,1,1.0,1,0,1,0,0.942379,Trivial Many
134,58,104,200,94300,107600,279.0,4.2,4912.0,35.69848813510832,55800.0,2,3,1,3.0,1,0,1,0,0.876394,Trivial Many
135,274,129,100,101400,107600,554.99,4.3,527.0,26.957114019936924,55499.0,2,5,1,3.0,1,0,1,0,0.942379,Trivial Many
136,550,590,50,107600,107600,1099.99,4.4,54.0,17.632266015022875,54999.5,2,6,1,1.0,1,0,1,0,1.0,Trivial Many
137,521,631,100,101400,107600,549.99,4.3,95.0,19.626697223311695,54999.0,2,5,1,1.0,1,1,1,1,0.942379,Trivial Many
138,98,160,100,101400,107600,549.0,4.2,2839.0,33.39654919085206,54900.0,2,5,1,3.0,1,0,1,0,0.942379,Trivial Many
139,253,162,50,107600,107600,1089.0,4.0,1137.0,28.148110458745105,54450.0,2,6,1,,1,0,0,0,1.0,Trivial Many
140,671,888,50,107600,107600,1069.98,3.8,22.0,11.914878020530768,53499.0,3,6,1,1.0,1,0,1,0,1.0,Trivial Many
141,212,546,100,101400,107600,529.99,4.3,882.0,29.168298362597024,52999.0,2,5,1,1.0,1,1,1,1,0.942379,Trivial Many
142,687,672,50,107600,107600,1049.99,4.1,11.0,10.1881172641308,52499.5,2,6,1,1.0,1,0,1,0,1.0,Trivial Many
143,204,531,50,107600,107600,1049.99,4.5,713.0,29.568973330528127,52499.5,1,6,1,1.0,1,0,1,0,1.0,Trivial Many
144,549,555,100,101400,107600,522.49,4.0,82.0,17.675362431186393,52249.0,2,5,1,1.0,1,1,1,1,0.942379,Trivial Many
145,394,154,300,87900,107600,171.74,4.2,321.0,24.253116491286516,51522.0,2,2,1,3.0,1,0,1,0,0.816914,Trivial Many
146,381,612,100,101400,107600,507.99,4.5,244.0,24.755661947451273,50799.0,1,5,1,1.0,1,0,1,0,0.942379,Trivial Many
147,230,428,100,101400,107600,505.0,4.2,984.0,28.949094892922776,50500.0,2,5,1,1.0,1,0,1,0,0.942379,Trivial Many
148,530,442,100,101400,107600,503.49,4.0,100.0,18.46048206736504,50349.0,2,5,1,1.0,1,1,1,1,0.942379,Trivial Many
149,655,878,100,101400,107600,499.99,4.6,17.0,13.295710086322355,49999.0,1,4,1,1.0,1,0,1,0,0.942379,Trivial Many
150,670,887,50,107600,107600,989.98,3.8,22.0,11.914878020530768,49499.0,3,5,1,1.0,1,0,1,0,1.0,Trivial Many
151,536,460,50,107600,107600,979.95,4.4,61.0,18.159391294198404,48997.5,2,5,1,1.0,1,1,1,1,1.0,Trivial Many
152,74,87,100,101400,107600,489.95,4.4,2502.0,34.43107928229981,48995.0,2,4,1,3.0,1,0,1,0,0.942379,Trivial Many
153,364,474,100,101400,107600,479.99,4.1,458.0,25.129105861248235,47999.0,2,4,1,1.0,1,0,1,0,0.942379,Trivial Many
154,63,40,200,94300,107600,239.38,4.3,3357.0,34.91213360184119,47876.0,2,3,1,4.0,1,0,1,0,0.876394,Trivial Many
155,13,392,200,94300,107600,237.71,4.4,20723.0,43.73181000291259,47542.0,2,3,1,1.0,1,1,1,1,0.876394,Trivial Many
156,12,390,200,94300,107600,237.71,4.4,20723.0,43.73181000291259,47542.0,2,3,1,1.0,1,1,1,1,0.876394,Trivial Many
157,631,551,100,101400,107600,474.99,3.9,39.0,14.38662987104435,47499.0,3,4,1,1.0,1,1,1,1,0.942379,Trivial Many
158,534,734,100,101400,107600,474.99,4.0,93.0,18.173179129080015,47499.0,2,4,1,1.0,1,1,1,1,0.942379,Trivial Many
159,231,172,50,107600,107600,949.0,4.2,964.0,28.86293802562374,47450.0,2,5,1,1.0,1,0,1,0,1.0,Trivial Many
160,387,363,100,101400,107600,469.9,4.1,385.0,24.418933214805804,46990.0,2,4,1,3.0,1,0,1,0,0.942379,Trivial Many
161,4,8,300,87900,107600,154.44,4.4,25468.0,44.638956143434484,46332.0,2,2,1,4.0,1,0,1,0,0.816914,Trivial Many
162,106,387,100,101400,107600,459.96,4.2,2839.0,33.39654919085206,45996.0,2,4,1,3.0,1,0,1,0,0.942379,Trivial Many
163,541,112,50,107600,107600,899.99,4.1,81.0,18.067548913783437,44999.5,2,5,1,3.0,1,0,1,0,1.0,Trivial Many
164,672,919,50,107600,107600,899.99,4.6,11.0,11.4305705890248,44999.5,1,5,1,1.0,1,1,1,1,1.0,Trivial Many
165,596,535,50,107600,107600,899.0,4.3,32.0,15.034982514305865,44950.0,2,5,1,1.0,1,0,1,0,1.0,Trivial Many
166,236,174,50,107600,107600,889.0,4.2,964.0,28.86293802562374,44450.0,2,5,1,1.0,1,0,1,0,1.0,Trivial Many
167,93,395,200,94300,107600,219.99,4.1,3698.0,33.684852946513054,43998.0,2,3,1,1.0,1,0,1,0,0.876394,Trivial Many
168,526,357,100,101400,107600,424.09,3.5,216.0,18.82964073739161,42409.0,3,4,1,3.0,1,1,1,0,0.942379,Trivial Many
169,546,151,100,101400,107600,418.99,4.3,61.0,17.746677855693893,41899.0,2,4,1,3.0,0,1,1,1,0.942379,Trivial Many
170,370,477,50,107600,107600,819.0,4.1,458.0,25.129105861248235,40950.0,2,5,1,1.0,1,0,1,0,1.0,Trivial Many
171,308,231,200,94300,107600,200.5,4.5,350.0,26.373538005596394,40100.0,1,3,3,,1,1,0,1,0.876394,Trivial Many
172,666,825,100,101400,107600,399.99,4.4,15.0,12.199390377855037,39999.0,2,4,1,1.0,1,0,1,0,0.942379,Trivial Many
173,148,189,100,101400,107600,399.42,4.3,1394.0,31.1347936852985,39942.0,2,4,1,3.0,0,0,1,0,0.942379,Trivial Many
174,262,521,100,101400,107600,398.95,4.3,608.0,27.570818551152556,39895.0,2,4,1,1.0,1,0,1,0,0.942379,Trivial Many
175,446,699,100,101400,107600,394.97,4.6,139.0,22.731555144002797,39497.0,1,4,1,3.0,1,0,1,0,0.942379,Trivial Many
176,24,643,50,107600,107600,789.0,4.8,3577.0,39.27628446752959,39450.0,1,5,1,1.0,1,1,1,1,1.0,Trivial Many
177,238,137,500,79000,107600,78.0,4.1,1088.0,28.671362004025134,39000.0,2,1,1,3.0,1,0,1,0,0.734201,Vital Few
178,267,296,50,107600,107600,779.99,4.3,527.0,26.957114019936924,38999.5,2,5,1,3.0,1,1,1,0,1.0,Trivial Many
179,269,298,50,107600,107600,775.99,4.3,527.0,26.957114019936924,38799.5,2,5,1,3.0,1,1,1,0,1.0,Trivial Many
180,498,359,50,107600,107600,769.0,4.4,103.0,20.435319956222042,38450.0,2,5,1,1.0,1,0,1,0,1.0,Trivial Many
181,406,796,100,101400,107600,379.99,4.6,167.0,23.57023430525499,37999.0,1,4,1,5.0,1,0,1,0,0.942379,Trivial Many
182,119,155,500,79000,107600,75.0,4.0,3247.0,32.34317880512627,37500.0,2,1,1,3.0,1,0,1,0,0.734201,Vital Few
183,123,662,50,107600,107600,749.99,4.5,1308.0,32.29658444659455,37499.5,1,5,1,1.0,1,0,1,0,1.0,Trivial Many
184,538,140,50,107600,107600,749.95,4.4,61.0,18.159391294198404,37497.5,2,5,1,1.0,1,0,1,0,1.0,Trivial Many
185,517,893,50,107600,107600,739.99,4.7,67.0,19.831686214327704,36999.5,1,5,1,1.0,1,0,1,0,1.0,Trivial Many
186,141,83,500,79000,107600,73.97,4.2,1802.0,31.488270337453937,36985.0,2,1,1,3.0,1,0,1,0,0.734201,Vital Few
187,367,471,50,107600,107600,719.0,4.1,458.0,25.129105861248235,35950.0,2,5,1,1.0,1,0,1,0,1.0,Trivial Many
188,227,808,100,101400,107600,350.0,4.4,734.0,29.039430196536482,35000.0,2,4,1,1.0,1,0,1,0,0.942379,Trivial Many
189,693,639,50,107600,107600,699.99,4.3,9.0,9.901115899874396,34999.5,2,5,1,1.0,1,1,1,1,1.0,Trivial Many
190,291,288,50,107600,107600,699.95,4.3,520.0,26.899725179539477,34997.5,2,5,1,3.0,1,0,1,0,1.0,Trivial Many
191,154,274,100,101400,107600,349.0,4.3,1394.0,31.1347936852985,34900.0,2,4,1,3.0,1,0,1,0,0.942379,Trivial Many
192,136,66,50,107600,107600,689.0,3.9,3243.0,31.529793419417686,34450.0,3,5,1,4.0,1,0,0,0,1.0,Trivial Many
193,366,472,50,107600,107600,689.0,4.1,458.0,25.129105861248235,34450.0,2,5,1,1.0,1,0,1,0,1.0,Trivial Many
194,359,269,100,101400,107600,342.3,4.2,425.0,25.428645254331357,34230.0,2,4,1,3.0,1,0,1,0,0.942379,Trivial Many
195,228,35,50,107600,107600,680.0,4.2,984.0,28.949094892922776,34000.0,2,5,1,1.0,1,0,1,0,1.0,Trivial Many
196,49,103,100,101400,107600,339.0,4.2,4912.0,35.69848813510832,33900.0,2,4,1,3.0,1,0,1,0,0.942379,Trivial Many
197,296,281,50,107600,107600,659.96,4.3,520.0,26.899725179539477,32998.0,2,5,1,3.0,1,0,1,0,1.0,Trivial Many
198,371,7,300,87900,107600,109.99,4.2,394.0,25.11132021258471,32997.0,2,2,1,3.0,1,0,1,0,0.816914,Trivial Many
199,147,188,100,101400,107600,329.0,4.3,1394.0,31.1347936852985,32900.0,2,4,1,3.0,1,0,1,0,0.942379,Trivial Many
200,573,830,200,94300,107600,163.33,3.9,61.0,16.095824101675856,32666.000000000004,3,2,1,3.0,0,0,1,0,0.876394,Trivial Many
201,570,681,50,107600,107600,649.0,5.0,27.0,16.66102255087602,32450.0,1,5,1,3.0,1,0,1,0,1.0,Trivial Many
202,628,925,50,107600,107600,639.99,3.9,40.0,14.4829310601468,31999.5,3,5,1,1.0,1,0,1,0,1.0,Trivial Many
203,472,308,100,101400,107600,319.0,4.2,166.0,21.495574012150374,31900.0,2,4,1,3.0,0,0,1,0,0.942379,Trivial Many
204,379,611,50,107600,107600,635.0,4.5,244.0,24.755661947451273,31750.0,1,5,1,1.0,1,0,1,0,1.0,Trivial Many
205,210,466,50,107600,107600,629.99,4.3,882.0,29.168298362597024,31499.5,2,5,1,1.0,1,1,1,1,1.0,Trivial Many
206,567,544,50,107600,107600,612.0,4.0,68.0,16.93642601838904,30600.0,2,5,1,1.0,1,1,1,1,1.0,Trivial Many
207,396,820,100,101400,107600,305.1,4.2,276.0,23.620873525986823,30510.000000000004,2,4,1,1.0,1,0,1,0,0.942379,Trivial Many
208,397,821,100,101400,107600,305.1,4.2,276.0,23.620873525986823,30510.000000000004,2,4,1,1.0,1,0,1,0,0.942379,Trivial Many
209,398,822,100,101400,107600,305.1,4.2,276.0,23.620873525986823,30510.000000000004,2,4,1,1.0,1,0,1,0,0.942379,Trivial Many
210,574,785,50,107600,107600,599.99,4.0,52.0,15.881167654208488,29999.5,2,5,1,1.0,1,0,1,0,1.0,Trivial Many
211,568,747,50,107600,107600,599.99,4.1,61.0,16.921250978684874,29999.5,2,5,1,1.0,1,1,1,1,1.0,Trivial Many
212,208,158,100,101400,107600,299.99,3.7,2890.0,29.48662364546048,29999.0,3,3,1,3.0,1,0,1,0,0.942379,Trivial Many
213,301,287,50,107600,107600,599.95,4.3,520.0,26.899725179539477,29997.500000000004,2,5,1,3.0,1,0,1,0,1.0,Trivial Many
214,137,61,50,107600,107600,599.0,3.9,3243.0,31.529793419417686,29950.0,3,5,1,4.0,1,0,0,0,1.0,Trivial Many
215,88,370,100,101400,107600,299.0,4.1,3698.0,33.684852946513054,29900.0,2,3,1,1.0,1,1,1,1,0.942379,Trivial Many
216,55,95,100,101400,107600,297.0,4.2,4912.0,35.69848813510832,29700.0,2,3,1,3.0,1,0,1,0,0.942379,Trivial Many
217,95,388,50,107600,107600,589.0,4.2,2839.0,33.39654919085206,29450.0,2,5,1,3.0,1,0,1,0,1.0,Trivial Many
218,508,598,50,107600,107600,581.99,4.4,100.0,20.306530274101544,29099.5,2,5,1,1.0,1,0,1,0,1.0,Trivial Many
219,342,502,50,107600,107600,579.95,4.6,276.0,25.870480528461755,28997.500000000004,1,5,1,3.0,1,0,1,0,1.0,Trivial Many
220,132,52,100,101400,107600,289.6,3.9,3243.0,31.529793419417686,28960.000000000004,3,3,1,3.0,1,0,1,0,0.942379,Trivial Many
221,275,145,50,107600,107600,575.0,4.3,527.0,26.957114019936924,28750.0,2,5,1,3.0,0,0,1,0,1.0,Trivial Many
222,425,264,100,101400,107600,286.67,4.0,308.0,22.933365107590983,28667.0,2,3,1,3.0,1,0,1,0,0.942379,Trivial Many
223,523,315,50,107600,107600,569.99,3.7,191.0,19.452732876502793,28499.5,3,5,1,3.0,1,0,1,0,1.0,Trivial Many
224,264,776,50,107600,107600,560.49,3.7,1583.0,27.260521717785174,28024.5,3,5,1,1.0,1,1,1,1,1.0,Trivial Many
225,531,446,50,107600,107600,559.99,4.0,100.0,18.46048206736504,27999.5,2,5,1,1.0,1,1,1,1,1.0,Trivial Many
226,460,833,100,101400,107600,279.99,4.5,135.0,22.106946985812236,27999.0,1,3,1,1.0,1,0,1,0,0.942379,Trivial Many
227,56,94,100,101400,107600,279.0,4.2,4912.0,35.69848813510832,27900.0,2,3,1,3.0,1,0,1,0,0.942379,Trivial Many
228,587,866,50,107600,107600,549.99,4.2,37.0,15.27786187085082,27499.5,2,5,1,1.0,1,0,1,1,1.0,Trivial Many
229,635,756,50,107600,107600,549.99,4.2,28.0,14.142642485943192,27499.5,2,5,1,1.0,1,0,1,0,1.0,Trivial Many
230,392,668,50,107600,107600,544.99,3.7,722.0,24.35861412198743,27249.5,3,5,1,1.0,1,1,1,1,1.0,Trivial Many
231,252,167,50,107600,107600,543.4,4.0,1137.0,28.148110458745105,27170.0,2,5,1,4.0,1,0,1,0,1.0,Trivial Many
232,615,407,100,101400,107600,269.0,3.7,52.0,14.690080080142852,26900.0,3,3,1,3.0,1,0,1,0,0.942379,Trivial Many
233,197,847,50,107600,107600,529.0,4.1,1496.0,29.975995376120476,26450.0,2,5,1,1.0,1,0,1,0,1.0,Trivial Many
234,466,839,100,101400,107600,251.99,4.5,135.0,22.106946985812236,25199.0,1,3,1,1.0,1,0,1,0,0.942379,Trivial Many
235,240,506,50,107600,107600,500.0,4.4,641.0,28.44418853623583,25000.0,2,4,1,1.0,1,0,1,0,1.0,Trivial Many
236,85,375,100,101400,107600,245.0,4.1,3698.0,33.684852946513054,24500.0,2,3,1,1.0,1,0,1,0,0.942379,Trivial Many
237,569,812,50,107600,107600,488.88,4.1,60.0,16.854582843110574,24444.0,2,4,1,1.0,1,0,1,0,1.0,Trivial Many
238,80,75,50,107600,107600,479.95,4.4,2502.0,34.43107928229981,23997.5,2,4,1,3.0,1,0,1,0,1.0,Trivial Many
239,259,382,50,107600,107600,479.0,4.3,608.0,27.570818551152556,23950.0,2,4,1,,1,0,0,0,1.0,Trivial Many
240,247,91,50,107600,107600,479.0,3.8,1699.0,28.265857414168366,23950.0,3,4,1,3.0,1,0,1,0,1.0,Trivial Many
241,487,420,50,107600,107600,474.99,3.8,264.0,21.202973338747643,23749.5,3,4,1,1.0,1,1,1,1,1.0,Trivial Many
242,118,67,100,101400,107600,234.99,3.9,4033.0,32.37980350220521,23499.0,3,3,1,3.0,1,1,1,0,0.942379,Trivial Many
243,75,82,50,107600,107600,469.95,4.4,2502.0,34.43107928229981,23497.5,2,4,1,3.0,1,0,1,0,1.0,Trivial Many
244,331,493,50,107600,107600,459.0,4.6,276.0,25.870480528461755,22950.0,1,4,1,3.0,1,0,1,0,1.0,Trivial Many
245,678,80,50,107600,107600,455.0,4.4,11.0,10.933589259067203,22750.0,2,4,1,4.0,1,0,0,0,1.0,Trivial Many
246,41,111,50,107600,107600,455.0,4.2,4912.0,35.69848813510832,22750.0,2,4,1,4.0,1,0,0,0,1.0,Trivial Many
247,83,72,50,107600,107600,449.95,4.4,2502.0,34.43107928229981,22497.5,2,4,1,3.0,1,0,1,0,1.0,Trivial Many
248,81,70,50,107600,107600,448.95,4.4,2502.0,34.43107928229981,22447.5,2,4,1,3.0,1,0,1,0,1.0,Trivial Many
249,14,416,100,101400,107600,220.49,4.4,20723.0,43.73181000291259,22049.0,2,3,1,1.0,1,1,1,1,0.942379,Trivial Many
250,115,4,200,94300,107600,109.0,4.0,3562.0,32.713432662423344,21800.0,2,2,1,3.0,1,0,1,0,0.876394,Trivial Many
251,260,383,50,107600,107600,434.99,4.3,608.0,27.570818551152556,21749.5,2,4,1,1.0,1,0,1,0,1.0,Trivial Many
252,706,205,50,107600,107600,409.98,4.7,5.0,8.421269505371859,20499.0,1,4,1,1.0,1,0,1,0,1.0,Trivial Many
253,452,684,50,107600,107600,409.0,4.6,139.0,22.731555144002797,20450.0,1,4,1,3.0,1,0,1,0,1.0,Trivial Many
254,140,134,300,87900,107600,68.0,4.2,1802.0,31.488270337453937,20400.0,2,1,1,3.0,1,0,1,0,0.816914,Trivial Many
255,349,183,50,107600,107600,407.99,4.2,457.0,25.73285057327958,20399.5,2,4,1,3.0,1,1,1,0,1.0,Trivial Many
256,171,142,50,107600,107600,403.0,3.9,2616.0,30.692157219867568,20150.0,3,4,1,3.0,1,0,1,0,1.0,Trivial Many
257,149,192,50,107600,107600,399.45,4.3,1394.0,31.1347936852985,19972.5,2,4,1,3.0,1,0,1,0,1.0,Trivial Many
258,54,96,50,107600,107600,399.03,4.2,4912.0,35.69848813510832,19951.5,2,4,1,3.0,1,0,1,0,1.0,Trivial Many
259,320,478,50,107600,107600,399.0,4.6,276.0,25.870480528461755,19950.0,1,4,1,2.0,1,0,1,0,1.0,Trivial Many
260,46,119,50,107600,107600,399.0,4.2,4912.0,35.69848813510832,19950.0,2,4,1,3.0,1,0,1,0,1.0,Trivial Many
261,358,33,100,101400,107600,198.99,3.8,837.0,25.577868781831913,19899.0,3,2,1,3.0,1,0,1,0,0.942379,Trivial Many
262,156,262,50,107600,107600,395.25,4.3,1394.0,31.1347936852985,19762.5,2,4,1,3.0,1,0,1,0,1.0,Trivial Many
263,39,105,50,107600,107600,389.0,4.2,4912.0,35.69848813510832,19450.0,2,4,1,4.0,1,0,0,0,1.0,Trivial Many
264,143,184,50,107600,107600,389.0,4.3,1394.0,31.1347936852985,19450.0,2,4,1,3.0,1,0,1,0,1.0,Trivial Many
265,449,702,50,107600,107600,388.11,4.6,139.0,22.731555144002797,19405.5,1,4,1,3.0,1,0,1,0,1.0,Trivial Many
266,146,187,50,107600,107600,386.17,4.3,1394.0,31.1347936852985,19308.5,2,4,1,3.0,0,1,1,1,1.0,Trivial Many
267,395,84,50,107600,107600,385.99,4.1,353.0,24.064117343848473,19299.5,2,4,1,3.0,1,0,1,0,1.0,Trivial Many
268,391,897,50,107600,107600,379.0,4.3,290.0,24.395290048837417,18950.0,2,4,1,1.0,1,0,1,0,1.0,Trivial Many
269,134,60,50,107600,107600,372.0,3.9,3243.0,31.529793419417686,18600.0,3,4,1,4.0,1,0,1,0,1.0,Trivial Many
270,401,798,50,107600,107600,369.99,4.6,167.0,23.57023430525499,18499.5,1,4,1,5.0,1,0,1,0,1.0,Trivial Many
271,424,138,200,94300,107600,90.0,4.2,260.0,23.370985710755313,18000.0,2,1,1,3.0,1,0,1,0,0.876394,Trivial Many
272,133,56,50,107600,107600,349.08,3.9,3243.0,31.529793419417686,17454.0,3,4,1,3.0,1,0,1,0,1.0,Trivial Many
273,43,114,50,107600,107600,349.0,4.2,4912.0,35.69848813510832,17450.0,2,4,1,3.0,1,0,1,0,1.0,Trivial Many
274,38,12,50,107600,107600,349.0,4.3,4204.0,35.87932716135031,17450.0,2,4,1,4.0,1,0,0,0,1.0,Trivial Many
275,44,116,50,107600,107600,347.0,4.2,4912.0,35.69848813510832,17350.0,2,4,1,3.0,1,0,1,0,1.0,Trivial Many
276,53,98,50,107600,107600,344.0,4.2,4912.0,35.69848813510832,17200.0,2,4,1,3.0,1,0,1,0,1.0,Trivial Many
277,361,271,50,107600,107600,341.5,4.2,425.0,25.428645254331357,17075.0,2,4,1,3.0,1,0,1,0,1.0,Trivial Many
278,285,226,50,107600,107600,341.18,4.4,455.0,26.938968361863303,17059.0,2,4,1,,1,1,0,1,1.0,Trivial Many
279,438,690,50,107600,107600,339.85,4.6,139.0,22.731555144002797,16992.5,1,4,1,3.0,1,0,1,0,1.0,Trivial Many
280,61,37,100,101400,107600,169.0,4.3,3357.0,34.91213360184119,16900.0,2,2,1,,1,0,0,0,0.942379,Trivial Many
281,565,311,50,107600,107600,332.29,3.9,77.0,16.99116442408941,16614.5,3,4,1,3.0,1,0,1,0,1.0,Trivial Many
282,245,86,50,107600,107600,319.0,3.8,1699.0,28.265857414168366,15950.0,3,4,1,3.0,1,1,1,0,1.0,Trivial Many
283,42,113,50,107600,107600,318.0,4.2,4912.0,35.69848813510832,15900.0,2,4,1,3.0,1,0,1,0,1.0,Trivial Many
363,721,667,0,107600,107600,1349.95,4.5,2.0,4.943755299006494,0.0,1,6,1,1.0,1,0,1,0,1.0,Trivial Many
364,427,358,0,107600,107600,289.99,4.0,307.0,22.920399131894296,0.0,2,3,1,3.0,1,1,1,0,1.0,Trivial Many
365,422,324,0,107600,107600,370.0,4.1,298.0,23.371818650901815,0.0,2,4,1,3.0,1,0,1,0,1.0,Trivial Many
366,420,326,0,107600,107600,255.0,4.1,298.0,23.371818650901815,0.0,2,3,1,3.0,1,0,1,0,1.0,Trivial Many
367,411,922,0,107600,107600,659.99,4.0,354.0,23.488471157901664,0.0,2,5,1,1.0,1,0,1,0,1.0,Trivial Many
368,384,364,0,107600,107600,421.11,4.1,385.0,24.418933214805804,0.0,2,4,1,3.0,1,0,1,0,1.0,Trivial Many
369,754,220,0,107600,107600,1249.0,0.0,0.0,0.0,0.0,5,6,1,1.0,1,0,1,0,1.0,Trivial Many
370,750,934,0,107600,107600,729.99,0.0,0.0,0.0,0.0,5,5,1,1.0,1,0,1,0,1.0,Trivial Many
371,747,911,0,107600,107600,1549.0,0.0,0.0,0.0,0.0,5,6,1,1.0,1,0,1,0,1.0,Trivial Many
372,740,901,0,107600,107600,1499.99,0.0,0.0,0.0,0.0,5,6,1,1.0,1,0,1,0,1.0,Trivial Many
373,738,813,0,107600,107600,949.99,0.0,0.0,0.0,0.0,5,5,1,1.0,1,0,1,0,1.0,Trivial Many
374,734,779,0,107600,107600,779.99,0.0,0.0,0.0,0.0,5,5,1,1.0,1,0,1,0,1.0,Trivial Many
375,729,679,0,107600,107600,911.24,5.0,1.0,3.4657359027997265,0.0,1,5,1,1.0,1,0,1,0,1.0,Trivial Many
376,724,336,0,107600,107600,449.0,5.0,1.0,3.4657359027997265,0.0,1,4,1,1.0,1,0,1,0,1.0,Trivial Many
377,430,512,0,107600,107600,519.99,4.6,140.0,22.764295495739574,0.0,1,5,1,5.0,1,0,1,0,1.0,Trivial Many
378,720,763,0,107600,107600,895.0,5.0,2.0,5.493061443340549,0.0,1,5,1,,1,0,0,0,1.0,Trivial Many
379,718,764,0,107600,107600,733.0,5.0,3.0,6.931471805599453,0.0,1,5,1,1.0,1,0,1,0,1.0,Trivial Many
380,713,530,0,107600,107600,1121.24,5.0,4.0,8.047189562170502,0.0,1,6,1,1.0,1,0,1,0,1.0,Trivial Many
381,707,940,0,107600,107600,999.99,5.0,4.0,8.047189562170502,0.0,1,5,1,1.0,1,0,1,0,1.0,Trivial Many
382,704,868,0,107600,107600,459.99,5.0,5.0,8.958797346140274,0.0,1,4,1,1.0,1,0,1,1,1.0,Trivial Many
383,703,861,0,107600,107600,268.88,5.0,5.0,8.958797346140274,0.0,1,3,1,1.0,1,0,1,0,1.0,Trivial Many
384,700,876,0,107600,107600,797.05,4.1,9.0,9.440598881275587,0.0,2,5,1,1.0,1,0,1,1,1.0,Trivial Many
385,698,905,0,107600,107600,1399.0,4.1,9.0,9.440598881275587,0.0,2,6,1,1.0,1,0,1,0,1.0,Trivial Many
386,696,752,0,107600,107600,449.99,4.6,7.0,9.565431091727243,0.0,1,4,1,1.0,1,0,1,0,1.0,Trivial Many
387,685,517,0,107600,107600,1119.99,4.5,9.0,10.361632918473207,0.0,1,6,1,1.0,1,0,1,0,1.0,Trivial Many
388,667,824,0,107600,107600,699.99,4.4,15.0,12.199390377855037,0.0,2,5,1,1.0,1,0,1,0,1.0,Trivial Many
389,561,803,0,107600,107600,1119.99,4.2,57.0,17.05386064429496,0.0,2,6,1,1.0,1,0,1,0,1.0,Trivial Many
390,610,401,0,107600,107600,279.0,3.7,52.0,14.690080080142852,0.0,3,3,1,3.0,1,0,1,0,1.0,Trivial Many
391,659,951,0,107600,107600,1399.99,4.2,22.0,13.16907570690243,0.0,2,6,1,1.0,1,0,1,0,1.0,Trivial Many
392,652,600,0,107600,107600,1458.99,4.2,23.0,13.347826087461373,0.0,2,6,1,1.0,1,0,1,0,1.0,Trivial Many
393,650,601,0,107600,107600,1789.99,4.2,23.0,13.347826087461373,0.0,2,6,1,1.0,1,0,1,0,1.0,Trivial Many
394,645,856,0,107600,107600,1199.98,3.9,31.0,13.516370020918933,0.0,3,6,1,1.0,1,0,1,0,1.0,Trivial Many
395,640,781,0,107600,107600,1259.99,4.5,20.0,13.700350969755403,0.0,1,6,1,1.0,1,0,1,0,1.0,Trivial Many
396,633,92,0,107600,107600,579.95,4.2,29.0,14.285029002981053,0.0,2,5,1,3.0,1,0,1,0,1.0,Trivial Many
397,629,924,0,107600,107600,759.99,3.9,40.0,14.4829310601468,0.0,3,5,1,1.0,1,0,1,0,1.0,Trivial Many
398,627,144,0,107600,107600,669.99,4.4,27.0,14.661699844770897,0.0,2,5,1,9.0,0,0,1,0,1.0,Trivial Many
399,625,396,0,107600,107600,330.05,3.7,52.0,14.690080080142852,0.0,3,4,1,3.0,1,0,1,0,1.0,Trivial Many
400,620,412,0,107600,107600,322.03,3.7,52.0,14.690080080142852,0.0,3,4,1,3.0,1,0,1,0,1.0,Trivial Many
401,613,404,0,107600,107600,332.03,3.7,52.0,14.690080080142852,0.0,3,4,1,3.0,1,0,1,0,1.0,Trivial Many
402,611,402,0,107600,107600,289.0,3.7,52.0,14.690080080142852,0.0,3,3,1,3.0,1,0,1,0,1.0,Trivial Many
403,555,782,0,107600,107600,849.99,4.3,57.0,17.459904945349603,0.0,2,5,1,1.0,1,0,1,0,1.0,Trivial Many
404,607,456,0,107600,107600,999.99,4.4,28.0,14.816101651940487,0.0,2,5,1,8.0,0,0,1,0,1.0,Trivial Many
405,605,553,0,107600,107600,1195.0,4.4,28.0,14.816101651940487,0.0,2,6,1,1.0,1,0,1,0,1.0,Trivial Many
406,603,457,0,107600,107600,1299.0,4.4,28.0,14.816101651940487,0.0,2,6,1,1.0,1,0,1,0,1.0,Trivial Many
407,592,773,0,107600,107600,859.97,4.3,32.0,15.034982514305865,0.0,2,5,1,8.0,0,0,1,0,1.0,Trivial Many
408,575,784,0,107600,107600,589.99,4.0,52.0,15.881167654208488,0.0,2,5,1,1.0,1,0,1,0,1.0,Trivial Many
409,467,440,0,107600,107600,580.0,4.3,166.0,22.007373393392047,0.0,2,5,1,1.0,1,0,1,0,1.0,Trivial Many
410,462,835,0,107600,107600,319.99,4.5,135.0,22.106946985812236,0.0,1,4,1,1.0,1,0,1,0,1.0,Trivial Many
411,459,832,0,107600,107600,249.99,4.5,135.0,22.106946985812236,0.0,1,3,1,1.0,1,0,1,0,1.0,Trivial Many
412,451,704,0,107600,107600,599.0,4.6,139.0,22.731555144002797,0.0,1,5,1,3.0,1,0,1,0,1.0,Trivial Many
413,442,694,0,107600,107600,630.41,4.6,139.0,22.731555144002797,0.0,1,5,1,3.0,1,0,1,0,1.0,Trivial Many
414,433,697,0,107600,107600,709.97,4.6,139.0,22.731555144002797,0.0,1,5,1,3.0,1,0,1,0,1.0,Trivial Many
415,431,244,0,107600,107600,309.99,4.6,140.0,22.764295495739574,0.0,1,4,1,5.0,1,0,1,0,1.0,Trivial Many
416,163,740,0,107600,107600,349.0,4.2,1607.0,31.00753508890343,0.0,2,4,1,1.0,1,0,1,0,1.0,Trivial Many
417,354,209,0,107600,107600,291.0,4.2,444.0,25.61191198509821,0.0,2,3,1,8.0,0,0,1,0,1.0,Trivial Many
418,346,504,0,107600,107600,1449.0,4.6,276.0,25.870480528461755,0.0,1,6,1,4.0,1,0,0,0,1.0,Trivial Many
419,339,481,0,107600,107600,689.95,4.6,276.0,25.870480528461755,0.0,1,5,1,3.0,1,0,1,0,1.0,Trivial Many
420,337,483,0,107600,107600,619.95,4.6,276.0,25.870480528461755,0.0,1,5,1,3.0,1,0,1,0,1.0,Trivial Many
421,336,484,0,107600,107600,1299.0,4.6,276.0,25.870480528461755,0.0,1,6,1,4.0,1,0,0,0,1.0,Trivial Many
422,333,487,0,107600,107600,970.0,4.6,276.0,25.870480528461755,0.0,1,5,1,4.0,1,0,0,0,1.0,Trivial Many
423,330,490,0,107600,107600,494.0,4.6,276.0,25.870480528461755,0.0,1,4,1,3.0,1,0,1,0,1.0,Trivial Many
424,328,492,0,107600,107600,609.95,4.6,276.0,25.870480528461755,0.0,1,5,1,3.0,1,0,1,0,1.0,Trivial Many
425,306,309,0,107600,107600,719.95,4.3,520.0,26.899725179539477,0.0,2,5,1,3.0,1,0,1,0,1.0,Trivial Many
426,290,286,0,107600,107600,699.95,4.3,520.0,26.899725179539477,0.0,2,5,1,3.0,1,0,1,0,1.0,Trivial Many
427,178,571,0,107600,107600,3048.0,4.8,590.0,30.63271688354927,0.0,1,6,1,1.0,1,1,1,1,1.0,Trivial Many
428,173,576,0,107600,107600,3698.0,4.8,590.0,30.63271688354927,0.0,1,6,1,1.0,1,1,1,1,1.0,Trivial Many
429,165,738,0,107600,107600,270.0,4.2,1607.0,31.00753508890343,0.0,2,3,1,1.0,1,0,1,0,1.0,Trivial Many
430,356,207,0,107600,107600,399.0,4.2,444.0,25.61191198509821,0.0,2,4,1,8.0,0,0,1,0,1.0,Trivial Many
431,162,741,0,107600,107600,329.0,4.2,1607.0,31.00753508890343,0.0,2,4,1,,1,0,0,0,1.0,Trivial Many
432,159,750,0,107600,107600,340.99,4.2,1607.0,31.00753508890343,0.0,2,4,1,1.0,1,0,1,0,1.0,Trivial Many
433,157,295,0,107600,107600,411.23,4.3,1394.0,31.1347936852985,0.0,2,4,1,3.0,1,0,1,0,1.0,Trivial Many
434,153,197,0,107600,107600,439.0,4.3,1394.0,31.1347936852985,0.0,2,4,1,3.0,1,0,1,0,1.0,Trivial Many
435,122,661,0,107600,107600,649.99,4.5,1308.0,32.29658444659455,0.0,1,5,1,1.0,1,0,1,0,1.0,Trivial Many
436,99,163,0,107600,107600,569.0,4.2,2839.0,33.39654919085206,0.0,2,5,1,3.0,1,0,1,0,1.0,Trivial Many
437,92,394,0,107600,107600,173.99,4.1,3698.0,33.684852946513054,0.0,2,2,1,1.0,1,0,1,0,1.0,Trivial Many
438,86,374,0,107600,107600,199.0,4.1,3698.0,33.684852946513054,0.0,2,2,1,1.0,1,0,1,0,1.0,Trivial Many
439,82,73,0,107600,107600,514.95,4.4,2502.0,34.43107928229981,0.0,2,5,1,3.0,1,0,1,0,1.0,Trivial Many
440,70,85,0,107600,107600,514.95,4.4,2502.0,34.43107928229981,0.0,2,5,1,3.0,1,0,1,0,1.0,Trivial Many
441,48,131,0,107600,107600,379.0,4.2,4912.0,35.69848813510832,0.0,2,4,1,3.0,1,0,1,0,1.0,Trivial Many
442,45,118,0,107600,107600,393.0,4.2,4912.0,35.69848813510832,0.0,2,4,1,3.0,1,0,1,0,1.0,Trivial Many
443,278,157,0,107600,107600,560.95,4.3,527.0,26.957114019936924,0.0,2,5,1,3.0,1,0,1,0,1.0,Trivial Many
444,552,786,0,107600,107600,1089.0,4.1,72.0,17.5908837087084,0.0,2,6,1,1.0,1,0,1,0,1.0,Trivial Many
445,551,586,0,107600,107600,799.95,4.1,72.0,17.5908837087084,0.0,2,5,1,8.0,0,0,1,0,1.0,Trivial Many
446,543,180,0,107600,107600,300.0,4.2,72.0,18.019929652823244,0.0,2,3,1,3.0,1,0,1,0,1.0,Trivial Many
447,533,762,0,107600,107600,579.49,4.0,100.0,18.46048206736504,0.0,2,5,1,1.0,1,1,1,1,1.0,Trivial Many
448,519,829,0,107600,107600,1819.99,4.3,95.0,19.626697223311695,0.0,2,6,1,1.0,1,1,1,1,1.0,Trivial Many
449,515,889,0,107600,107600,599.99,4.7,67.0,19.831686214327704,0.0,1,5,1,1.0,1,0,1,0,1.0,Trivial Many
450,514,65,0,107600,107600,999.99,3.5,306.0,20.043967116555187,0.0,3,5,1,8.0,0,0,1,0,1.0,Trivial Many
451,510,885,0,107600,107600,499.99,3.6,270.0,20.167627755166926,0.0,3,4,1,8.0,0,0,1,0,1.0,Trivial Many
452,507,589,0,107600,107600,581.99,4.4,100.0,20.306530274101544,0.0,2,5,1,1.0,1,0,1,0,1.0,Trivial Many
453,503,624,0,107600,107600,1039.99,4.4,103.0,20.435319956222042,0.0,2,6,1,1.0,1,0,1,0,1.0,Trivial Many
454,493,871,0,107600,107600,1749.0,4.5,96.0,20.586199403265223,0.0,1,6,1,1.0,1,0,1,0,1.0,Trivial Many
455,475,305,0,107600,107600,219.89,4.2,166.0,21.495574012150374,0.0,2,3,1,3.0,1,1,1,0,1.0,Trivial Many
456,33,644,0,107600,107600,1099.0,4.8,3577.0,39.27628446752959,0.0,1,6,1,1.0,1,1,1,1,1.0,Trivial Many
457,271,300,0,107600,107600,771.19,4.3,527.0,26.957114019936924,0.0,2,5,1,,1,0,0,0,1.0,Trivial Many
458,254,161,0,107600,107600,563.0,4.0,1137.0,28.148110458745105,0.0,2,5,1,3.0,1,0,1,0,1.0,Trivial Many
459,248,177,0,107600,107600,1619.0,4.0,1137.0,28.148110458745105,0.0,2,6,1,4.0,1,0,0,0,1.0,Trivial Many
460,237,175,0,107600,107600,718.0,4.2,964.0,28.86293802562374,0.0,2,5,1,1.0,1,0,1,0,1.0,Trivial Many
461,223,840,0,107600,107600,529.0,4.2,1020.0,29.099858836291595,0.0,2,5,1,1.0,1,0,1,0,1.0,Trivial Many
462,221,658,0,107600,107600,519.0,4.2,1020.0,29.099858836291595,0.0,2,5,1,1.0,1,0,1,0,1.0,Trivial Many
463,218,844,0,107600,107600,375.0,4.2,1020.0,29.099858836291595,0.0,2,4,1,1.0,1,0,1,0,1.0,Trivial Many
464,206,620,0,107600,107600,1279.0,4.5,713.0,29.568973330528127,0.0,1,6,1,1.0,1,0,1,0,1.0,Trivial Many
465,191,350,0,107600,107600,365.0,4.1,1496.0,29.975995376120476,0.0,2,4,1,1.0,1,0,1,0,1.0,Trivial Many
466,375,319,0,107600,107600,221.99,4.1,449.0,25.047915089333898,0.0,2,3,1,3.0,1,1,1,0,1.0,Trivial Many
467,368,475,0,107600,107600,949.0,4.1,458.0,25.129105861248235,0.0,2,5,1,1.0,1,0,1,0,1.0,Trivial Many
468,357,206,0,107600,107600,279.0,4.2,444.0,25.61191198509821,0.0,2,3,1,8.0,0,0,1,0,1.0,Trivial Many
657,715,636,0,107600,107600,1649.0,5.0,4.0,8.047189562170502,0.0,1,6,1,1.0,1,0,1,0,1.0,Trivial Many
658,402,800,0,107600,107600,729.97,4.6,167.0,23.57023430525499,0.0,1,5,1,5.0,1,0,1,0,1.0,Trivial Many
659,389,361,0,107600,107600,379.35,4.1,385.0,24.418933214805804,0.0,2,4,1,3.0,1,0,1,0,1.0,Trivial Many
660,383,910,0,107600,107600,499.0,4.5,244.0,24.755661947451273,0.0,1,4,1,1.0,1,0,1,0,1.0,Trivial Many
661,757,621,0,107600,107600,1149.99,0.0,0.0,0.0,0.0,5,6,1,1.0,1,0,1,0,1.0,Trivial Many
662,756,958,0,107600,107600,1929.0,0.0,0.0,0.0,0.0,5,6,1,1.0,1,0,1,0,1.0,Trivial Many
663,752,754,0,107600,107600,669.0,0.0,0.0,0.0,0.0,5,5,1,3.0,1,0,1,0,1.0,Trivial Many
664,751,946,0,107600,107600,1348.99,0.0,0.0,0.0,0.0,5,6,1,1.0,1,0,1,0,1.0,Trivial Many
665,744,828,0,107600,107600,1251.24,0.0,0.0,0.0,0.0,5,6,1,1.0,1,0,1,0,1.0,Trivial Many
666,743,857,0,107600,107600,369.99,0.0,0.0,0.0,0.0,5,4,1,1.0,1,0,1,0,1.0,Trivial Many
667,741,862,0,107600,107600,246.88,0.0,0.0,0.0,0.0,5,3,1,1.0,1,0,1,0,1.0,Trivial Many
668,736,809,0,107600,107600,1189.99,0.0,0.0,0.0,0.0,5,6,1,1.0,1,0,1,0,1.0,Trivial Many
669,725,223,0,107600,107600,2199.0,2.5,3.0,3.4657359027997265,0.0,4,6,1,1.0,1,0,1,0,1.0,Trivial Many
670,403,799,0,107600,107600,729.97,4.6,167.0,23.57023430525499,0.0,1,5,1,5.0,1,0,1,0,1.0,Trivial Many
671,714,635,0,107600,107600,1549.0,5.0,4.0,8.047189562170502,0.0,1,6,1,1.0,1,0,1,0,1.0,Trivial Many
672,702,879,0,107600,107600,999.0,4.1,9.0,9.440598881275587,0.0,2,5,1,1.0,1,0,1,0,1.0,Trivial Many
673,694,26,0,107600,107600,399.0,5.0,6.0,9.729550745276565,0.0,1,4,1,1.0,1,0,1,0,1.0,Trivial Many
674,689,915,0,107600,107600,699.99,3.7,14.0,10.019785744078177,0.0,3,5,1,1.0,1,0,1,0,1.0,Trivial Many
675,684,516,0,107600,107600,1272.69,4.5,9.0,10.361632918473207,0.0,1,6,1,1.0,1,0,1,0,1.0,Trivial Many
676,683,515,0,107600,107600,1039.99,4.5,9.0,10.361632918473207,0.0,1,6,1,1.0,1,0,1,0,1.0,Trivial Many
677,679,880,0,107600,107600,359.0,4.0,14.0,10.83220080440884,0.0,2,4,1,1.0,1,0,1,0,1.0,Trivial Many
678,677,769,0,107600,107600,1899.99,5.0,8.0,10.986122886681098,0.0,1,6,1,1.0,1,0,1,0,1.0,Trivial Many
679,675,956,0,107600,107600,1499.99,5.0,8.0,10.986122886681098,0.0,1,6,1,1.0,1,0,1,0,1.0,Trivial Many
680,665,826,0,107600,107600,1039.99,4.4,15.0,12.199390377855037,0.0,2,6,1,1.0,1,0,1,0,1.0,Trivial Many
681,557,717,0,107600,107600,339.0,4.2,59.0,17.196247161332824,0.0,2,4,1,8.0,0,0,1,0,1.0,Trivial Many
682,537,139,0,107600,107600,919.95,4.4,61.0,18.159391294198404,0.0,2,5,1,1.0,1,0,1,0,1.0,Trivial Many
683,584,723,0,107600,107600,1163.99,4.0,48.0,15.567281192442506,0.0,2,6,1,1.0,1,0,1,0,1.0,Trivial Many
684,656,949,0,107600,107600,1299.99,4.2,22.0,13.16907570690243,0.0,2,6,1,1.0,1,0,1,0,1.0,Trivial Many
685,654,605,0,107600,107600,1238.99,4.2,23.0,13.347826087461373,0.0,2,6,1,1.0,1,0,1,0,1.0,Trivial Many
686,653,603,0,107600,107600,1128.99,4.2,23.0,13.347826087461373,0.0,2,6,1,1.0,1,0,1,0,1.0,Trivial Many
687,647,549,0,107600,107600,1949.99,3.6,40.0,13.368859440135509,0.0,3,6,1,1.0,1,0,0,0,1.0,Trivial Many
688,636,867,0,107600,107600,529.99,4.2,28.0,14.142642485943192,0.0,2,5,1,1.0,1,0,1,0,1.0,Trivial Many
689,622,405,0,107600,107600,239.0,3.7,52.0,14.690080080142852,0.0,3,3,1,3.0,1,0,1,0,1.0,Trivial Many
690,621,413,0,107600,107600,360.78,3.7,52.0,14.690080080142852,0.0,3,4,1,3.0,1,0,1,0,1.0,Trivial Many
691,609,400,0,107600,107600,406.78,3.7,52.0,14.690080080142852,0.0,3,4,1,3.0,1,0,1,0,1.0,Trivial Many
692,600,454,0,107600,107600,949.0,4.4,29.0,14.965268479313485,0.0,2,5,1,1.0,1,0,1,0,1.0,Trivial Many
693,595,534,0,107600,107600,749.0,4.3,32.0,15.034982514305865,0.0,2,5,1,1.0,1,0,1,0,1.0,Trivial Many
694,591,768,0,107600,107600,1299.0,4.3,32.0,15.034982514305865,0.0,2,6,1,1.0,1,0,1,0,1.0,Trivial Many
695,590,625,0,107600,107600,589.99,3.9,47.0,15.097683942540774,0.0,3,5,1,1.0,1,1,1,1,1.0,Trivial Many
696,535,666,0,107600,107600,1209.95,4.4,61.0,18.159391294198404,0.0,2,6,1,1.0,1,0,1,0,1.0,Trivial Many
697,583,670,0,107600,107600,1389.0,4.0,48.0,15.567281192442506,0.0,2,6,1,1.0,1,0,1,0,1.0,Trivial Many
698,581,671,0,107600,107600,1066.99,4.0,48.0,15.567281192442506,0.0,2,6,1,,1,0,0,0,1.0,Trivial Many
699,572,179,0,107600,107600,395.0,4.1,52.0,16.2781968455637,0.0,2,4,1,3.0,1,0,1,0,1.0,Trivial Many
700,468,19,0,107600,107600,359.95,4.3,164.0,21.955565537772493,0.0,2,4,1,3.0,1,0,1,0,1.0,Trivial Many
701,447,700,0,107600,107600,539.0,4.6,139.0,22.731555144002797,0.0,1,5,1,4.0,1,0,0,0,1.0,Trivial Many
702,443,695,0,107600,107600,512.59,4.6,139.0,22.731555144002797,0.0,1,5,1,3.0,1,0,1,0,1.0,Trivial Many
703,429,16,0,107600,107600,249.0,4.4,176.0,22.775058823324848,0.0,2,3,1,4.0,1,0,0,0,1.0,Trivial Many
704,418,328,0,107600,107600,255.0,4.1,298.0,23.371818650901815,0.0,2,3,1,3.0,1,0,1,0,1.0,Trivial Many
705,414,332,0,107600,107600,239.0,4.1,298.0,23.371818650901815,0.0,2,3,1,3.0,1,0,1,0,1.0,Trivial Many
706,410,13,0,107600,107600,1299.99,4.0,354.0,23.488471157901664,0.0,2,6,1,8.0,0,0,1,0,1.0,Trivial Many
707,408,795,0,107600,107600,579.97,4.6,167.0,23.57023430525499,0.0,1,5,1,5.0,1,0,1,0,1.0,Trivial Many
708,305,294,0,107600,107600,759.95,4.3,520.0,26.899725179539477,0.0,2,5,1,3.0,1,0,1,0,1.0,Trivial Many
709,205,619,0,107600,107600,1289.99,4.5,713.0,29.568973330528127,0.0,1,6,1,1.0,1,0,1,0,1.0,Trivial Many
710,203,203,0,107600,107600,457.0,4.2,1173.0,29.686322401629777,0.0,2,4,1,8.0,0,0,1,0,1.0,Trivial Many
711,200,199,0,107600,107600,349.0,4.2,1173.0,29.686322401629777,0.0,2,4,1,8.0,0,0,1,0,1.0,Trivial Many
712,199,841,0,107600,107600,599.0,4.1,1496.0,29.975995376120476,0.0,2,5,1,1.0,1,0,1,0,1.0,Trivial Many
713,196,842,0,107600,107600,350.1,4.1,1496.0,29.975995376120476,0.0,2,4,1,1.0,1,0,1,0,1.0,Trivial Many
714,190,349,0,107600,107600,389.0,4.1,1496.0,29.975995376120476,0.0,2,4,1,1.0,1,0,1,0,1.0,Trivial Many
715,369,476,0,107600,107600,525.96,4.1,458.0,25.129105861248235,0.0,2,5,1,1.0,1,0,1,0,1.0,Trivial Many
716,351,265,0,107600,107600,436.0,4.2,444.0,25.61191198509821,0.0,2,4,1,8.0,0,0,1,0,1.0,Trivial Many
717,347,503,0,107600,107600,619.94,4.6,276.0,25.870480528461755,0.0,1,5,1,3.0,1,0,1,0,1.0,Trivial Many
718,335,485,0,107600,107600,758.21,4.6,276.0,25.870480528461755,0.0,1,5,1,3.0,1,1,1,0,1.0,Trivial Many
719,326,495,0,107600,107600,609.95,4.6,276.0,25.870480528461755,0.0,1,5,1,3.0,1,0,1,0,1.0,Trivial Many
720,322,489,0,107600,107600,579.95,4.6,276.0,25.870480528461755,0.0,1,5,1,,1,0,0,0,1.0,Trivial Many
721,211,159,0,107600,107600,645.0,4.3,882.0,29.168298362597024,0.0,2,5,1,1.0,1,0,1,0,1.0,Trivial Many
722,304,293,0,107600,107600,789.95,4.3,520.0,26.899725179539477,0.0,2,5,1,3.0,1,0,1,0,1.0,Trivial Many
723,299,278,0,107600,107600,654.95,4.3,520.0,26.899725179539477,0.0,2,5,1,3.0,1,0,1,0,1.0,Trivial Many
724,298,279,0,107600,107600,654.95,4.3,520.0,26.899725179539477,0.0,2,5,1,3.0,1,0,1,0,1.0,Trivial Many
725,295,282,0,107600,107600,714.95,4.3,520.0,26.899725179539477,0.0,2,5,1,3.0,1,0,1,0,1.0,Trivial Many
726,286,235,0,107600,107600,341.18,4.4,455.0,26.938968361863303,0.0,2,4,3,,1,1,0,1,1.0,Trivial Many
727,94,367,0,107600,107600,257.99,4.1,3698.0,33.684852946513054,0.0,2,3,1,1.0,1,1,1,1,1.0,Trivial Many
728,84,71,0,107600,107600,479.95,4.4,2502.0,34.43107928229981,0.0,2,4,1,3.0,1,0,1,0,1.0,Trivial Many
729,73,74,0,107600,107600,494.95,4.4,2502.0,34.43107928229981,0.0,2,4,1,3.0,1,0,1,0,1.0,Trivial Many
730,71,90,0,107600,107600,539.95,4.4,2502.0,34.43107928229981,0.0,2,5,1,3.0,1,0,1,0,1.0,Trivial Many
731,69,49,0,107600,107600,379.0,4.3,3357.0,34.91213360184119,0.0,2,4,1,4.0,1,0,0,0,1.0,Trivial Many
732,66,46,0,107600,107600,219.45,4.3,3357.0,34.91213360184119,0.0,2,3,1,4.0,1,0,1,0,1.0,Trivial Many
733,151,195,0,107600,107600,449.0,4.3,1394.0,31.1347936852985,0.0,2,4,1,3.0,1,0,1,0,1.0,Trivial Many
734,513,874,0,107600,107600,699.99,3.5,306.0,20.043967116555187,0.0,3,5,1,1.0,1,0,1,0,1.0,Trivial Many
735,501,467,0,107600,107600,709.0,4.4,103.0,20.435319956222042,0.0,2,5,1,1.0,1,0,1,0,1.0,Trivial Many
736,496,529,0,107600,107600,1049.99,4.4,103.0,20.435319956222042,0.0,2,6,1,1.0,1,0,1,0,1.0,Trivial Many
737,492,869,0,107600,107600,1659.0,4.5,96.0,20.586199403265223,0.0,1,6,1,1.0,1,0,1,0,1.0,Trivial Many
738,491,18,0,107600,107600,184.0,4.2,145.0,20.931147811175013,0.0,2,2,1,3.0,1,0,1,0,1.0,Trivial Many
739,483,678,0,107600,107600,1199.99,4.2,156.0,21.236232382462894,0.0,2,6,1,1.0,1,0,1,0,1.0,Trivial Many
740,482,634,0,107600,107600,1624.99,4.2,156.0,21.236232382462894,0.0,2,6,1,1.0,1,0,1,0,1.0,Trivial Many
741,479,632,0,107600,107600,999.99,4.2,156.0,21.236232382462894,0.0,2,5,1,1.0,1,1,1,1,1.0,Trivial Many
742,474,306,0,107600,107600,247.99,4.2,166.0,21.495574012150374,0.0,2,3,1,3.0,1,1,1,0,1.0,Trivial Many
743,175,574,0,107600,107600,3015.0,4.8,590.0,30.63271688354927,0.0,1,6,1,1.0,1,1,1,1,1.0,Trivial Many
744,174,575,0,107600,107600,2648.0,4.8,590.0,30.63271688354927,0.0,1,6,1,1.0,1,1,1,1,1.0,Trivial Many
745,161,748,0,107600,107600,339.0,4.2,1607.0,31.00753508890343,0.0,2,4,1,1.0,1,0,1,0,1.0,Trivial Many
746,26,651,0,107600,107600,982.0,4.8,3577.0,39.27628446752959,0.0,1,5,1,1.0,1,1,1,1,1.0,Trivial Many
747,135,68,0,107600,107600,549.0,3.9,3243.0,31.529793419417686,0.0,3,5,1,4.0,1,0,0,0,1.0,Trivial Many
748,121,660,0,107600,107600,1999.99,4.5,1308.0,32.29658444659455,0.0,1,6,1,1.0,1,0,1,0,1.0,Trivial Many
749,120,607,0,107600,107600,699.99,4.5,1308.0,32.29658444659455,0.0,1,5,1,1.0,1,0,1,0,1.0,Trivial Many
750,112,894,0,107600,107600,2199.99,4.6,1304.0,33.00020827088125,0.0,1,6,1,1.0,1,0,1,0,1.0,Trivial Many
751,111,348,0,107600,107600,529.95,4.2,2839.0,33.39654919085206,0.0,2,5,1,3.0,1,0,1,0,1.0,Trivial Many
752,109,344,0,107600,107600,949.0,4.2,2839.0,33.39654919085206,0.0,2,5,1,4.0,1,0,0,0,1.0,Trivial Many
753,97,117,0,107600,107600,448.0,4.2,2839.0,33.39654919085206,0.0,2,4,1,3.0,1,0,1,0,1.0,Trivial Many
754,273,302,0,107600,107600,679.95,4.3,527.0,26.957114019936924,0.0,2,5,1,3.0,1,1,1,0,1.0,Trivial Many
755,272,301,0,107600,107600,1499.0,4.3,527.0,26.957114019936924,0.0,2,6,1,4.0,1,0,0,0,1.0,Trivial Many
756,235,173,0,107600,107600,718.0,4.2,964.0,28.86293802562374,0.0,2,5,1,1.0,1,0,1,0,1.0,Trivial Many
757,216,846,0,107600,107600,699.0,4.2,1020.0,29.099858836291595,0.0,2,5,1,1.0,1,0,1,0,1.0,Trivial Many
469,701,877,0,107600,107600,1299.0,4.1,9.0,9.440598881275587,0.0,2,6,1,1.0,1,0,1,0,1.0,Trivial Many
470,390,360,0,107600,107600,348.91,4.1,385.0,24.418933214805804,0.0,2,4,1,,1,0,0,0,1.0,Trivial Many
471,388,362,0,107600,107600,304.05,4.1,385.0,24.418933214805804,0.0,2,4,1,3.0,1,0,1,0,1.0,Trivial Many
472,385,365,0,107600,107600,354.35,4.1,385.0,24.418933214805804,0.0,2,4,1,3.0,1,0,1,0,1.0,Trivial Many
473,753,954,0,107600,107600,1248.99,0.0,0.0,0.0,0.0,5,6,1,1.0,1,0,1,0,1.0,Trivial Many
474,749,765,0,107600,107600,559.0,0.0,0.0,0.0,0.0,5,5,1,1.0,1,0,1,0,1.0,Trivial Many
475,748,767,0,107600,107600,879.0,0.0,0.0,0.0,0.0,5,5,1,1.0,1,0,1,0,1.0,Trivial Many
476,746,772,0,107600,107600,1699.99,0.0,0.0,0.0,0.0,5,6,1,1.0,1,0,1,0,1.0,Trivial Many
477,739,864,0,107600,107600,236.88,0.0,0.0,0.0,0.0,5,3,1,1.0,1,0,1,0,1.0,Trivial Many
478,728,337,0,107600,107600,399.0,5.0,1.0,3.4657359027997265,0.0,1,4,1,1.0,1,0,1,0,1.0,Trivial Many
479,712,526,0,107600,107600,1249.0,5.0,4.0,8.047189562170502,0.0,1,6,1,1.0,1,0,1,0,1.0,Trivial Many
480,709,938,0,107600,107600,1369.99,5.0,4.0,8.047189562170502,0.0,1,6,1,1.0,1,0,1,0,1.0,Trivial Many
481,404,797,0,107600,107600,459.97,4.6,167.0,23.57023430525499,0.0,1,4,1,5.0,1,0,1,0,1.0,Trivial Many
482,692,913,0,107600,107600,629.99,3.7,14.0,10.019785744078177,0.0,3,5,1,1.0,1,0,1,0,1.0,Trivial Many
483,690,916,0,107600,107600,799.99,3.7,14.0,10.019785744078177,0.0,3,5,1,1.0,1,0,1,0,1.0,Trivial Many
484,688,673,0,107600,107600,899.99,4.1,11.0,10.1881172641308,0.0,2,5,1,1.0,1,0,1,0,1.0,Trivial Many
485,686,724,0,107600,107600,1279.99,4.5,9.0,10.361632918473207,0.0,1,6,1,1.0,1,0,1,0,1.0,Trivial Many
486,681,34,0,107600,107600,1141.3,5.0,7.0,10.39720770839918,0.0,1,6,1,1.0,1,0,1,0,1.0,Trivial Many
487,676,770,0,107600,107600,2099.99,5.0,8.0,10.986122886681098,0.0,1,6,1,1.0,1,0,1,0,1.0,Trivial Many
488,674,771,0,107600,107600,1799.99,5.0,8.0,10.986122886681098,0.0,1,6,1,1.0,1,0,1,0,1.0,Trivial Many
489,668,823,0,107600,107600,439.99,4.4,15.0,12.199390377855037,0.0,2,4,1,1.0,1,0,1,0,1.0,Trivial Many
490,560,804,0,107600,107600,979.0,4.2,57.0,17.05386064429496,0.0,2,5,1,1.0,1,0,1,0,1.0,Trivial Many
491,532,470,0,107600,107600,619.99,4.0,100.0,18.46048206736504,0.0,2,5,1,1.0,1,1,1,1,1.0,Trivial Many
492,524,316,0,107600,107600,710.49,3.7,191.0,19.452732876502793,0.0,3,5,1,3.0,1,0,1,0,1.0,Trivial Many
493,593,532,0,107600,107600,799.0,4.3,32.0,15.034982514305865,0.0,2,5,1,1.0,1,0,1,0,1.0,Trivial Many
494,661,952,0,107600,107600,1199.99,4.2,22.0,13.16907570690243,0.0,2,6,1,1.0,1,0,1,0,1.0,Trivial Many
495,660,714,0,107600,107600,1399.99,4.2,22.0,13.16907570690243,0.0,2,6,1,1.0,1,0,1,0,1.0,Trivial Many
496,658,948,0,107600,107600,1699.99,4.2,22.0,13.16907570690243,0.0,2,6,1,1.0,1,0,1,0,1.0,Trivial Many
497,651,602,0,107600,107600,1358.99,4.2,23.0,13.347826087461373,0.0,2,6,1,1.0,1,0,1,0,1.0,Trivial Many
498,639,780,0,107600,107600,1959.99,4.5,20.0,13.700350969755403,0.0,1,6,1,1.0,1,0,1,0,1.0,Trivial Many
499,619,411,0,107600,107600,297.53,3.7,52.0,14.690080080142852,0.0,3,3,1,3.0,1,0,1,0,1.0,Trivial Many
500,616,408,0,107600,107600,452.78,3.7,52.0,14.690080080142852,0.0,3,4,1,3.0,1,0,1,0,1.0,Trivial Many
501,608,882,0,107600,107600,429.99,4.6,24.0,14.806828794393722,0.0,1,4,1,1.0,1,1,1,1,1.0,Trivial Many
502,599,453,0,107600,107600,949.0,4.4,29.0,14.965268479313485,0.0,2,5,1,1.0,1,0,1,0,1.0,Trivial Many
503,597,451,0,107600,107600,1149.99,4.4,29.0,14.965268479313485,0.0,2,6,1,1.0,1,0,1,0,1.0,Trivial Many
504,594,533,0,107600,107600,999.0,4.3,32.0,15.034982514305865,0.0,2,5,1,1.0,1,0,1,0,1.0,Trivial Many
505,512,712,0,107600,107600,511.96,4.0,153.0,20.147810409654518,0.0,2,5,1,3.0,1,0,1,0,1.0,Trivial Many
506,586,447,0,107600,107600,419.99,4.0,46.0,15.400590406840234,0.0,2,4,1,1.0,1,1,1,1,1.0,Trivial Many
507,582,722,0,107600,107600,1379.0,4.0,48.0,15.567281192442506,0.0,2,6,1,1.0,1,0,1,0,1.0,Trivial Many
508,580,720,0,107600,107600,1449.0,4.0,48.0,15.567281192442506,0.0,2,6,1,1.0,1,0,1,0,1.0,Trivial Many
509,578,675,0,107600,107600,649.99,4.2,40.0,15.597002680158093,0.0,2,5,1,1.0,1,0,1,0,1.0,Trivial Many
510,441,693,0,107600,107600,537.15,4.6,139.0,22.731555144002797,0.0,1,5,1,3.0,1,0,1,0,1.0,Trivial Many
511,435,687,0,107600,107600,609.0,4.6,139.0,22.731555144002797,0.0,1,5,1,4.0,1,0,0,0,1.0,Trivial Many
512,428,450,0,107600,107600,835.9,4.4,179.0,22.849010143916928,0.0,2,5,1,1.0,1,0,1,0,1.0,Trivial Many
513,417,329,0,107600,107600,388.0,4.1,298.0,23.371818650901815,0.0,2,4,1,3.0,1,0,1,0,1.0,Trivial Many
514,415,331,0,107600,107600,295.99,4.1,298.0,23.371818650901815,0.0,2,3,1,3.0,1,1,1,0,1.0,Trivial Many
515,413,323,0,107600,107600,319.99,4.1,298.0,23.371818650901815,0.0,2,4,1,3.0,0,0,1,0,1.0,Trivial Many
516,412,923,0,107600,107600,959.99,4.0,354.0,23.488471157901664,0.0,2,5,1,1.0,1,0,1,0,1.0,Trivial Many
517,294,518,0,107600,107600,719.95,4.3,520.0,26.899725179539477,0.0,2,5,1,3.0,1,0,1,0,1.0,Trivial Many
518,30,647,0,107600,107600,1166.0,4.8,3577.0,39.27628446752959,0.0,1,6,1,1.0,1,1,1,1,1.0,Trivial Many
519,374,275,0,107600,107600,229.99,4.1,449.0,25.047915089333898,0.0,2,3,1,3.0,1,1,1,0,1.0,Trivial Many
520,345,505,0,107600,107600,653.89,4.6,276.0,25.870480528461755,0.0,1,5,1,3.0,1,1,1,1,1.0,Trivial Many
521,341,501,0,107600,107600,746.16,4.6,276.0,25.870480528461755,0.0,1,5,1,3.0,1,1,1,0,1.0,Trivial Many
522,334,486,0,107600,107600,509.5,4.6,276.0,25.870480528461755,0.0,1,5,1,3.0,1,0,1,0,1.0,Trivial Many
523,325,496,0,107600,107600,451.4,4.6,276.0,25.870480528461755,0.0,1,4,1,3.0,1,0,1,0,1.0,Trivial Many
524,323,498,0,107600,107600,512.0,4.6,276.0,25.870480528461755,0.0,1,5,1,3.0,1,0,1,0,1.0,Trivial Many
525,321,479,0,107600,107600,1179.0,4.6,276.0,25.870480528461755,0.0,1,6,1,4.0,1,0,0,0,1.0,Trivial Many
526,319,480,0,107600,107600,1299.0,4.6,276.0,25.870480528461755,0.0,1,6,1,4.0,1,0,0,0,1.0,Trivial Many
527,302,291,0,107600,107600,669.95,4.3,520.0,26.899725179539477,0.0,2,5,1,3.0,1,0,1,0,1.0,Trivial Many
528,297,280,0,107600,107600,719.95,4.3,520.0,26.899725179539477,0.0,2,5,1,3.0,1,0,1,0,1.0,Trivial Many
529,37,10,0,107600,107600,295.3,4.3,4204.0,35.87932716135031,0.0,2,3,1,4.0,1,0,1,0,1.0,Trivial Many
530,292,285,0,107600,107600,638.95,4.3,520.0,26.899725179539477,0.0,2,5,1,3.0,1,0,1,0,1.0,Trivial Many
531,170,728,0,107600,107600,349.0,4.2,1607.0,31.00753508890343,0.0,2,4,1,1.0,1,0,1,0,1.0,Trivial Many
532,167,732,0,107600,107600,339.0,4.2,1607.0,31.00753508890343,0.0,2,4,1,1.0,1,0,1,0,1.0,Trivial Many
533,160,749,0,107600,107600,289.0,4.2,1607.0,31.00753508890343,0.0,2,3,1,1.0,1,0,1,0,1.0,Trivial Many
534,150,193,0,107600,107600,379.97,4.3,1394.0,31.1347936852985,0.0,2,4,1,3.0,1,0,1,0,1.0,Trivial Many
535,139,152,0,107600,107600,99.99,4.2,1802.0,31.488270337453937,0.0,2,1,1,3.0,1,0,1,0,1.0,Trivial Many
536,131,45,0,107600,107600,259.45,3.9,3243.0,31.529793419417686,0.0,3,3,1,3.0,1,0,1,0,1.0,Trivial Many
537,125,53,0,107600,107600,499.0,4.7,862.0,31.77394904809211,0.0,1,4,1,8.0,0,0,1,0,1.0,Trivial Many
538,113,895,0,107600,107600,2088.99,4.6,1304.0,33.00020827088125,0.0,1,6,1,1.0,1,0,1,0,1.0,Trivial Many
539,110,346,0,107600,107600,519.96,4.2,2839.0,33.39654919085206,0.0,2,5,1,3.0,1,0,1,0,1.0,Trivial Many
540,108,356,0,107600,107600,1199.0,4.2,2839.0,33.39654919085206,0.0,2,6,1,4.0,1,0,0,0,1.0,Trivial Many
541,215,415,0,107600,107600,339.0,4.2,1020.0,29.099858836291595,0.0,2,4,1,1.0,1,0,1,0,1.0,Trivial Many
542,500,581,0,107600,107600,929.99,4.4,103.0,20.435319956222042,0.0,2,5,1,1.0,1,0,1,0,1.0,Trivial Many
543,497,528,0,107600,107600,849.0,4.4,103.0,20.435319956222042,0.0,2,5,1,1.0,1,0,1,0,1.0,Trivial Many
544,495,314,0,107600,107600,869.99,4.5,96.0,20.586199403265223,0.0,1,5,1,1.0,1,0,1,0,1.0,Trivial Many
545,494,870,0,107600,107600,1539.99,4.5,96.0,20.586199403265223,0.0,1,6,1,1.0,1,0,1,0,1.0,Trivial Many
546,485,520,0,107600,107600,1249.99,4.2,156.0,21.236232382462894,0.0,2,6,1,1.0,1,0,1,0,1.0,Trivial Many
547,480,775,0,107600,107600,1199.99,4.2,156.0,21.236232382462894,0.0,2,6,1,1.0,1,0,1,0,1.0,Trivial Many
548,478,540,0,107600,107600,999.99,4.2,156.0,21.236232382462894,0.0,2,5,1,1.0,1,1,1,1,1.0,Trivial Many
549,476,304,0,107600,107600,262.99,4.2,166.0,21.495574012150374,0.0,2,3,1,3.0,1,1,1,0,1.0,Trivial Many
550,270,299,0,107600,107600,759.99,4.3,527.0,26.957114019936924,0.0,2,5,1,3.0,1,1,1,0,1.0,Trivial Many
551,258,381,0,107600,107600,415.0,4.3,608.0,27.570818551152556,0.0,2,4,1,1.0,1,0,1,0,1.0,Trivial Many
552,234,170,0,107600,107600,715.9,4.2,964.0,28.86293802562374,0.0,2,5,1,1.0,1,0,1,0,1.0,Trivial Many
553,105,106,0,107600,107600,459.95,4.2,2839.0,33.39654919085206,0.0,2,4,1,3.0,1,0,1,0,1.0,Trivial Many
554,213,655,0,107600,107600,559.0,4.2,1020.0,29.099858836291595,0.0,2,5,1,1.0,1,0,1,0,1.0,Trivial Many
555,209,32,0,107600,107600,1599.99,4.6,580.0,29.277853481518786,0.0,1,6,1,8.0,0,0,1,0,1.0,Trivial Many
556,207,122,0,107600,107600,429.99,3.7,2890.0,29.48662364546048,0.0,3,4,1,3.0,1,1,1,0,1.0,Trivial Many
557,201,200,0,107600,107600,469.99,4.2,1173.0,29.686322401629777,0.0,2,4,1,8.0,0,0,1,0,1.0,Trivial Many
558,198,849,0,107600,107600,429.0,4.1,1496.0,29.975995376120476,0.0,2,4,1,1.0,1,0,1,0,1.0,Trivial Many
559,195,352,0,107600,107600,355.0,4.1,1496.0,29.975995376120476,0.0,2,4,1,1.0,1,0,1,0,1.0,Trivial Many
560,192,657,0,107600,107600,579.0,4.1,1496.0,29.975995376120476,0.0,2,5,1,1.0,1,0,1,0,1.0,Trivial Many
561,91,393,0,107600,107600,240.0,4.1,3698.0,33.684852946513054,0.0,2,3,1,1.0,1,0,1,0,1.0,Trivial Many
562,78,77,0,107600,107600,539.95,4.4,2502.0,34.43107928229981,0.0,2,5,1,3.0,1,0,1,0,1.0,Trivial Many
563,77,78,0,107600,107600,509.95,4.4,2502.0,34.43107928229981,0.0,2,5,1,,1,0,0,0,1.0,Trivial Many
1,314,931,1000,63000,107600,1849.0,4.7,248.0,25.932028613384126,1849000.0,1,6,1,1.0,1,1,1,1,0.585502,Vital Few
2,185,562,500,79000,107600,3599.05,4.8,590.0,30.63271688354927,1799525.0,1,6,1,1.0,1,1,1,1,0.734201,Vital Few
3,11,380,10000,20000,107600,159.99,4.4,20723.0,43.73181000291259,1599900.0,2,2,1,1.0,1,1,1,1,0.185874,Vital Few
4,9,378,10000,20000,107600,149.99,4.4,20723.0,43.73181000291259,1499900.0,2,2,1,1.0,1,1,1,1,0.185874,Vital Few
5,313,930,1000,63000,107600,1449.0,4.7,248.0,25.932028613384126,1449000.0,1,6,1,1.0,1,1,1,1,0.585502,Vital Few
6,31,646,2000,46000,107600,551.0,4.8,3577.0,39.27628446752959,1102000.0,1,5,1,1.0,1,1,1,1,0.427509,Vital Few
7,181,566,300,87900,107600,3299.0,4.8,590.0,30.63271688354927,989700.0,1,6,1,1.0,1,1,1,1,0.816914,Trivial Many
8,315,932,500,79000,107600,1825.0,4.7,248.0,25.932028613384126,912500.0,1,6,1,1.0,1,1,1,1,0.734201,Vital Few
9,224,153,3000,40000,107600,299.99,4.4,734.0,29.039430196536482,899970.0,2,3,1,1.0,1,1,1,1,0.371747,Vital Few
10,180,561,400,82200,107600,2239.0,4.8,590.0,30.63271688354927,895600.0,1,6,1,1.0,1,1,1,1,0.763941,Vital Few
11,317,929,500,79000,107600,1692.0,4.7,248.0,25.932028613384126,846000.0,1,6,1,1.0,1,1,1,1,0.734201,Vital Few
12,10,379,4000,34000,107600,199.99,4.4,20723.0,43.73181000291259,799960.0,2,2,1,1.0,1,1,1,1,0.315985,Vital Few
13,179,569,300,87900,107600,2649.0,4.8,590.0,30.63271688354927,794700.0,1,6,1,1.0,1,1,1,1,0.816914,Trivial Many
14,318,928,500,79000,107600,1449.0,4.7,248.0,25.932028613384126,724500.0,1,6,1,1.0,1,1,1,1,0.734201,Vital Few
15,250,169,2000,46000,107600,359.67,4.0,1137.0,28.148110458745105,719340.0,2,4,1,3.0,1,0,1,0,0.427509,Vital Few
16,287,663,500,79000,107600,1398.0,4.4,454.0,26.929308643384182,699000.0,2,6,1,1.0,1,0,1,0,0.734201,Vital Few
17,17,22,6000,26000,107600,115.98,4.3,12152.0,40.442924727044435,695880.0,2,2,1,3.0,1,0,1,0,0.241636,Vital Few
18,25,652,1000,63000,107600,656.99,4.8,3577.0,39.27628446752959,656990.0,1,5,1,1.0,1,1,1,1,0.585502,Vital Few
19,101,542,1000,63000,107600,599.0,4.2,2839.0,33.39654919085206,599000.0,2,5,1,3.0,1,0,1,0,0.585502,Vital Few
20,21,641,1000,63000,107600,562.99,4.8,3577.0,39.27628446752959,562990.0,1,5,1,1.0,1,1,1,1,0.585502,Vital Few
21,28,640,1000,63000,107600,559.99,4.8,3577.0,39.27628446752959,559990.0,1,5,1,1.0,1,1,1,1,0.585502,Vital Few
22,16,24,4000,34000,107600,133.72,4.3,12152.0,40.442924727044435,534880.0,2,2,1,3.0,1,0,1,0,0.315985,Vital Few
23,124,277,3000,40000,107600,167.99,4.3,1719.0,32.03534215017224,503970.0,2,2,1,1.0,1,0,1,0,0.371747,Vital Few
24,1,247,1000,63000,107600,499.99,4.8,35781.0,50.32896121271889,499990.0,1,4,1,1.0,1,0,1,0,0.585502,Vital Few
25,117,715,500,79000,107600,992.48,4.2,2260.0,32.43896238356748,496240.0,2,5,1,1.0,1,1,1,1,0.734201,Vital Few
26,288,616,200,94300,107600,2399.99,4.4,454.0,26.929308643384182,479997.99999999994,2,6,1,1.0,1,1,1,1,0.876394,Trivial Many
27,547,587,200,94300,107600,2049.0,4.1,74.0,17.70170126549887,409800.0,2,6,1,1.0,1,1,1,1,0.876394,Trivial Many
28,400,716,1000,63000,107600,379.99,4.6,167.0,23.57023430525499,379990.0,1,4,1,5.0,1,0,1,0,0.585502,Vital Few
29,182,565,100,101400,107600,3368.0,4.8,590.0,30.63271688354927,336800.0,1,6,1,1.0,1,0,1,0,0.942379,Trivial Many
30,233,376,300,87900,107600,1049.0,4.2,964.0,28.86293802562374,314700.0,2,6,1,1.0,1,0,1,0,0.816914,Trivial Many
31,289,597,1000,63000,107600,310.99,4.3,523.0,26.92441424258048,310990.0,2,4,1,1.0,1,1,1,1,0.585502,Vital Few
32,52,100,1000,63000,107600,285.0,4.2,4912.0,35.69848813510832,285000.0,2,3,1,3.0,1,0,1,0,0.585502,Vital Few
33,542,743,100,101400,107600,2779.0,4.2,72.0,18.019929652823244,277900.0,2,6,1,1.0,1,0,1,0,0.942379,Trivial Many
34,350,626,500,79000,107600,553.7,4.4,344.0,25.711595434937987,276850.0,2,5,1,1.0,1,1,1,1,0.734201,Vital Few
35,184,563,100,101400,107600,2616.0,4.8,590.0,30.63271688354927,261600.0,1,6,1,1.0,1,1,1,1,0.942379,Trivial Many
36,23,649,400,82200,107600,649.0,4.8,3577.0,39.27628446752959,259600.0,1,5,1,1.0,1,1,1,1,0.763941,Vital Few
37,312,627,500,79000,107600,511.81,4.4,388.0,26.239749111921164,255905.0,2,5,1,1.0,1,1,1,1,0.734201,Vital Few
38,172,567,100,101400,107600,2249.0,4.8,590.0,30.63271688354927,224900.0,1,6,1,,1,1,0,1,0.942379,Trivial Many
39,471,543,200,94300,107600,1099.0,4.3,149.0,21.545731764613897,219800.0,2,6,1,1.0,1,1,1,1,0.876394,Trivial Many
40,104,107,500,79000,107600,404.0,4.2,2839.0,33.39654919085206,202000.0,2,4,1,3.0,1,0,1,0,0.734201,Vital Few
41,244,88,500,79000,107600,399.0,3.8,1699.0,28.265857414168366,199500.0,3,4,1,3.0,1,0,1,0,0.734201,Vital Few
42,187,6,1000,63000,107600,194.99,3.9,2333.0,30.245821370101353,194990.0,3,2,1,3.0,1,0,1,0,0.585502,Vital Few
43,183,564,50,107600,107600,3834.99,4.8,590.0,30.63271688354927,191749.5,1,6,1,1.0,1,0,1,0,1.0,Trivial Many
44,378,615,100,101400,107600,1899.99,4.3,336.0,25.026356600515154,189999.0,2,6,1,1.0,1,1,1,1,0.942379,Trivial Many
45,399,719,500,79000,107600,379.99,4.6,167.0,23.57023430525499,189995.0,1,4,1,4.0,1,0,1,0,0.734201,Vital Few
46,194,351,500,79000,107600,379.04,4.1,1496.0,29.975995376120476,189520.0,2,4,1,1.0,1,0,1,0,0.734201,Vital Few
47,186,340,1000,63000,107600,188.98,4.3,1177.0,30.407765466109588,188980.0,2,2,1,1.0,1,1,1,1,0.585502,Vital Few
48,457,538,200,94300,107600,933.0,4.4,156.0,22.247481543532555,186600.0,2,5,1,,1,0,0,0,0.876394,Trivial Many
49,255,156,400,82200,107600,463.99,4.0,1137.0,28.148110458745105,185596.0,2,4,1,,1,0,0,0,0.763941,Vital Few
50,577,676,200,94300,107600,899.99,4.2,40.0,15.597002680158093,179998.0,2,5,1,,1,0,0,0,0.876394,Trivial Many
51,562,214,300,87900,107600,599.99,4.4,47.0,17.033284447994724,179997.0,2,5,1,1.0,1,0,1,0,0.816914,Trivial Many
52,102,109,400,82200,107600,447.94,4.2,2839.0,33.39654919085206,179176.0,2,4,1,4.0,1,0,1,0,0.763941,Vital Few
53,229,427,300,87900,107600,595.0,4.2,984.0,28.949094892922776,178500.0,2,5,1,1.0,1,0,1,0,0.816914,Trivial Many
54,57,93,500,79000,107600,355.0,4.2,4912.0,35.69848813510832,177500.0,2,4,1,3.0,1,0,1,0,0.734201,Vital Few
55,251,168,500,79000,107600,353.0,4.0,1137.0,28.148110458745105,176500.0,2,4,1,3.0,1,0,1,0,0.734201,Vital Few
56,316,933,100,101400,107600,1729.0,4.7,248.0,25.932028613384126,172900.0,1,6,1,1.0,1,0,1,0,0.942379,Trivial Many
57,32,645,200,94300,107600,849.0,4.8,3577.0,39.27628446752959,169800.0,1,5,1,1.0,1,1,1,1,0.876394,Trivial Many
58,307,524,500,79000,107600,339.0,4.5,382.0,26.766157451312907,169500.0,1,4,1,1.0,1,1,1,1,0.734201,Vital Few
59,62,39,1000,63000,107600,169.0,4.3,3357.0,34.91213360184119,169000.0,2,2,1,3.0,1,0,1,0,0.585502,Vital Few
60,261,384,500,79000,107600,335.99,4.3,608.0,27.570818551152556,167995.0,2,4,1,,1,0,0,0,0.734201,Vital Few
61,437,685,300,87900,107600,549.97,4.6,139.0,22.731555144002797,164991.0,1,5,1,3.0,1,0,1,0,0.816914,Trivial Many
62,246,81,500,79000,107600,319.06,3.8,1699.0,28.265857414168366,159530.0,3,4,1,3.0,1,0,1,0,0.734201,Vital Few
63,232,171,200,94300,107600,769.99,4.2,964.0,28.86293802562374,153998.0,2,5,1,1.0,1,0,1,0,0.876394,Trivial Many
64,634,744,100,101400,107600,1458.16,4.4,24.0,14.163053629420084,145816.0,2,6,1,1.0,1,1,1,1,0.942379,Trivial Many
65,241,463,200,94300,107600,724.88,4.4,641.0,28.44418853623583,144976.0,2,5,1,1.0,1,1,1,1,0.876394,Trivial Many
66,130,42,500,79000,107600,289.03,3.9,3243.0,31.529793419417686,144515.0,3,3,1,3.0,1,0,1,0,0.734201,Vital Few
67,72,69,300,87900,107600,478.0,4.4,2502.0,34.43107928229981,143400.0,2,4,1,3.0,1,0,1,0,0.816914,Trivial Many
68,36,273,500,79000,107600,285.9,4.3,4432.0,36.106376889403734,142950.0,2,3,1,1.0,1,0,0,0,0.734201,Vital Few
69,7,14,1000,63000,107600,141.0,4.4,25468.0,44.638956143434484,141000.0,2,2,1,3.0,1,0,1,0,0.585502,Vital Few
70,445,698,400,82200,107600,349.99,4.6,139.0,22.731555144002797,139996.0,1,4,1,3.0,1,1,1,0,0.763941,Vital Few
71,648,736,100,101400,107600,1379.99,4.1,25.0,13.358195805888075,137999.0,2,6,1,1.0,1,1,1,1,0.942379,Trivial Many
72,22,642,200,94300,107600,689.2,4.8,3577.0,39.27628446752959,137840.0,1,5,1,1.0,1,1,1,1,0.876394,Trivial Many
73,128,29,500,79000,107600,269.96,3.9,3243.0,31.529793419417686,134980.0,3,3,1,3.0,1,0,1,0,0.734201,Vital Few
74,382,613,300,87900,107600,444.0,4.5,244.0,24.755661947451273,133200.0,1,4,1,1.0,1,0,1,0,0.816914,Trivial Many
75,444,696,400,82200,107600,329.99,4.6,139.0,22.731555144002797,131996.0,1,4,1,3.0,1,1,1,0,0.763941,Vital Few
76,348,677,200,94300,107600,649.0,4.5,304.0,25.741402994733352,129800.0,1,5,1,1.0,1,0,1,0,0.876394,Trivial Many
77,664,766,200,94300,107600,629.99,4.0,22.0,12.541976863716599,125998.0,2,5,1,1.0,1,0,1,0,0.876394,Trivial Many
78,409,794,300,87900,107600,419.97,4.6,167.0,23.57023430525499,125991.00000000001,1,4,1,5.0,1,0,1,0,0.816914,Trivial Many
79,103,108,300,87900,107600,419.07,4.2,2839.0,33.39654919085206,125721.0,2,4,1,3.0,1,0,1,0,0.816914,Trivial Many
80,453,263,500,79000,107600,249.99,4.4,174.0,22.725058285263465,124995.0,2,3,1,3.0,1,1,1,0,0.734201,Vital Few
81,490,443,500,79000,107600,239.99,3.7,292.0,21.016638653363152,119995.0,3,3,1,3.0,1,1,1,0,0.734201,Vital Few
82,50,102,400,82200,107600,299.0,4.2,4912.0,35.69848813510832,119600.0,2,3,1,3.0,1,0,1,0,0.763941,Vital Few
83,436,688,300,87900,107600,394.97,4.6,139.0,22.731555144002797,118491.00000000001,1,4,1,3.0,1,0,1,0,0.816914,Trivial Many
84,488,614,200,94300,107600,589.99,4.4,121.0,21.13769259682633,117998.0,2,5,1,1.0,1,1,1,1,0.876394,Trivial Many
85,5,17,1000,63000,107600,116.0,4.4,25468.0,44.638956143434484,116000.0,2,2,1,3.0,1,0,1,0,0.585502,Vital Few
86,576,761,50,107600,107600,2297.34,4.3,38.0,15.753315078357478,114867.0,2,6,1,1.0,1,1,1,1,1.0,Trivial Many
87,470,289,200,94300,107600,569.99,3.8,292.0,21.584655914264857,113998.0,3,5,1,1.0,1,1,1,1,0.876394,Trivial Many
88,226,774,300,87900,107600,374.97,4.4,734.0,29.039430196536482,112491.00000000001,2,4,1,1.0,1,1,1,1,0.816914,Trivial Many
89,100,165,100,101400,107600,1099.0,4.2,2839.0,33.39654919085206,109900.0,2,6,1,4.0,1,0,0,0,0.942379,Trivial Many
90,225,664,200,94300,107600,547.0,4.4,734.0,29.039430196536482,109400.0,2,5,1,1.0,1,0,1,0,0.876394,Trivial Many
91,456,261,300,87900,107600,349.99,3.6,537.0,22.636290816582424,104997.0,3,4,1,3.0,1,0,1,0,0.816914,Trivial Many
92,282,233,500,79000,107600,188.41,4.4,455.0,26.938968361863303,94205.0,2,2,3,,1,1,0,1,0.734201,Vital Few
93,188,851,100,101400,107600,907.25,4.2,1314.0,30.162686167369834,90725.0,2,5,1,1.0,1,1,1,1,0.942379,Trivial Many
94,279,240,500,79000,107600,180.85,4.4,455.0,26.938968361863303,90425.0,2,2,1,5.0,1,0,1,0,0.734201,Vital Few
564,723,810,0,107600,107600,1299.0,5.0,1.0,3.4657359027997265,0.0,1,6,1,1.0,1,0,1,0,1.0,Trivial Many
565,421,325,0,107600,107600,285.0,4.1,298.0,23.371818650901815,0.0,2,3,1,3.0,1,0,1,0,1.0,Trivial Many
566,419,327,0,107600,107600,270.0,4.1,298.0,23.371818650901815,0.0,2,3,1,3.0,1,0,1,0,1.0,Trivial Many
567,407,793,0,107600,107600,459.97,4.6,167.0,23.57023430525499,0.0,1,4,1,5.0,1,0,1,0,1.0,Trivial Many
568,386,366,0,107600,107600,443.33,4.1,385.0,24.418933214805804,0.0,2,4,1,3.0,1,0,1,0,1.0,Trivial Many
569,737,884,0,107600,107600,589.99,0.0,0.0,0.0,0.0,5,5,1,1.0,1,1,1,1,1.0,Trivial Many
570,735,899,0,107600,107600,1349.99,0.0,0.0,0.0,0.0,5,6,1,1.0,1,0,1,0,1.0,Trivial Many
571,733,819,0,107600,107600,1541.24,0.0,0.0,0.0,0.0,5,6,1,1.0,1,0,1,0,1.0,Trivial Many
572,732,947,0,107600,107600,1609.99,1.0,1.0,0.6931471805599453,0.0,4,6,1,1.0,1,0,1,0,1.0,Trivial Many
573,731,927,0,107600,107600,569.99,5.0,1.0,3.4657359027997265,0.0,1,5,1,8.0,0,0,1,0,1.0,Trivial Many
574,730,903,0,107600,107600,482.97,5.0,1.0,3.4657359027997265,0.0,1,4,1,1.0,1,0,1,0,1.0,Trivial Many
575,727,335,0,107600,107600,399.0,5.0,1.0,3.4657359027997265,0.0,1,4,1,1.0,1,0,1,0,1.0,Trivial Many
576,426,419,0,107600,107600,299.99,4.0,307.0,22.920399131894296,0.0,2,3,1,3.0,1,1,1,0,1.0,Trivial Many
577,719,827,0,107600,107600,599.99,3.2,5.0,5.733630301529776,0.0,3,5,1,1.0,1,0,1,0,1.0,Trivial Many
578,717,883,0,107600,107600,649.99,5.0,3.0,6.931471805599453,0.0,1,5,1,1.0,1,0,1,0,1.0,Trivial Many
579,716,181,0,107600,107600,304.35,3.6,8.0,7.910008478410391,0.0,3,4,1,3.0,1,0,1,0,1.0,Trivial Many
580,710,936,0,107600,107600,1099.99,5.0,4.0,8.047189562170502,0.0,1,6,1,1.0,1,0,1,0,1.0,Trivial Many
581,699,875,0,107600,107600,1199.0,4.1,9.0,9.440598881275587,0.0,2,6,1,1.0,1,0,1,0,1.0,Trivial Many
582,697,906,0,107600,107600,1139.0,4.1,9.0,9.440598881275587,0.0,2,6,1,1.0,1,0,1,1,1.0,Trivial Many
583,695,525,0,107600,107600,899.0,5.0,6.0,9.729550745276565,0.0,1,5,1,1.0,1,0,1,0,1.0,Trivial Many
584,682,514,0,107600,107600,1539.99,4.5,9.0,10.361632918473207,0.0,1,6,1,1.0,1,0,1,0,1.0,Trivial Many
585,669,886,0,107600,107600,959.98,3.8,22.0,11.914878020530768,0.0,3,5,1,1.0,1,0,1,0,1.0,Trivial Many
586,566,310,0,107600,107600,270.58,3.9,77.0,16.99116442408941,0.0,3,3,1,3.0,1,0,1,0,1.0,Trivial Many
587,564,313,0,107600,107600,287.0,3.9,77.0,16.99116442408941,0.0,3,3,1,3.0,1,0,1,0,1.0,Trivial Many
588,617,409,0,107600,107600,378.03,3.7,52.0,14.690080080142852,0.0,3,4,1,3.0,1,0,1,0,1.0,Trivial Many
589,649,604,0,107600,107600,858.99,4.2,23.0,13.347826087461373,0.0,2,5,1,1.0,1,0,1,0,1.0,Trivial Many
590,646,854,0,107600,107600,1259.99,3.9,31.0,13.516370020918933,0.0,3,6,1,1.0,1,0,1,0,1.0,Trivial Many
591,644,725,0,107600,107600,1589.99,3.9,31.0,13.516370020918933,0.0,3,6,1,1.0,1,0,1,0,1.0,Trivial Many
592,643,726,0,107600,107600,1250.99,3.9,31.0,13.516370020918933,0.0,3,6,1,1.0,1,0,1,0,1.0,Trivial Many
593,642,727,0,107600,107600,1149.99,3.9,31.0,13.516370020918933,0.0,3,6,1,,1,0,0,0,1.0,Trivial Many
594,641,855,0,107600,107600,1439.99,3.9,31.0,13.516370020918933,0.0,3,6,1,1.0,1,0,1,0,1.0,Trivial Many
595,638,343,0,107600,107600,873.99,3.7,43.0,14.001501645497566,0.0,3,5,1,1.0,1,1,1,1,1.0,Trivial Many
596,632,638,0,107600,107600,674.49,4.0,35.0,14.33407575382444,0.0,2,5,1,1.0,1,1,1,1,1.0,Trivial Many
597,626,399,0,107600,107600,406.78,3.7,52.0,14.690080080142852,0.0,3,4,1,3.0,1,0,1,0,1.0,Trivial Many
598,624,397,0,107600,107600,326.28,3.7,52.0,14.690080080142852,0.0,3,4,1,3.0,1,0,1,0,1.0,Trivial Many
599,623,398,0,107600,107600,369.98,3.7,52.0,14.690080080142852,0.0,3,4,1,3.0,1,0,1,0,1.0,Trivial Many
600,563,312,0,107600,107600,307.99,3.9,77.0,16.99116442408941,0.0,3,4,1,3.0,1,1,1,0,1.0,Trivial Many
601,606,552,0,107600,107600,1000.0,4.4,28.0,14.816101651940487,0.0,2,5,1,1.0,1,0,1,0,1.0,Trivial Many
602,604,458,0,107600,107600,989.0,4.4,28.0,14.816101651940487,0.0,2,5,1,1.0,1,0,1,0,1.0,Trivial Many
603,601,455,0,107600,107600,1393.5,4.4,29.0,14.965268479313485,0.0,2,6,1,1.0,1,0,1,0,1.0,Trivial Many
604,588,444,0,107600,107600,599.99,4.0,44.0,15.226649959081278,0.0,2,5,1,1.0,1,1,1,1,1.0,Trivial Many
605,579,674,0,107600,107600,599.99,4.2,40.0,15.597002680158093,0.0,2,5,1,1.0,1,0,1,0,1.0,Trivial Many
606,465,838,0,107600,107600,249.99,4.5,135.0,22.106946985812236,0.0,1,3,1,1.0,1,0,1,0,1.0,Trivial Many
607,455,591,0,107600,107600,1299.99,3.6,548.0,22.70915438943431,0.0,3,6,1,1.0,1,1,1,1,1.0,Trivial Many
608,450,703,0,107600,107600,524.98,4.6,139.0,22.731555144002797,0.0,1,5,1,3.0,1,0,1,0,1.0,Trivial Many
609,448,701,0,107600,107600,419.99,4.6,139.0,22.731555144002797,0.0,1,4,1,3.0,1,0,1,0,1.0,Trivial Many
610,439,691,0,107600,107600,539.99,4.6,139.0,22.731555144002797,0.0,1,5,1,3.0,1,0,1,0,1.0,Trivial Many
611,376,957,0,107600,107600,288.89,4.1,449.0,25.047915089333898,0.0,2,3,1,3.0,1,0,1,0,1.0,Trivial Many
612,219,355,0,107600,107600,449.0,4.2,1020.0,29.099858836291595,0.0,2,4,1,1.0,1,0,1,0,1.0,Trivial Many
613,217,845,0,107600,107600,419.0,4.2,1020.0,29.099858836291595,0.0,2,4,1,1.0,1,0,1,0,1.0,Trivial Many
614,202,201,0,107600,107600,615.0,4.2,1173.0,29.686322401629777,0.0,2,5,1,1.0,1,0,1,0,1.0,Trivial Many
615,193,656,0,107600,107600,519.0,4.1,1496.0,29.975995376120476,0.0,2,5,1,1.0,1,0,1,0,1.0,Trivial Many
616,90,368,0,107600,107600,239.0,4.1,3698.0,33.684852946513054,0.0,2,3,1,1.0,1,0,1,0,1.0,Trivial Many
617,79,76,0,107600,107600,469.95,4.4,2502.0,34.43107928229981,0.0,2,4,1,3.0,1,0,1,0,1.0,Trivial Many
618,67,47,0,107600,107600,218.07,4.3,3357.0,34.91213360184119,0.0,2,3,1,4.0,1,0,1,0,1.0,Trivial Many
619,59,418,0,107600,107600,1499.99,4.3,4006.0,35.671931875735424,0.0,2,6,1,1.0,1,0,1,0,1.0,Trivial Many
620,40,110,0,107600,107600,379.0,4.2,4912.0,35.69848813510832,0.0,2,4,1,3.0,1,0,1,0,1.0,Trivial Many
621,29,648,0,107600,107600,991.44,4.8,3577.0,39.27628446752959,0.0,1,5,1,1.0,1,1,1,1,1.0,Trivial Many
622,2,258,0,107600,107600,525.72,4.8,35781.0,50.32896121271889,0.0,1,5,1,8.0,0,1,1,0,1.0,Trivial Many
623,222,354,0,107600,107600,359.0,4.2,1020.0,29.099858836291595,0.0,2,4,1,1.0,1,0,1,0,1.0,Trivial Many
624,373,321,0,107600,107600,262.98,4.1,449.0,25.047915089333898,0.0,2,3,1,3.0,1,0,1,0,1.0,Trivial Many
625,362,448,0,107600,107600,879.0,4.5,270.0,25.209534693958656,0.0,1,5,1,1.0,1,0,1,0,1.0,Trivial Many
626,355,208,0,107600,107600,329.0,4.2,444.0,25.61191198509821,0.0,2,4,1,8.0,0,0,1,0,1.0,Trivial Many
627,353,210,0,107600,107600,429.99,4.2,444.0,25.61191198509821,0.0,2,4,1,1.0,1,0,0,0,1.0,Trivial Many
628,352,222,0,107600,107600,329.99,4.2,444.0,25.61191198509821,0.0,2,4,1,8.0,0,0,1,0,1.0,Trivial Many
629,343,499,0,107600,107600,649.99,4.6,276.0,25.870480528461755,0.0,1,5,1,3.0,1,0,1,0,1.0,Trivial Many
630,332,488,0,107600,107600,860.0,4.6,276.0,25.870480528461755,0.0,1,5,1,4.0,1,0,0,0,1.0,Trivial Many
631,329,491,0,107600,107600,619.95,4.6,276.0,25.870480528461755,0.0,1,5,1,3.0,1,0,1,0,1.0,Trivial Many
632,327,494,0,107600,107600,574.0,4.6,276.0,25.870480528461755,0.0,1,5,1,3.0,1,0,1,0,1.0,Trivial Many
633,303,292,0,107600,107600,749.95,4.3,520.0,26.899725179539477,0.0,2,5,1,3.0,1,0,1,0,1.0,Trivial Many
634,177,572,0,107600,107600,3998.05,4.8,590.0,30.63271688354927,0.0,1,6,1,1.0,1,1,1,1,1.0,Trivial Many
635,559,806,0,107600,107600,929.99,4.2,57.0,17.05386064429496,0.0,2,5,1,1.0,1,0,1,0,1.0,Trivial Many
636,554,873,0,107600,107600,659.99,4.3,57.0,17.459904945349603,0.0,2,5,1,1.0,1,0,1,0,1.0,Trivial Many
637,544,341,0,107600,107600,1255.0,4.4,56.0,17.789425578472024,0.0,2,6,1,1.0,1,0,1,0,1.0,Trivial Many
638,540,166,0,107600,107600,814.0,4.3,66.0,18.080178263381153,0.0,2,5,1,,1,0,0,0,1.0,Trivial Many
639,539,141,0,107600,107600,699.95,4.4,61.0,18.159391294198404,0.0,2,5,1,1.0,1,1,1,1,1.0,Trivial Many
640,527,338,0,107600,107600,1049.99,3.9,116.0,18.57247834571125,0.0,3,6,1,1.0,1,0,1,0,1.0,Trivial Many
641,509,599,0,107600,107600,669.99,3.8,205.0,20.245929441400406,0.0,3,5,1,1.0,1,1,1,1,1.0,Trivial Many
642,504,622,0,107600,107600,1229.99,4.4,103.0,20.435319956222042,0.0,2,6,1,1.0,1,0,1,0,1.0,Trivial Many
643,502,527,0,107600,107600,948.99,4.4,103.0,20.435319956222042,0.0,2,5,1,1.0,1,0,1,0,1.0,Trivial Many
644,486,268,0,107600,107600,541.49,3.8,264.0,21.202973338747643,0.0,3,5,1,,1,1,0,1,1.0,Trivial Many
645,477,303,0,107600,107600,282.29,4.2,166.0,21.495574012150374,0.0,2,3,1,3.0,1,1,1,0,1.0,Trivial Many
646,293,283,0,107600,107600,655.41,4.3,520.0,26.899725179539477,0.0,2,5,1,3.0,1,0,1,0,1.0,Trivial Many
647,176,573,0,107600,107600,2638.0,4.8,590.0,30.63271688354927,0.0,1,6,1,1.0,1,1,1,1,1.0,Trivial Many
648,168,731,0,107600,107600,273.0,4.2,1607.0,31.00753508890343,0.0,2,3,1,1.0,1,0,1,0,1.0,Trivial Many
649,158,751,0,107600,107600,329.0,4.2,1607.0,31.00753508890343,0.0,2,4,1,1.0,1,0,1,0,1.0,Trivial Many
650,155,198,0,107600,107600,449.0,4.3,1394.0,31.1347936852985,0.0,2,4,1,3.0,1,0,1,0,1.0,Trivial Many
651,152,196,0,107600,107600,449.0,4.3,1394.0,31.1347936852985,0.0,2,4,1,3.0,1,0,1,0,1.0,Trivial Many
652,114,955,0,107600,107600,2189.99,4.6,1304.0,33.00020827088125,0.0,1,6,1,1.0,1,0,1,0,1.0,Trivial Many
653,107,322,0,107600,107600,559.94,4.2,2839.0,33.39654919085206,0.0,2,5,1,3.0,1,0,1,0,1.0,Trivial Many
654,277,146,0,107600,107600,569.95,4.3,527.0,26.957114019936924,0.0,2,5,1,3.0,1,0,1,0,1.0,Trivial Many
655,276,372,0,107600,107600,1499.0,4.3,527.0,26.957114019936924,0.0,2,6,1,4.0,1,0,0,0,1.0,Trivial Many
656,266,127,0,107600,107600,575.0,4.3,527.0,26.957114019936924,0.0,2,5,1,3.0,1,0,1,0,1.0,Trivial Many
