rating_rank,product_id,rating_range_id,rating,ratings_total,weighted_rating,avg_star_score,recent_month_sale,price_range_id,availability_id,is_fba,is_prime,condition_id,leaf_category
674,720,2,4.0,48.0,15.567281192442506,0.771,0,6.0,1,0,0,1.0,1.0
673,721,2,4.0,48.0,15.567281192442506,0.771,0,,3,0,1,,1.0
670,722,2,4.0,48.0,15.567281192442506,0.771,0,6.0,1,0,0,1.0,1.0
672,723,2,4.0,48.0,15.567281192442506,0.771,0,6.0,1,0,0,1.0,1.0
800,724,1,4.5,9.0,10.361632918473207,0.8869999999999999,0,6.0,1,0,0,1.0,1.0
738,725,3,3.9,31.0,13.516370020918933,0.767,0,6.0,1,0,0,1.0,1.0
742,726,3,3.9,31.0,13.516370020918933,0.767,0,6.0,1,0,0,1.0,1.0
743,727,3,3.9,31.0,13.516370020918933,0.767,0,6.0,1,0,0,,1.0
197,728,2,4.2,1607.0,31.00753508890343,0.8270000000000001,0,4.0,1,0,0,1.0,14.0
196,729,2,4.2,1607.0,31.00753508890343,0.8270000000000001,0,3.0,1,0,0,1.0,14.0
185,730,2,4.2,1607.0,31.00753508890343,0.8270000000000001,0,,3,0,1,,14.0
186,731,2,4.2,1607.0,31.00753508890343,0.8270000000000001,0,3.0,1,0,0,1.0,14.0
187,732,2,4.2,1607.0,31.00753508890343,0.8270000000000001,0,4.0,1,0,0,1.0,14.0
628,733,2,4.0,82.0,17.675362431186393,0.778,100,5.0,1,1,1,1.0,13.0
613,734,2,4.0,93.0,18.173179129080015,0.0,100,4.0,1,1,1,1.0,13.0
516,735,3,3.6,548.0,22.70915438943431,0.6910000000000001,0,,3,0,1,,13.0
746,736,2,4.1,25.0,13.358195805888075,0.809,100,6.0,1,1,1,1.0,13.0
188,737,2,4.2,1607.0,31.00753508890343,0.8270000000000001,0,3.0,1,0,0,1.0,14.0
189,738,2,4.2,1607.0,31.00753508890343,0.8270000000000001,0,3.0,1,0,0,1.0,14.0
190,739,2,4.2,1607.0,31.00753508890343,0.8270000000000001,0,3.0,1,1,1,1.0,14.0
191,740,2,4.2,1607.0,31.00753508890343,0.8270000000000001,0,4.0,1,0,0,1.0,14.0
198,741,2,4.2,1607.0,31.00753508890343,0.0,0,4.0,1,0,0,,14.0
184,742,2,4.2,1607.0,31.00753508890343,0.8270000000000001,0,,3,0,1,,14.0
621,743,2,4.2,72.0,18.019929652823244,0.8180000000000001,100,6.0,1,0,0,1.0,13.0
728,744,2,4.4,24.0,14.163053629420084,0.8680000000000001,100,6.0,1,1,1,1.0,13.0
856,745,3,3.5,5.0,6.271158142298193,0.662,0,,2,0,1,,13.0
847,746,3,3.5,7.0,7.278045395879425,0.655,0,,2,0,1,,13.0
653,747,2,4.1,61.0,16.921250978684874,0.787,50,5.0,1,1,1,1.0,13.0
193,748,2,4.2,1607.0,31.00753508890343,0.8270000000000001,0,4.0,1,0,0,1.0,
192,749,2,4.2,1607.0,31.00753508890343,0.8270000000000001,0,3.0,1,0,0,1.0,14.0
194,750,2,4.2,1607.0,31.00753508890343,0.8270000000000001,0,4.0,1,0,0,1.0,14.0
195,751,2,4.2,1607.0,31.00753508890343,0.8270000000000001,0,4.0,1,0,0,1.0,14.0
816,752,1,4.6,7.0,9.565431091727243,0.9,0,4.0,1,0,0,1.0,
663,753,2,4.3,38.0,15.753315078357478,0.8570000000000001,0,,2,0,1,,
931,754,5,0.0,0.0,0.0,0.0,0,5.0,1,0,0,3.0,10.0
862,755,1,5.0,2.0,5.493061443340549,1.0,0,,2,0,1,,
729,756,2,4.2,28.0,14.142642485943192,0.8360000000000001,50,5.0,1,0,0,1.0,1.0
948,757,5,0.0,0.0,0.0,0.0,0,,2,0,1,,
518,758,3,3.6,548.0,22.70915438943431,0.6910000000000001,50,6.0,1,1,1,1.0,13.0
600,759,2,4.2,97.0,19.256863410416404,0.812,0,,2,0,1,,1.0
640,760,2,4.4,51.0,17.385472361758282,0.871,100,5.0,1,0,0,1.0,14.0
664,761,2,4.3,38.0,15.753315078357478,0.8520000000000001,50,6.0,1,1,1,1.0,13.0
608,762,2,4.0,100.0,18.46048206736504,0.781,0,5.0,1,1,1,1.0,13.0
867,763,1,5.0,2.0,5.493061443340549,1.0,0,5.0,1,0,0,,14.0
850,764,1,5.0,3.0,6.931471805599453,1.0,0,5.0,1,0,0,1.0,14.0
957,765,5,0.0,0.0,0.0,0.0,0,5.0,1,0,0,1.0,14.0
770,766,2,4.0,22.0,12.541976863716599,0.772,200,5.0,1,0,0,1.0,14.0
955,767,5,0.0,0.0,0.0,0.0,0,5.0,1,0,0,1.0,14.0
682,768,2,4.3,32.0,15.034982514305865,0.8530000000000001,0,6.0,1,0,0,1.0,13.0
786,769,1,5.0,8.0,10.986122886681098,1.0,0,6.0,1,0,0,1.0,1.0
785,770,1,5.0,8.0,10.986122886681098,1.0,0,6.0,1,0,0,1.0,1.0
784,771,1,5.0,8.0,10.986122886681098,1.0,0,6.0,1,0,0,1.0,1.0
953,772,5,0.0,0.0,0.0,0.0,0,6.0,1,0,0,1.0,1.0
683,773,2,4.3,32.0,15.034982514305865,0.8530000000000001,0,5.0,1,0,0,8.0,13.0
260,774,2,4.4,734.0,29.039430196536482,0.879,300,4.0,1,1,1,1.0,14.0
548,775,2,4.2,156.0,21.236232382462894,0.8190000000000001,0,6.0,1,0,0,1.0,13.0
303,776,3,3.7,1583.0,27.260521717785174,0.704,50,5.0,1,1,1,1.0,13.0
575,777,2,4.4,100.0,20.306530274101544,0.868,100,5.0,1,0,0,1.0,13.0
793,778,3,3.0,34.0,10.666044184468241,0.558,50,3.0,1,0,0,,9.0
952,779,5,0.0,0.0,0.0,0.0,0,5.0,1,0,0,1.0,
736,780,1,4.5,20.0,13.700350969755403,0.878,0,6.0,1,0,0,1.0,13.0
735,781,1,4.5,20.0,13.700350969755403,0.878,0,6.0,1,0,0,1.0,13.0
634,782,2,4.3,57.0,17.459904945349603,0.8500000000000001,0,5.0,1,0,0,1.0,1.0
880,783,4,2.4,5.0,4.300222726147331,0.439,50,,2,0,1,,13.0
659,784,2,4.0,52.0,15.881167654208488,0.7709999999999999,0,5.0,1,0,0,1.0,1.0
660,785,2,4.0,52.0,15.881167654208488,0.7709999999999999,50,5.0,1,0,0,1.0,1.0
631,786,2,4.1,72.0,17.5908837087084,0.799,0,6.0,1,0,0,1.0,1.0
630,787,2,4.1,72.0,17.5908837087084,0.799,0,6.0,1,0,0,1.0,1.0
801,788,1,4.7,8.0,10.326955513480232,0.944,0,,2,0,1,,13.0
881,789,4,2.5,4.0,4.023594781085251,0.4,0,5.0,1,0,0,1.0,13.0
782,790,1,4.8,9.0,11.05240844637142,0.97,0,,2,0,1,,13.0
554,791,1,4.5,110.0,21.192885905905502,0.904,0,,2,0,1,,13.0
455,792,1,4.6,167.0,23.57023430525499,0.9289999999999999,200,4.0,1,0,0,5.0,12.0
456,793,1,4.6,167.0,23.57023430525499,0.9289999999999999,0,4.0,1,0,0,5.0,12.0
457,794,1,4.6,167.0,23.57023430525499,0.9289999999999999,300,4.0,1,0,0,5.0,12.0
461,795,1,4.6,167.0,23.57023430525499,0.9289999999999999,0,5.0,1,0,0,5.0,12.0
458,796,1,4.6,167.0,23.57023430525499,0.9289999999999999,100,4.0,1,0,0,5.0,12.0
460,797,1,4.6,167.0,23.57023430525499,0.9289999999999999,0,4.0,1,0,0,5.0,12.0
459,798,1,4.6,167.0,23.57023430525499,0.9289999999999999,50,4.0,1,0,0,5.0,12.0
451,799,1,4.6,167.0,23.57023430525499,0.9289999999999999,0,5.0,1,0,0,5.0,12.0
454,800,1,4.6,167.0,23.57023430525499,0.9289999999999999,0,5.0,1,0,0,5.0,12.0
592,801,1,4.7,67.0,19.831686214327704,0.9390000000000001,100,5.0,1,0,0,1.0,13.0
358,802,2,4.1,570.0,26.02429575958964,0.805,0,,2,0,1,,14.0
642,803,2,4.2,57.0,17.05386064429496,0.808,0,6.0,1,0,0,1.0,13.0
643,804,2,4.2,57.0,17.05386064429496,0.808,0,5.0,1,0,0,1.0,13.0
644,805,2,4.2,57.0,17.05386064429496,0.808,0,,3,0,1,,13.0
645,806,2,4.2,57.0,17.05386064429496,0.808,0,5.0,1,0,0,1.0,13.0
646,807,2,4.2,57.0,17.05386064429496,0.808,0,5.0,1,0,0,1.0,13.0
261,808,2,4.4,734.0,29.039430196536482,0.879,100,4.0,1,0,0,1.0,14.0
942,809,5,0.0,0.0,0.0,0.0,0,6.0,1,0,0,1.0,13.0
906,810,1,5.0,1.0,3.4657359027997265,1.0,0,6.0,1,0,0,1.0,13.0
357,811,2,4.1,570.0,26.02429575958964,0.805,50,,3,0,1,,14.0
654,812,2,4.1,60.0,16.854582843110574,0.797,50,4.0,1,0,0,1.0,10.0
946,813,5,0.0,0.0,0.0,0.0,0,5.0,1,0,0,1.0,
943,814,5,0.0,0.0,0.0,0.0,0,,2,0,1,,
853,815,3,3.8,5.0,6.808685983066608,0.6799999999999999,0,,3,0,1,,1.0
639,816,2,4.1,69.0,17.41883049240237,0.799,0,,2,0,1,,13.0
828,817,1,4.6,6.0,8.95118668565444,0.9299999999999999,0,6.0,1,0,0,1.0,13.0
680,818,2,4.0,44.0,15.226649959081278,0.777,100,5.0,1,1,1,1.0,13.0
951,819,5,0.0,0.0,0.0,0.0,0,6.0,1,0,0,1.0,14.0
450,820,2,4.2,276.0,23.620873525986823,0.839,100,4.0,1,0,0,1.0,14.0
449,821,2,4.2,276.0,23.620873525986823,0.839,100,4.0,1,0,0,1.0,14.0
448,822,2,4.2,276.0,23.620873525986823,0.839,100,4.0,1,0,0,1.0,14.0
774,823,2,4.4,15.0,12.199390377855037,0.877,0,4.0,1,0,0,1.0,13.0
772,824,2,4.4,15.0,12.199390377855037,0.877,0,5.0,1,0,0,1.0,13.0
773,825,2,4.4,15.0,12.199390377855037,0.877,100,4.0,1,0,0,1.0,13.0
771,826,2,4.4,15.0,12.199390377855037,0.877,0,6.0,1,0,0,1.0,13.0
858,827,3,3.2,5.0,5.733630301529776,0.5710000000000001,0,5.0,1,0,0,1.0,13.0
956,828,5,0.0,0.0,0.0,0.0,0,6.0,1,0,0,1.0,14.0
594,829,2,4.3,95.0,19.626697223311695,0.8450000000000001,0,6.0,1,1,1,1.0,13.0
658,830,3,3.9,61.0,16.095824101675856,0.753,200,2.0,1,0,0,3.0,13.0
526,831,1,4.5,135.0,22.106946985812236,0.8850000000000001,50,3.0,1,0,0,1.0,14.0
524,832,1,4.5,135.0,22.106946985812236,0.8850000000000001,0,3.0,1,0,0,1.0,14.0
523,833,1,4.5,135.0,22.106946985812236,0.8850000000000001,100,3.0,1,0,0,1.0,14.0
530,834,1,4.5,135.0,22.106946985812236,0.8850000000000001,50,3.0,1,0,0,1.0,14.0
522,835,1,4.5,135.0,22.106946985812236,0.8850000000000001,0,4.0,1,0,0,1.0,14.0
525,836,1,4.5,135.0,22.106946985812236,0.8850000000000001,0,3.0,1,0,0,1.0,14.0
527,837,1,4.5,135.0,22.106946985812236,0.8850000000000001,50,3.0,1,0,0,1.0,14.0
528,838,1,4.5,135.0,22.106946985812236,0.8850000000000001,0,3.0,1,0,0,1.0,14.0
529,839,1,4.5,135.0,22.106946985812236,0.8850000000000001,100,3.0,1,0,0,1.0,14.0
887,1,1,5.0,1.0,3.4657359027997265,1.0,0,,2,0,1,,13.0
266,2,2,4.2,970.0,28.888971166823566,0.0,0,,2,0,1,,14.0
861,3,1,5.0,2.0,5.493061443340549,1.0,0,,2,0,1,,13.0
139,4,2,4.0,3562.0,32.713432662423344,0.783,200,2.0,1,0,0,3.0,12.0
295,5,2,4.4,586.0,28.05010920724363,0.877,0,,2,0,1,,10.0
215,6,3,3.9,2333.0,30.245821370101353,0.751,1000,2.0,1,0,0,3.0,14.0
418,7,2,4.2,394.0,25.11132021258471,0.8240000000000001,300,2.0,1,0,0,3.0,12.0
19,8,2,4.4,25468.0,44.638956143434484,0.0,300,2.0,1,0,0,4.0,12.0
16,9,2,4.4,25468.0,44.638956143434484,0.8590000000000001,50,2.0,1,0,0,3.0,12.0
61,10,2,4.3,4204.0,35.87932716135031,0.8370000000000001,0,3.0,1,0,0,4.0,12.0
15,11,2,4.4,25468.0,44.638956143434484,0.8590000000000001,50,2.0,1,0,0,4.0,12.0
60,12,2,4.3,4204.0,35.87932716135031,0.8370000000000001,50,4.0,1,0,0,4.0,12.0
462,13,2,4.0,354.0,23.488471157901664,0.778,0,6.0,1,0,0,8.0,1.0
17,14,2,4.4,25468.0,44.638956143434484,0.8590000000000001,1000,2.0,1,0,0,3.0,12.0
296,15,2,4.4,554.0,27.803459700484314,0.0,100,2.0,1,0,0,3.0,12.0
483,16,2,4.4,176.0,22.775058823324848,0.859,0,3.0,1,0,0,4.0,12.0
18,17,2,4.4,25468.0,44.638956143434484,0.8590000000000001,1000,2.0,1,0,0,3.0,12.0
558,18,2,4.2,145.0,20.931147811175013,0.816,0,2.0,1,0,0,3.0,12.0
534,19,2,4.3,164.0,21.955565537772493,0.8430000000000001,0,4.0,1,0,0,3.0,1.0
39,20,2,4.3,12152.0,40.442924727044435,0.8500000000000001,500,2.0,1,0,0,4.0,12.0
40,21,2,4.3,12152.0,40.442924727044435,0.8500000000000001,500,2.0,1,0,0,4.0,12.0
41,22,2,4.3,12152.0,40.442924727044435,0.8500000000000001,6000,2.0,1,0,0,3.0,12.0
140,23,2,4.0,3521.0,32.667137156224605,0.781,500,2.0,1,0,0,3.0,12.0
42,24,2,4.3,12152.0,40.442924727044435,0.8500000000000001,4000,2.0,1,0,0,3.0,12.0
159,25,3,3.9,3243.0,31.529793419417686,0.75,300,3.0,1,1,1,3.0,14.0
814,26,1,5.0,6.0,9.729550745276565,1.0,0,4.0,1,0,0,1.0,14.0
633,27,2,4.4,53.0,17.551529804882808,0.878,0,,2,0,1,,1.0
676,28,2,4.1,42.0,15.420920474343605,0.799,100,2.0,1,0,0,3.0,13.0
161,29,3,3.9,3243.0,31.529793419417686,0.75,500,3.0,1,0,0,3.0,14.0
151,30,3,3.9,3243.0,31.529793419417686,0.75,300,3.0,1,0,0,3.0,14.0
517,31,3,3.6,548.0,22.70915438943431,0.6910000000000001,0,,2,0,1,,13.0
241,32,1,4.6,580.0,29.277853481518786,0.923,0,6.0,1,0,0,8.0,1.0
404,33,3,3.8,837.0,25.577868781831913,0.742,100,2.0,1,0,0,3.0,13.0
794,34,1,5.0,7.0,10.39720770839918,1.0,0,6.0,1,0,0,1.0,1.0
263,35,2,4.2,984.0,28.949094892922776,0.8360000000000001,50,5.0,1,0,0,1.0,14.0
93,36,2,4.3,3357.0,34.91213360184119,0.847,50,2.0,1,0,0,4.0,12.0
92,37,2,4.3,3357.0,34.91213360184119,0.847,100,2.0,1,0,0,,12.0
91,38,2,4.3,3357.0,34.91213360184119,0.847,50,,3,0,1,,12.0
90,39,2,4.3,3357.0,34.91213360184119,0.847,1000,2.0,1,0,0,3.0,12.0
89,40,2,4.3,3357.0,34.91213360184119,0.847,200,3.0,1,0,0,4.0,12.0
535,41,2,4.0,228.0,21.73488801421696,0.789,50,2.0,1,0,0,3.0,13.0
162,42,3,3.9,3243.0,31.529793419417686,0.75,500,3.0,1,0,0,3.0,14.0
88,43,2,4.3,3357.0,34.91213360184119,0.847,0,3.0,1,0,0,3.0,12.0
84,44,2,4.3,3357.0,34.91213360184119,0.847,50,3.0,1,1,0,3.0,12.0
160,45,3,3.9,3243.0,31.529793419417686,0.75,0,3.0,1,0,0,3.0,14.0
83,46,2,4.3,3357.0,34.91213360184119,0.847,0,3.0,1,0,0,4.0,12.0
85,47,2,4.3,3357.0,34.91213360184119,0.847,0,3.0,1,0,0,4.0,12.0
86,48,2,4.3,3357.0,34.91213360184119,0.847,50,3.0,1,0,0,4.0,12.0
87,49,2,4.3,3357.0,34.91213360184119,0.847,0,4.0,1,0,0,4.0,12.0
882,50,1,5.0,1.0,3.4657359027997265,1.0,0,,2,0,1,,14.0
656,51,3,3.9,66.0,16.398301215624766,0.761,0,4.0,1,0,0,3.0,1.0
158,52,3,3.9,3243.0,31.529793419417686,0.75,100,3.0,1,0,0,3.0,14.0
150,53,1,4.7,862.0,31.77394904809211,0.9339999999999999,0,4.0,1,0,0,8.0,1.0
579,54,3,3.6,270.0,20.167627755166926,0.6650000000000001,0,,3,0,1,,1.0
733,55,1,4.6,20.0,14.004803213527746,0.924,0,,2,0,1,,1.0
156,56,3,3.9,3243.0,31.529793419417686,0.75,50,4.0,1,0,0,3.0,14.0
331,57,1,4.5,396.0,26.927713263092357,0.89,0,,2,0,1,,13.0
38,58,1,4.5,10433.0,41.63771242612052,0.902,200,1.0,1,1,1,1.0,12.0
869,59,1,5.0,2.0,5.493061443340549,1.0,0,,2,0,1,,14.0
155,60,3,3.9,3243.0,31.529793419417686,0.75,50,4.0,1,0,0,4.0,14.0
154,61,3,3.9,3243.0,31.529793419417686,0.75,50,5.0,1,0,0,4.0,14.0
152,62,3,3.9,3243.0,31.529793419417686,0.75,50,4.0,1,0,0,3.0,14.0
855,63,1,4.7,3.0,6.515583497263486,0.944,0,,2,0,1,,1.0
792,64,1,4.7,9.0,10.822149937072016,0.946,0,,2,0,1,,14.0
583,65,3,3.5,306.0,20.043967116555187,0.675,0,5.0,1,0,0,8.0,1.0
153,66,3,3.9,3243.0,31.529793419417686,0.75,50,5.0,1,0,0,4.0,14.0
142,67,3,3.9,4033.0,32.37980350220521,0.759,100,3.0,1,1,0,3.0,13.0
157,68,3,3.9,3243.0,31.529793419417686,0.75,0,5.0,1,0,0,4.0,14.0
95,69,2,4.4,2502.0,34.43107928229981,0.8680000000000001,300,4.0,1,0,0,3.0,12.0
94,70,2,4.4,2502.0,34.43107928229981,0.8680000000000001,50,4.0,1,0,0,3.0,12.0
97,71,2,4.4,2502.0,34.43107928229981,0.8680000000000001,0,4.0,1,0,0,3.0,12.0
98,72,2,4.4,2502.0,34.43107928229981,0.8680000000000001,50,4.0,1,0,0,3.0,12.0
99,73,2,4.4,2502.0,34.43107928229981,0.8680000000000001,0,5.0,1,0,0,3.0,12.0
100,74,2,4.4,2502.0,34.43107928229981,0.8680000000000001,0,4.0,1,0,0,3.0,12.0
101,75,2,4.4,2502.0,34.43107928229981,0.8680000000000001,50,4.0,1,0,0,3.0,12.0
102,76,2,4.4,2502.0,34.43107928229981,0.8680000000000001,0,4.0,1,0,0,3.0,12.0
104,77,2,4.4,2502.0,34.43107928229981,0.8680000000000001,0,5.0,1,0,0,3.0,12.0
105,78,2,4.4,2502.0,34.43107928229981,0.8680000000000001,0,5.0,1,0,0,,12.0
107,79,2,4.4,2502.0,34.43107928229981,0.8680000000000001,0,5.0,1,0,0,3.0,12.0
789,80,2,4.4,11.0,10.933589259067203,0.871,50,4.0,1,0,0,4.0,1.0
281,81,3,3.8,1699.0,28.265857414168366,0.738,500,4.0,1,0,0,3.0,14.0
96,82,2,4.4,2502.0,34.43107928229981,0.8680000000000001,50,4.0,1,0,0,3.0,12.0
163,83,2,4.2,1802.0,31.488270337453937,0.832,500,1.0,1,0,0,3.0,14.0
447,84,2,4.1,353.0,24.064117343848473,0.79,50,4.0,1,0,0,3.0,1.0
108,85,2,4.4,2502.0,34.43107928229981,0.8680000000000001,0,5.0,1,0,0,3.0,12.0
284,86,3,3.8,1699.0,28.265857414168366,0.738,50,4.0,1,1,0,3.0,14.0
106,87,2,4.4,2502.0,34.43107928229981,0.8680000000000001,100,4.0,1,0,0,3.0,12.0
285,88,3,3.8,1699.0,28.265857414168366,0.0,500,4.0,1,0,0,3.0,14.0
283,89,3,3.8,1699.0,28.265857414168366,0.738,200,4.0,1,0,0,3.0,14.0
103,90,2,4.4,2502.0,34.43107928229981,0.8680000000000001,0,5.0,1,0,0,3.0,12.0
282,91,3,3.8,1699.0,28.265857414168366,0.738,50,4.0,1,0,0,3.0,14.0
727,92,2,4.2,29.0,14.285029002981053,0.8180000000000001,0,5.0,1,0,0,3.0,1.0
75,93,2,4.2,4912.0,35.69848813510832,0.8320000000000001,500,4.0,1,0,0,3.0,12.0
74,94,2,4.2,4912.0,35.69848813510832,0.8320000000000001,100,3.0,1,0,0,3.0,12.0
73,95,2,4.2,4912.0,35.69848813510832,0.8320000000000001,100,3.0,1,0,0,3.0,12.0
62,96,2,4.2,4912.0,35.69848813510832,0.8320000000000001,50,4.0,1,0,0,3.0,12.0
873,97,1,4.5,2.0,4.943755299006494,0.902,0,,2,0,1,,13.0
70,98,2,4.2,4912.0,35.69848813510832,0.8320000000000001,50,4.0,1,0,0,3.0,12.0
275,99,2,4.1,1088.0,28.671362004025134,0.802,1000,1.0,1,0,0,3.0,14.0
63,100,2,4.2,4912.0,35.69848813510832,0.8320000000000001,1000,3.0,1,0,0,3.0,12.0
64,101,2,4.2,4912.0,35.69848813510832,0.8320000000000001,200,3.0,1,0,0,3.0,12.0
66,102,2,4.2,4912.0,35.69848813510832,0.8320000000000001,400,3.0,1,0,0,3.0,12.0
67,103,2,4.2,4912.0,35.69848813510832,0.8320000000000001,100,4.0,1,0,0,3.0,12.0
68,104,2,4.2,4912.0,35.69848813510832,0.8320000000000001,200,3.0,1,0,0,3.0,12.0
76,105,2,4.2,4912.0,35.69848813510832,0.8320000000000001,50,4.0,1,0,0,4.0,12.0
122,106,2,4.2,2839.0,33.39654919085206,0.825,0,4.0,1,0,0,3.0,14.0
123,107,2,4.2,2839.0,33.39654919085206,0.825,500,4.0,1,0,0,3.0,14.0
135,108,2,4.2,2839.0,33.39654919085206,0.0,300,4.0,1,0,0,3.0,14.0
125,109,2,4.2,2839.0,33.39654919085206,0.825,400,4.0,1,0,0,4.0,14.0
72,110,2,4.2,4912.0,35.69848813510832,0.8320000000000001,0,4.0,1,0,0,3.0,12.0
81,111,2,4.2,4912.0,35.69848813510832,0.8320000000000001,50,4.0,1,0,0,4.0,12.0
620,112,2,4.1,81.0,18.067548913783437,0.795,50,5.0,1,0,0,3.0,1.0
80,113,2,4.2,4912.0,35.69848813510832,0.8320000000000001,50,4.0,1,0,0,3.0,12.0
71,114,2,4.2,4912.0,35.69848813510832,0.8320000000000001,50,4.0,1,0,0,3.0,12.0
166,115,2,4.2,1802.0,31.488270337453937,0.832,1000,1.0,1,0,0,3.0,14.0
77,116,2,4.2,4912.0,35.69848813510832,0.8320000000000001,50,4.0,1,0,0,3.0,12.0
124,117,2,4.2,2839.0,33.39654919085206,0.825,0,4.0,1,0,0,3.0,14.0
78,118,2,4.2,4912.0,35.69848813510832,0.8320000000000001,0,4.0,1,0,0,3.0,12.0
79,119,2,4.2,4912.0,35.69848813510832,0.8320000000000001,50,4.0,1,0,0,3.0,12.0
752,600,2,4.2,23.0,13.347826087461373,0.832,0,6.0,1,0,0,1.0,1.0
750,601,2,4.2,23.0,13.347826087461373,0.832,0,6.0,1,0,0,1.0,1.0
748,602,2,4.2,23.0,13.347826087461373,0.832,0,6.0,1,0,0,1.0,1.0
747,603,2,4.2,23.0,13.347826087461373,0.832,0,6.0,1,0,0,1.0,1.0
749,604,2,4.2,23.0,13.347826087461373,0.832,0,5.0,1,0,0,1.0,1.0
751,605,2,4.2,23.0,13.347826087461373,0.832,0,6.0,1,0,0,1.0,1.0
860,606,1,5.0,2.0,5.493061443340549,1.0,0,,2,0,1,,13.0
148,607,1,4.5,1308.0,32.29658444659455,0.898,0,5.0,1,0,0,1.0,13.0
636,608,2,4.1,69.0,17.41883049240237,0.799,0,,2,0,1,,13.0
854,609,3,3.7,5.0,6.629510036143803,0.7150000000000001,0,,2,0,1,,13.0
857,610,3,3.2,6.0,6.226912476977002,0.5790000000000001,0,,2,0,1,,13.0
431,611,1,4.5,244.0,24.755661947451273,0.893,50,5.0,1,0,0,1.0,14.0
430,612,1,4.5,244.0,24.755661947451273,0.893,100,5.0,1,0,0,1.0,14.0
429,613,1,4.5,244.0,24.755661947451273,0.893,300,4.0,1,0,0,1.0,14.0
556,614,2,4.4,121.0,21.13769259682633,0.861,200,5.0,1,1,1,1.0,13.0
425,615,2,4.3,336.0,25.026356600515154,0.834,100,6.0,1,1,1,1.0,13.0
330,616,2,4.4,454.0,26.929308643384182,0.872,200,6.0,1,1,1,1.0,14.0
237,617,1,4.5,713.0,29.568973330528127,0.897,0,,2,0,1,,13.0
238,618,1,4.5,713.0,29.568973330528127,0.897,0,,2,0,1,,13.0
234,619,1,4.5,713.0,29.568973330528127,0.897,0,6.0,1,0,0,1.0,13.0
235,620,1,4.5,713.0,29.568973330528127,0.897,0,6.0,1,0,0,1.0,13.0
930,621,5,0.0,0.0,0.0,0.0,0,6.0,1,0,0,1.0,14.0
565,622,2,4.4,103.0,20.435319956222042,0.8550000000000001,0,6.0,1,0,0,1.0,14.0
564,623,2,4.4,103.0,20.435319956222042,0.8550000000000001,0,,3,0,1,,14.0
569,624,2,4.4,103.0,20.435319956222042,0.8550000000000001,0,6.0,1,0,0,1.0,14.0
681,625,3,3.9,47.0,15.097683942540774,0.7450000000000001,0,5.0,1,1,1,1.0,13.0
396,626,2,4.4,344.0,25.711595434937987,0.876,500,5.0,1,1,1,1.0,14.0
356,627,2,4.4,388.0,26.239749111921164,0.869,500,5.0,1,1,1,1.0,14.0
928,628,5,0.0,0.0,0.0,0.0,0,,2,0,1,,14.0
927,629,5,0.0,0.0,0.0,0.0,0,,2,0,1,,14.0
603,630,1,4.5,62.0,18.644106268761895,0.892,0,,2,0,1,,1.0
595,631,2,4.3,95.0,19.626697223311695,0.8450000000000001,100,5.0,1,1,1,1.0,13.0
544,632,2,4.2,156.0,21.236232382462894,0.8190000000000001,0,5.0,1,1,1,1.0,13.0
547,633,2,4.2,156.0,21.236232382462894,0.8190000000000001,50,6.0,1,0,0,1.0,13.0
546,634,2,4.2,156.0,21.236232382462894,0.8190000000000001,0,6.0,1,0,0,1.0,13.0
839,635,1,5.0,4.0,8.047189562170502,1.0,0,6.0,1,0,0,1.0,1.0
840,636,1,5.0,4.0,8.047189562170502,1.0,0,6.0,1,0,0,1.0,1.0
835,637,1,5.0,4.0,8.047189562170502,1.0,0,,3,0,1,,1.0
725,638,2,4.0,35.0,14.33407575382444,0.781,0,5.0,1,1,1,1.0,13.0
810,639,2,4.3,9.0,9.901115899874396,0.856,50,5.0,1,1,1,1.0,1.0
55,640,1,4.8,3577.0,39.27628446752959,0.9530000000000001,1000,5.0,1,1,1,1.0,12.0
54,641,1,4.8,3577.0,39.27628446752959,0.9530000000000001,1000,5.0,1,1,1,1.0,12.0
53,642,1,4.8,3577.0,39.27628446752959,0.9530000000000001,200,5.0,1,1,1,1.0,12.0
52,643,1,4.8,3577.0,39.27628446752959,0.9530000000000001,50,5.0,1,1,1,1.0,12.0
45,644,1,4.8,3577.0,39.27628446752959,0.9530000000000001,0,6.0,1,1,1,1.0,12.0
51,645,1,4.8,3577.0,39.27628446752959,0.9530000000000001,200,5.0,1,1,1,1.0,12.0
50,646,1,4.8,3577.0,39.27628446752959,0.9530000000000001,2000,5.0,1,1,1,1.0,12.0
48,647,1,4.8,3577.0,39.27628446752959,0.9530000000000001,0,6.0,1,1,1,1.0,12.0
47,648,1,4.8,3577.0,39.27628446752959,0.9530000000000001,0,5.0,1,1,1,1.0,12.0
46,649,1,4.8,3577.0,39.27628446752959,0.9530000000000001,400,5.0,1,1,1,1.0,12.0
49,650,1,4.8,3577.0,39.27628446752959,0.9530000000000001,100,5.0,1,1,1,1.0,12.0
56,651,1,4.8,3577.0,39.27628446752959,0.9530000000000001,0,5.0,1,1,1,1.0,12.0
44,652,1,4.8,3577.0,39.27628446752959,0.9530000000000001,1000,5.0,1,1,1,1.0,12.0
781,653,2,4.0,16.0,11.332853376224865,0.782,100,5.0,1,1,1,1.0,13.0
366,654,1,4.6,276.0,25.870480528461755,0.9239999999999999,0,5.0,1,0,0,5.0,12.0
251,655,2,4.2,1020.0,29.099858836291595,0.8340000000000001,0,5.0,1,0,0,1.0,14.0
227,656,2,4.1,1496.0,29.975995376120476,0.0,0,5.0,1,0,0,1.0,14.0
222,657,2,4.1,1496.0,29.975995376120476,0.8130000000000001,0,5.0,1,0,0,1.0,14.0
249,658,2,4.2,1020.0,29.099858836291595,0.8340000000000001,0,5.0,1,0,0,1.0,14.0
147,659,1,4.5,1308.0,32.29658444659455,0.898,0,,3,0,1,,13.0
146,660,1,4.5,1308.0,32.29658444659455,0.898,0,6.0,1,0,0,1.0,13.0
145,661,1,4.5,1308.0,32.29658444659455,0.898,0,5.0,1,0,0,1.0,13.0
144,662,1,4.5,1308.0,32.29658444659455,0.898,50,5.0,1,0,0,1.0,13.0
329,663,2,4.4,454.0,26.929308643384182,0.872,500,6.0,1,0,0,1.0,14.0
259,664,2,4.4,734.0,29.039430196536482,0.879,200,5.0,1,0,0,1.0,14.0
885,665,1,5.0,1.0,3.4657359027997265,1.0,0,,2,0,1,,14.0
618,666,2,4.4,61.0,18.159391294198404,0.8820000000000001,0,6.0,1,0,0,1.0,13.0
874,667,1,4.5,2.0,4.943755299006494,0.902,0,6.0,1,0,0,1.0,13.0
443,668,3,3.7,722.0,24.35861412198743,0.7110000000000001,50,5.0,1,1,1,1.0,13.0
693,669,2,4.1,37.0,14.91410325487818,0.794,50,6.0,1,0,0,1.0,13.0
675,670,2,4.0,48.0,15.567281192442506,0.771,0,6.0,1,0,0,1.0,1.0
671,671,2,4.0,48.0,15.567281192442506,0.771,0,6.0,1,0,0,,1.0
803,672,2,4.1,11.0,10.1881172641308,0.803,50,6.0,1,0,0,1.0,13.0
802,673,2,4.1,11.0,10.1881172641308,0.803,0,5.0,1,0,0,1.0,13.0
668,674,2,4.2,40.0,15.597002680158093,0.8150000000000001,0,5.0,1,0,0,1.0,13.0
667,675,2,4.2,40.0,15.597002680158093,0.8150000000000001,0,5.0,1,0,0,1.0,13.0
666,676,2,4.2,40.0,15.597002680158093,0.8150000000000001,200,5.0,1,0,0,,13.0
394,677,1,4.5,304.0,25.741402994733352,0.897,200,5.0,1,0,0,1.0,13.0
549,678,2,4.2,156.0,21.236232382462894,0.8190000000000001,0,6.0,1,0,0,1.0,13.0
913,679,1,5.0,1.0,3.4657359027997265,0.0,0,5.0,1,0,0,1.0,14.0
886,680,1,5.0,1.0,3.4657359027997265,1.0,0,,2,0,1,,14.0
655,681,1,5.0,27.0,16.66102255087602,1.0,50,5.0,1,0,0,3.0,12.0
919,682,4,1.0,1.0,0.6931471805599453,0.1,0,,2,0,1,,1.0
593,683,2,4.3,95.0,19.626697223311695,0.8450000000000001,0,6.0,1,1,1,1.0,13.0
511,684,1,4.6,139.0,22.731555144002797,0.903,50,4.0,1,0,0,3.0,12.0
513,685,1,4.6,139.0,22.731555144002797,0.903,300,5.0,1,0,0,3.0,12.0
510,686,1,4.6,139.0,22.731555144002797,0.903,0,4.0,1,0,0,3.0,12.0
514,687,1,4.6,139.0,22.731555144002797,0.903,0,5.0,1,0,0,4.0,12.0
505,688,1,4.6,139.0,22.731555144002797,0.903,300,4.0,1,0,0,3.0,12.0
502,689,1,4.6,139.0,22.731555144002797,0.903,0,,3,0,1,,12.0
495,690,1,4.6,139.0,22.731555144002797,0.903,50,4.0,1,0,0,3.0,12.0
496,691,1,4.6,139.0,22.731555144002797,0.903,0,5.0,1,0,0,3.0,12.0
497,692,1,4.6,139.0,22.731555144002797,0.903,0,4.0,1,0,0,3.0,12.0
499,693,1,4.6,139.0,22.731555144002797,0.903,0,5.0,1,0,0,3.0,12.0
500,694,1,4.6,139.0,22.731555144002797,0.903,0,5.0,1,0,0,3.0,12.0
501,695,1,4.6,139.0,22.731555144002797,0.903,0,5.0,1,0,0,3.0,12.0
509,696,1,4.6,139.0,22.731555144002797,0.903,400,4.0,1,1,0,3.0,12.0
494,697,1,4.6,139.0,22.731555144002797,0.903,0,5.0,1,0,0,3.0,12.0
506,698,1,4.6,139.0,22.731555144002797,0.903,400,4.0,1,1,0,3.0,12.0
508,699,1,4.6,139.0,22.731555144002797,0.903,100,4.0,1,0,0,3.0,12.0
507,700,1,4.6,139.0,22.731555144002797,0.903,0,5.0,1,0,0,4.0,12.0
512,701,1,4.6,139.0,22.731555144002797,0.903,0,4.0,1,0,0,3.0,12.0
498,702,1,4.6,139.0,22.731555144002797,0.903,50,4.0,1,0,0,3.0,12.0
504,703,1,4.6,139.0,22.731555144002797,0.903,0,5.0,1,0,0,3.0,12.0
503,704,1,4.6,139.0,22.731555144002797,0.903,0,5.0,1,0,0,3.0,12.0
876,705,4,2.9,4.0,4.667369946058891,0.53,0,,2,0,1,,1.0
877,706,4,2.9,4.0,4.667369946058891,0.53,0,,2,0,1,,1.0
878,707,4,2.9,4.0,4.667369946058891,0.53,0,,2,0,1,,1.0
875,708,4,2.9,4.0,4.667369946058891,0.53,0,,2,0,1,,1.0
879,709,4,2.9,4.0,4.667369946058891,0.53,0,,2,0,1,,1.0
893,710,1,5.0,1.0,3.4657359027997265,1.0,0,,2,0,1,,14.0
242,711,1,4.6,580.0,29.277853481518786,0.923,50,,2,0,1,,1.0
582,712,2,4.0,153.0,20.147810409654518,0.787,0,5.0,1,0,0,3.0,13.0
662,713,2,4.4,35.0,15.767483329206884,0.8760000000000001,100,,3,0,1,,13.0
765,714,2,4.2,22.0,13.16907570690243,0.809,0,6.0,1,0,0,1.0,1.0
141,715,2,4.2,2260.0,32.43896238356748,0.831,500,5.0,1,1,1,1.0,10.0
452,716,1,4.6,167.0,23.57023430525499,0.9289999999999999,1000,4.0,1,0,0,5.0,12.0
641,717,2,4.2,59.0,17.196247161332824,0.8280000000000001,0,4.0,1,0,0,8.0,1.0
732,718,2,4.2,28.0,14.142642485943192,0.8270000000000001,50,,3,0,1,,13.0
453,719,1,4.6,167.0,23.57023430525499,0.9289999999999999,500,4.0,1,0,0,4.0,12.0
492,241,1,4.6,140.0,22.764295495739574,0.914,0,4.0,1,0,0,5.0,12.0
490,242,1,4.6,140.0,22.764295495739574,0.914,0,,2,0,1,,12.0
489,243,1,4.6,140.0,22.764295495739574,0.914,0,,2,0,1,,12.0
484,244,1,4.6,140.0,22.764295495739574,0.914,0,4.0,1,0,0,5.0,12.0
601,245,2,4.3,83.0,19.052512235026246,0.8510000000000001,200,4.0,1,1,0,3.0,13.0
4,246,1,4.8,35781.0,50.32896121271889,0.9580000000000001,0,,2,0,1,,12.0
5,247,1,4.8,35781.0,50.32896121271889,0.9580000000000001,1000,4.0,1,0,0,1.0,12.0
6,248,1,4.8,35781.0,50.32896121271889,0.9580000000000001,0,,3,0,1,,12.0
7,249,1,4.8,35781.0,50.32896121271889,0.9580000000000001,100,,3,0,1,,12.0
13,250,1,4.8,35781.0,50.32896121271889,0.9580000000000001,0,,2,0,1,,12.0
1,251,1,4.8,35781.0,50.32896121271889,0.9580000000000001,0,,3,0,1,,12.0
14,252,1,4.8,35781.0,50.32896121271889,0.9580000000000001,0,,2,0,1,,12.0
12,253,1,4.8,35781.0,50.32896121271889,0.9580000000000001,0,,2,0,1,,12.0
11,254,1,4.8,35781.0,50.32896121271889,0.9580000000000001,0,,3,0,1,,12.0
10,255,1,4.8,35781.0,50.32896121271889,0.9580000000000001,100,,2,0,1,,12.0
9,256,1,4.8,35781.0,50.32896121271889,0.9580000000000001,50,,3,0,1,,12.0
8,257,1,4.8,35781.0,50.32896121271889,0.9580000000000001,0,,3,0,1,,12.0
3,258,1,4.8,35781.0,50.32896121271889,0.9580000000000001,0,5.0,1,1,0,8.0,12.0
2,259,1,4.8,35781.0,50.32896121271889,0.9580000000000001,0,,2,0,1,,12.0
442,260,3,3.7,722.0,24.35861412198743,0.7110000000000001,100,5.0,1,1,1,1.0,13.0
520,261,3,3.6,537.0,22.636290816582424,0.6930000000000001,300,4.0,1,0,0,3.0,13.0
183,262,2,4.3,1394.0,31.1347936852985,0.8580000000000001,50,4.0,1,0,0,3.0,12.0
515,263,2,4.4,174.0,22.725058285263465,0.869,500,3.0,1,1,0,3.0,13.0
478,264,2,4.0,308.0,22.933365107590983,0.765,100,3.0,1,0,0,3.0,13.0
397,265,2,4.2,444.0,25.61191198509821,0.8170000000000001,0,4.0,1,0,0,8.0,1.0
348,266,2,4.3,520.0,26.899725179539477,0.8490000000000001,100,5.0,1,0,0,3.0,12.0
859,267,1,5.0,2.0,5.493061443340549,1.0,0,,2,0,1,,14.0
553,268,3,3.8,264.0,21.202973338747643,0.7310000000000001,0,5.0,1,1,1,,13.0
405,269,2,4.2,425.0,25.428645254331357,0.82,100,4.0,1,0,0,3.0,12.0
406,270,2,4.2,425.0,25.428645254331357,0.82,0,4.0,1,0,0,3.0,12.0
407,271,2,4.2,425.0,25.428645254331357,0.82,50,4.0,1,0,0,3.0,12.0
408,272,2,4.2,425.0,25.428645254331357,0.82,50,,3,0,1,,12.0
59,273,2,4.3,4432.0,36.106376889403734,0.0,500,3.0,1,0,0,1.0,14.0
170,274,2,4.3,1394.0,31.1347936852985,0.8580000000000001,100,4.0,1,0,0,3.0,12.0
419,275,2,4.1,449.0,25.047915089333898,0.801,0,3.0,1,1,0,3.0,13.0
410,276,1,4.5,270.0,25.209534693958656,0.9,50,6.0,1,0,0,1.0,1.0
149,277,2,4.3,1719.0,32.03534215017224,0.846,3000,2.0,1,0,0,1.0,14.0
342,278,2,4.3,520.0,26.899725179539477,0.8490000000000001,0,5.0,1,0,0,3.0,12.0
349,279,2,4.3,520.0,26.899725179539477,0.8490000000000001,0,5.0,1,0,0,3.0,12.0
341,280,2,4.3,520.0,26.899725179539477,0.8490000000000001,0,5.0,1,0,0,3.0,12.0
334,281,2,4.3,520.0,26.899725179539477,0.8490000000000001,50,5.0,1,0,0,3.0,12.0
335,282,2,4.3,520.0,26.899725179539477,0.8490000000000001,0,5.0,1,0,0,3.0,12.0
336,283,2,4.3,520.0,26.899725179539477,0.8490000000000001,0,5.0,1,0,0,3.0,12.0
43,284,1,4.6,6212.0,40.17823609029299,0.916,2000,1.0,1,1,1,1.0,3.0
337,285,2,4.3,520.0,26.899725179539477,0.8490000000000001,0,5.0,1,0,0,3.0,12.0
338,286,2,4.3,520.0,26.899725179539477,0.8490000000000001,0,5.0,1,0,0,3.0,12.0
339,287,2,4.3,520.0,26.899725179539477,0.8490000000000001,50,5.0,1,0,0,3.0,12.0
340,288,2,4.3,520.0,26.899725179539477,0.8490000000000001,50,5.0,1,0,0,3.0,12.0
536,289,3,3.8,292.0,21.584655914264857,0.732,200,5.0,1,1,1,1.0,13.0
884,290,1,5.0,1.0,3.4657359027997265,1.0,0,,2,0,1,,1.0
347,291,2,4.3,520.0,26.899725179539477,0.8490000000000001,0,5.0,1,0,0,3.0,12.0
343,292,2,4.3,520.0,26.899725179539477,0.8490000000000001,0,5.0,1,0,0,3.0,12.0
344,293,2,4.3,520.0,26.899725179539477,0.8490000000000001,0,5.0,1,0,0,3.0,12.0
345,294,2,4.3,520.0,26.899725179539477,0.8490000000000001,0,5.0,1,0,0,3.0,12.0
173,295,2,4.3,1394.0,31.1347936852985,0.8580000000000001,0,4.0,1,0,0,3.0,12.0
305,296,2,4.3,527.0,26.957114019936924,0.842,50,5.0,1,1,0,3.0,1.0
313,297,2,4.3,527.0,26.957114019936924,0.842,0,5.0,1,0,0,4.0,1.0
314,298,2,4.3,527.0,26.957114019936924,0.842,50,5.0,1,1,0,3.0,1.0
316,299,2,4.3,527.0,26.957114019936924,0.842,0,5.0,1,1,0,3.0,1.0
319,300,2,4.3,527.0,26.957114019936924,0.842,0,5.0,1,0,0,,1.0
318,301,2,4.3,527.0,26.957114019936924,0.842,0,6.0,1,0,0,4.0,1.0
317,302,2,4.3,527.0,26.957114019936924,0.842,0,5.0,1,1,0,3.0,1.0
539,303,2,4.2,166.0,21.495574012150374,0.8240000000000001,0,3.0,1,1,0,3.0,13.0
542,304,2,4.2,166.0,21.495574012150374,0.8240000000000001,0,3.0,1,1,0,3.0,13.0
540,305,2,4.2,166.0,21.495574012150374,0.8240000000000001,0,3.0,1,1,0,3.0,13.0
543,306,2,4.2,166.0,21.495574012150374,0.8240000000000001,0,3.0,1,1,0,3.0,13.0
538,307,2,4.2,166.0,21.495574012150374,0.8240000000000001,0,4.0,1,1,0,3.0,13.0
541,308,2,4.2,166.0,21.495574012150374,0.8240000000000001,100,4.0,1,0,0,3.0,13.0
333,309,2,4.3,520.0,26.899725179539477,0.8490000000000001,0,5.0,1,0,0,3.0,12.0
648,310,3,3.9,77.0,16.99116442408941,0.742,0,3.0,1,0,0,3.0,13.0
651,311,3,3.9,77.0,16.99116442408941,0.742,50,4.0,1,0,0,3.0,13.0
649,312,3,3.9,77.0,16.99116442408941,0.742,0,4.0,1,1,0,3.0,13.0
650,313,3,3.9,77.0,16.99116442408941,0.742,0,3.0,1,0,0,3.0,13.0
560,314,1,4.5,96.0,20.586199403265223,0.8850000000000001,0,5.0,1,0,0,1.0,1.0
598,315,3,3.7,191.0,19.452732876502793,0.7120000000000002,50,5.0,1,0,0,3.0,13.0
597,316,3,3.7,191.0,19.452732876502793,0.7120000000000002,0,5.0,1,0,0,3.0,13.0
612,317,3,3.6,155.0,18.179481626098333,0.677,0,,2,0,1,,13.0
420,318,2,4.1,449.0,25.047915089333898,0.801,0,3.0,1,0,0,3.0,13.0
421,319,2,4.1,449.0,25.047915089333898,0.801,0,3.0,1,1,0,3.0,13.0
422,320,2,4.1,449.0,25.047915089333898,0.801,50,3.0,1,1,0,3.0,13.0
423,321,2,4.1,449.0,25.047915089333898,0.801,0,3.0,1,0,0,3.0,13.0
126,322,2,4.2,2839.0,33.39654919085206,0.825,0,5.0,1,0,0,3.0,14.0
465,323,2,4.1,298.0,23.371818650901815,0.807,0,4.0,1,0,0,3.0,13.0
466,324,2,4.1,298.0,23.371818650901815,0.807,0,4.0,1,0,0,3.0,13.0
467,325,2,4.1,298.0,23.371818650901815,0.807,0,3.0,1,0,0,3.0,13.0
468,326,2,4.1,298.0,23.371818650901815,0.807,0,3.0,1,0,0,3.0,13.0
469,327,2,4.1,298.0,23.371818650901815,0.807,0,3.0,1,0,0,3.0,13.0
470,328,2,4.1,298.0,23.371818650901815,0.807,0,3.0,1,0,0,3.0,13.0
471,329,2,4.1,298.0,23.371818650901815,0.807,0,4.0,1,0,0,3.0,13.0
472,330,2,4.1,298.0,23.371818650901815,0.807,0,4.0,1,1,0,3.0,13.0
473,331,2,4.1,298.0,23.371818650901815,0.807,0,3.0,1,1,0,3.0,13.0
474,332,2,4.1,298.0,23.371818650901815,0.807,0,3.0,1,0,0,3.0,13.0
910,333,1,5.0,1.0,3.4657359027997265,1.0,0,,2,0,1,,13.0
842,334,2,4.1,6.0,7.978231611126784,0.802,0,,2,0,1,,1.0
889,335,1,5.0,1.0,3.4657359027997265,1.0,0,4.0,1,0,0,1.0,14.0
890,336,1,5.0,1.0,3.4657359027997265,1.0,0,4.0,1,0,0,1.0,14.0
891,337,1,5.0,1.0,3.4657359027997265,1.0,0,4.0,1,0,0,1.0,14.0
604,338,3,3.9,116.0,18.57247834571125,0.746,0,6.0,1,0,0,1.0,13.0
894,339,1,5.0,1.0,3.4657359027997265,1.0,0,,2,0,1,,1.0
214,340,2,4.3,1177.0,30.407765466109588,0.848,1000,2.0,1,1,1,1.0,14.0
623,341,2,4.4,56.0,17.789425578472024,0.866,0,6.0,1,0,0,1.0,1.0
637,342,2,4.1,69.0,17.41883049240237,0.799,0,,2,0,1,,13.0
734,343,3,3.7,43.0,14.001501645497566,0.705,0,5.0,1,1,1,1.0,13.0
120,344,2,4.2,2839.0,33.39654919085206,0.825,0,5.0,1,0,0,4.0,14.0
871,345,1,4.6,2.0,5.053616527873305,0.9139999999999999,0,,2,0,1,,1.0
121,346,2,4.2,2839.0,33.39654919085206,0.825,0,5.0,1,0,0,3.0,14.0
892,347,1,5.0,1.0,3.4657359027997265,1.0,0,,2,0,1,,13.0
128,348,2,4.2,2839.0,33.39654919085206,0.825,0,5.0,1,0,0,3.0,14.0
217,349,2,4.1,1496.0,29.975995376120476,0.8130000000000001,0,4.0,1,0,0,1.0,14.0
219,350,2,4.1,1496.0,29.975995376120476,0.8130000000000001,0,4.0,1,0,0,1.0,14.0
220,351,2,4.1,1496.0,29.975995376120476,0.8130000000000001,500,4.0,1,0,0,1.0,14.0
218,352,2,4.1,1496.0,29.975995376120476,0.8130000000000001,0,4.0,1,0,0,1.0,14.0
252,353,2,4.2,1020.0,29.099858836291595,0.8340000000000001,200,4.0,1,0,0,1.0,14.0
258,354,2,4.2,1020.0,29.099858836291595,0.8340000000000001,0,4.0,1,0,0,1.0,14.0
256,355,2,4.2,1020.0,29.099858836291595,0.8340000000000001,0,4.0,1,0,0,1.0,14.0
119,356,2,4.2,2839.0,33.39654919085206,0.825,0,6.0,1,0,0,4.0,14.0
602,357,3,3.5,216.0,18.82964073739161,0.6520000000000001,100,4.0,1,1,0,3.0,13.0
480,358,2,4.0,307.0,22.920399131894296,0.765,0,3.0,1,1,0,3.0,13.0
571,359,2,4.4,103.0,20.435319956222042,0.8550000000000001,50,5.0,1,0,0,1.0,14.0
438,360,2,4.1,385.0,24.418933214805804,0.808,0,4.0,1,0,0,,13.0
365,481,1,4.6,276.0,25.870480528461755,0.9239999999999999,0,5.0,1,0,0,3.0,12.0
379,482,1,4.6,276.0,25.870480528461755,0.9239999999999999,0,4.0,1,0,0,3.0,12.0
378,483,1,4.6,276.0,25.870480528461755,0.9239999999999999,0,5.0,1,0,0,3.0,12.0
377,484,1,4.6,276.0,25.870480528461755,0.9239999999999999,0,6.0,1,0,0,4.0,12.0
376,485,1,4.6,276.0,25.870480528461755,0.9239999999999999,0,5.0,1,1,0,3.0,12.0
375,486,1,4.6,276.0,25.870480528461755,0.9239999999999999,0,5.0,1,0,0,3.0,12.0
383,487,1,4.6,276.0,25.870480528461755,0.9239999999999999,0,5.0,1,0,0,4.0,12.0
372,488,1,4.6,276.0,25.870480528461755,0.9239999999999999,0,5.0,1,0,0,4.0,12.0
371,489,1,4.6,276.0,25.870480528461755,0.9239999999999999,0,5.0,1,0,0,,12.0
370,490,1,4.6,276.0,25.870480528461755,0.9239999999999999,0,4.0,1,0,0,3.0,12.0
369,491,1,4.6,276.0,25.870480528461755,0.9239999999999999,0,5.0,1,0,0,3.0,12.0
368,492,1,4.6,276.0,25.870480528461755,0.9239999999999999,0,5.0,1,0,0,3.0,12.0
367,493,1,4.6,276.0,25.870480528461755,0.9239999999999999,50,4.0,1,0,0,3.0,12.0
374,494,1,4.6,276.0,25.870480528461755,0.9239999999999999,0,5.0,1,0,0,3.0,12.0
384,495,1,4.6,276.0,25.870480528461755,0.9239999999999999,0,5.0,1,0,0,3.0,12.0
388,496,1,4.6,276.0,25.870480528461755,0.9239999999999999,0,4.0,1,0,0,3.0,12.0
389,497,1,4.6,276.0,25.870480528461755,0.9239999999999999,0,5.0,1,0,0,3.0,12.0
390,498,1,4.6,276.0,25.870480528461755,0.9239999999999999,0,5.0,1,0,0,3.0,12.0
391,499,1,4.6,276.0,25.870480528461755,0.9239999999999999,0,5.0,1,0,0,3.0,12.0
380,500,1,4.6,276.0,25.870480528461755,0.9239999999999999,0,5.0,1,0,0,3.0,12.0
392,501,1,4.6,276.0,25.870480528461755,0.9239999999999999,0,5.0,1,1,0,3.0,12.0
387,502,1,4.6,276.0,25.870480528461755,0.9239999999999999,50,5.0,1,0,0,3.0,12.0
386,503,1,4.6,276.0,25.870480528461755,0.9239999999999999,0,5.0,1,0,0,3.0,12.0
385,504,1,4.6,276.0,25.870480528461755,0.9239999999999999,0,6.0,1,0,0,4.0,12.0
393,505,1,4.6,276.0,25.870480528461755,0.9239999999999999,0,5.0,1,1,1,3.0,12.0
280,506,2,4.4,641.0,28.44418853623583,0.86,50,4.0,1,0,0,1.0,14.0
576,507,2,4.4,100.0,20.306530274101544,0.868,100,5.0,1,0,0,1.0,13.0
477,508,2,4.1,284.0,23.175205639101467,0.803,0,,2,0,1,,1.0
783,509,2,4.3,12.0,11.029282237084608,0.849,0,,2,0,1,,1.0
737,510,1,4.7,17.0,13.584747262111973,0.944,0,,2,0,1,,1.0
246,511,2,4.3,882.0,29.168298362597024,0.851,0,,2,0,1,,13.0
491,512,1,4.6,140.0,22.764295495739574,0.914,0,5.0,1,0,0,5.0,12.0
864,513,1,5.0,2.0,5.493061443340549,1.0,0,,3,0,1,,14.0
799,514,1,4.5,9.0,10.361632918473207,0.8869999999999999,0,6.0,1,0,0,1.0,1.0
798,515,1,4.5,9.0,10.361632918473207,0.8869999999999999,0,6.0,1,0,0,1.0,1.0
797,516,1,4.5,9.0,10.361632918473207,0.8869999999999999,0,6.0,1,0,0,1.0,1.0
796,517,1,4.5,9.0,10.361632918473207,0.8869999999999999,0,6.0,1,0,0,1.0,1.0
346,518,2,4.3,520.0,26.899725179539477,0.8490000000000001,0,5.0,1,0,0,3.0,12.0
607,519,2,4.4,66.0,18.50064752532025,0.885,100,5.0,1,1,1,1.0,13.0
545,520,2,4.2,156.0,21.236232382462894,0.8190000000000001,0,6.0,1,0,0,1.0,13.0
302,521,2,4.3,608.0,27.570818551152556,0.8410000000000001,100,4.0,1,0,0,1.0,14.0
297,522,2,4.3,608.0,27.570818551152556,0.8410000000000001,50,3.0,1,0,0,1.0,14.0
766,523,2,4.2,20.0,12.786994238438377,0.8200000000000001,50,3.0,1,0,0,1.0,14.0
350,524,1,4.5,382.0,26.766157451312907,0.889,500,4.0,1,1,1,1.0,14.0
813,525,1,5.0,6.0,9.729550745276565,1.0,0,5.0,1,0,0,1.0,14.0
841,526,1,5.0,4.0,8.047189562170502,1.0,0,6.0,1,0,0,1.0,14.0
566,527,2,4.4,103.0,20.435319956222042,0.8550000000000001,0,5.0,1,0,0,1.0,14.0
567,528,2,4.4,103.0,20.435319956222042,0.8550000000000001,0,5.0,1,0,0,1.0,14.0
568,529,2,4.4,103.0,20.435319956222042,0.8550000000000001,0,6.0,1,0,0,1.0,14.0
832,530,1,5.0,4.0,8.047189562170502,1.0,0,6.0,1,0,0,1.0,14.0
236,531,1,4.5,713.0,29.568973330528127,0.897,50,6.0,1,0,0,1.0,13.0
685,532,2,4.3,32.0,15.034982514305865,0.8530000000000001,0,5.0,1,0,0,1.0,13.0
686,533,2,4.3,32.0,15.034982514305865,0.8530000000000001,0,5.0,1,0,0,1.0,13.0
687,534,2,4.3,32.0,15.034982514305865,0.8530000000000001,0,5.0,1,0,0,1.0,13.0
684,535,2,4.3,32.0,15.034982514305865,0.8530000000000001,50,5.0,1,0,0,1.0,13.0
824,536,2,4.2,8.0,9.228343224812123,0.8290000000000001,0,,2,0,1,,13.0
661,537,1,4.5,33.0,15.868622360772727,0.878,0,,2,0,1,,1.0
521,538,2,4.4,156.0,22.247481543532555,0.8660000000000001,200,5.0,1,0,0,,13.0
899,539,1,5.0,1.0,3.4657359027997265,1.0,0,,2,0,1,,14.0
551,540,2,4.2,156.0,21.236232382462894,0.8190000000000001,0,5.0,1,1,1,1.0,13.0
550,541,2,4.2,156.0,21.236232382462894,0.8190000000000001,50,6.0,1,0,0,1.0,13.0
129,542,2,4.2,2839.0,33.39654919085206,0.825,1000,5.0,1,0,0,3.0,14.0
537,543,2,4.3,149.0,21.545731764613897,0.838,200,6.0,1,1,1,1.0,1.0
652,544,2,4.0,68.0,16.93642601838904,0.77,50,5.0,1,1,1,1.0,1.0
244,545,2,4.3,882.0,29.168298362597024,0.851,0,,2,0,1,,13.0
243,546,2,4.3,882.0,29.168298362597024,0.851,100,5.0,1,1,1,1.0,13.0
726,547,2,4.0,35.0,14.33407575382444,0.779,0,,2,0,1,,1.0
845,548,2,4.3,5.0,7.704565717680636,0.8160000000000001,0,,2,0,1,,14.0
745,549,3,3.6,40.0,13.368859440135509,0.6970000000000001,0,6.0,1,0,0,1.0,13.0
909,550,1,5.0,1.0,3.4657359027997265,1.0,0,,2,0,1,,14.0
724,551,3,3.9,39.0,14.38662987104435,0.757,100,4.0,1,1,1,1.0,13.0
695,552,2,4.4,28.0,14.816101651940487,0.862,0,5.0,1,0,0,1.0,1.0
696,553,2,4.4,28.0,14.816101651940487,0.862,0,6.0,1,0,0,1.0,1.0
790,554,3,3.2,29.0,10.883831621318897,0.5840000000000001,0,,2,0,1,,13.0
627,555,2,4.0,82.0,17.675362431186393,0.778,100,5.0,1,1,1,1.0,13.0
917,556,2,4.0,1.0,2.772588722239781,0.8,0,,2,0,1,,13.0
901,557,1,5.0,1.0,3.4657359027997265,1.0,0,,2,0,1,,14.0
827,558,1,5.0,5.0,8.958797346140274,1.0,0,,2,0,1,,14.0
872,559,3,3.6,3.0,4.990659700031606,0.66,0,,2,0,1,,14.0
811,560,1,4.7,7.0,9.77337524589523,0.934,0,,2,0,1,,14.0
207,561,1,4.8,590.0,30.63271688354927,0.9550000000000001,400,6.0,1,1,1,1.0,14.0
208,562,1,4.8,590.0,30.63271688354927,0.9550000000000001,500,6.0,1,1,1,1.0,14.0
202,563,1,4.8,590.0,30.63271688354927,0.9550000000000001,100,6.0,1,1,1,1.0,14.0
213,564,1,4.8,590.0,30.63271688354927,0.9550000000000001,50,6.0,1,0,0,1.0,14.0
212,565,1,4.8,590.0,30.63271688354927,0.9550000000000001,100,6.0,1,0,0,1.0,14.0
211,566,1,4.8,590.0,30.63271688354927,0.9550000000000001,300,6.0,1,1,1,1.0,14.0
210,567,1,4.8,590.0,30.63271688354927,0.9550000000000001,100,6.0,1,1,1,,14.0
599,568,2,4.2,97.0,19.256863410416404,0.812,0,,2,0,1,,1.0
209,569,1,4.8,590.0,30.63271688354927,0.9550000000000001,300,6.0,1,1,1,1.0,14.0
829,570,3,3.7,10.0,8.872212509353972,0.706,0,,2,0,1,,1.0
206,571,1,4.8,590.0,30.63271688354927,0.9550000000000001,0,6.0,1,1,1,1.0,14.0
204,572,1,4.8,590.0,30.63271688354927,0.9550000000000001,0,6.0,1,1,1,1.0,14.0
201,573,1,4.8,590.0,30.63271688354927,0.9550000000000001,0,6.0,1,1,1,1.0,14.0
200,574,1,4.8,590.0,30.63271688354927,0.9550000000000001,0,6.0,1,1,1,1.0,14.0
203,575,1,4.8,590.0,30.63271688354927,0.9550000000000001,0,6.0,1,1,1,1.0,14.0
205,576,1,4.8,590.0,30.63271688354927,0.9550000000000001,0,6.0,1,1,1,1.0,14.0
902,577,1,5.0,1.0,3.4657359027997265,1.0,0,,2,0,1,,14.0
949,578,5,0.0,0.0,0.0,0.0,0,,2,0,1,,13.0
573,579,2,4.4,103.0,20.435319956222042,0.8550000000000001,0,5.0,1,0,0,1.0,14.0
831,580,2,4.0,7.0,8.317766166719343,0.791,0,,2,0,1,,1.0
572,581,2,4.4,103.0,20.435319956222042,0.8550000000000001,0,5.0,1,0,0,1.0,14.0
744,582,2,4.1,26.0,13.512931150617748,0.802,50,,2,0,1,,1.0
866,583,1,5.0,2.0,5.493061443340549,1.0,0,,2,0,1,,14.0
865,584,1,5.0,2.0,5.493061443340549,1.0,0,,2,0,1,,14.0
795,585,1,4.5,9.0,10.361632918473207,0.8869999999999999,0,,3,0,1,,1.0
632,586,2,4.1,72.0,17.5908837087084,0.799,0,5.0,1,0,0,8.0,1.0
626,587,2,4.1,74.0,17.70170126549887,0.811,200,6.0,1,1,1,1.0,13.0
815,588,3,3.3,18.0,9.716648631249253,0.609,0,,2,0,1,,13.0
574,589,2,4.4,100.0,20.306530274101544,0.868,0,5.0,1,0,0,1.0,13.0
629,590,2,4.4,54.0,17.632266015022875,0.8560000000000001,50,6.0,1,0,0,1.0,13.0
519,591,3,3.6,548.0,22.70915438943431,0.6910000000000001,0,6.0,1,1,1,1.0,13.0
905,592,1,5.0,1.0,3.4657359027997265,1.0,0,,2,0,1,,13.0
898,593,1,5.0,1.0,3.4657359027997265,1.0,0,,2,0,1,,13.0
908,594,1,5.0,1.0,3.4657359027997265,1.0,0,,2,0,1,,13.0
936,595,5,0.0,0.0,0.0,0.0,0,,2,0,1,,13.0
912,596,1,5.0,1.0,3.4657359027997265,0.0,0,,2,0,1,,14.0
332,597,2,4.3,523.0,26.92441424258048,0.851,1000,4.0,1,1,1,1.0,14.0
577,598,2,4.4,100.0,20.306530274101544,0.868,50,5.0,1,0,0,1.0,13.0
578,599,3,3.8,205.0,20.245929441400406,0.729,0,5.0,1,1,1,1.0,13.0
439,361,2,4.1,385.0,24.418933214805804,0.808,0,4.0,1,0,0,3.0,13.0
440,362,2,4.1,385.0,24.418933214805804,0.808,0,4.0,1,0,0,3.0,13.0
437,363,2,4.1,385.0,24.418933214805804,0.808,100,4.0,1,0,0,3.0,13.0
434,364,2,4.1,385.0,24.418933214805804,0.808,0,4.0,1,0,0,3.0,13.0
436,365,2,4.1,385.0,24.418933214805804,0.808,0,4.0,1,0,0,3.0,13.0
435,366,2,4.1,385.0,24.418933214805804,0.808,0,4.0,1,0,0,3.0,13.0
118,367,2,4.1,3698.0,33.684852946513054,0.796,0,3.0,1,1,1,1.0,14.0
117,368,2,4.1,3698.0,33.684852946513054,0.796,0,3.0,1,0,0,1.0,14.0
116,369,2,4.1,3698.0,33.684852946513054,0.796,50,3.0,1,0,0,1.0,14.0
115,370,2,4.1,3698.0,33.684852946513054,0.796,100,3.0,1,1,1,1.0,14.0
426,371,2,4.3,336.0,25.026356600515154,0.834,0,,2,0,1,,13.0
307,372,2,4.3,527.0,26.957114019936924,0.842,0,6.0,1,0,0,4.0,1.0
114,373,2,4.1,3698.0,33.684852946513054,0.796,50,3.0,1,0,0,1.0,14.0
113,374,2,4.1,3698.0,33.684852946513054,0.796,0,2.0,1,0,0,1.0,14.0
112,375,2,4.1,3698.0,33.684852946513054,0.796,100,3.0,1,0,0,1.0,14.0
273,376,2,4.2,964.0,28.86293802562374,0.0,300,6.0,1,0,0,1.0,14.0
487,377,1,4.6,140.0,22.764295495739574,0.914,0,,2,0,1,,12.0
35,378,2,4.4,20723.0,43.73181000291259,0.874,10000,2.0,1,1,1,1.0,12.0
34,379,2,4.4,20723.0,43.73181000291259,0.874,4000,2.0,1,1,1,1.0,12.0
21,380,2,4.4,20723.0,43.73181000291259,0.874,10000,2.0,1,1,1,1.0,12.0
301,381,2,4.3,608.0,27.570818551152556,0.8410000000000001,0,4.0,1,0,0,1.0,14.0
300,382,2,4.3,608.0,27.570818551152556,0.8410000000000001,50,4.0,1,0,0,,14.0
299,383,2,4.3,608.0,27.570818551152556,0.8410000000000001,50,4.0,1,0,0,1.0,14.0
298,384,2,4.3,608.0,27.570818551152556,0.8410000000000001,500,4.0,1,0,0,,14.0
563,385,1,4.6,84.0,20.436195779855456,0.9080000000000001,0,,2,0,1,,14.0
900,386,1,5.0,1.0,3.4657359027997265,1.0,0,,2,0,1,,1.0
131,387,2,4.2,2839.0,33.39654919085206,0.825,100,4.0,1,0,0,3.0,14.0
132,388,2,4.2,2839.0,33.39654919085206,0.825,50,5.0,1,0,0,3.0,14.0
292,389,2,4.0,1137.0,28.148110458745105,0.785,0,5.0,1,0,0,3.0,14.0
27,390,2,4.4,20723.0,43.73181000291259,0.874,200,3.0,1,1,1,1.0,12.0
28,391,2,4.4,20723.0,43.73181000291259,0.874,50,2.0,1,1,0,8.0,12.0
20,392,2,4.4,20723.0,43.73181000291259,0.874,200,3.0,1,1,1,1.0,12.0
109,393,2,4.1,3698.0,33.684852946513054,0.796,0,3.0,1,0,0,1.0,14.0
110,394,2,4.1,3698.0,33.684852946513054,0.796,0,2.0,1,0,0,1.0,14.0
111,395,2,4.1,3698.0,33.684852946513054,0.796,200,3.0,1,0,0,1.0,14.0
703,396,3,3.7,52.0,14.690080080142852,0.7030000000000001,0,4.0,1,0,0,3.0,1.0
713,397,3,3.7,52.0,14.690080080142852,0.7030000000000001,0,4.0,1,0,0,3.0,1.0
704,398,3,3.7,52.0,14.690080080142852,0.7030000000000001,0,4.0,1,0,0,3.0,1.0
705,399,3,3.7,52.0,14.690080080142852,0.7030000000000001,0,4.0,1,0,0,3.0,1.0
712,400,3,3.7,52.0,14.690080080142852,0.7030000000000001,0,4.0,1,0,0,3.0,1.0
714,401,3,3.7,52.0,14.690080080142852,0.7030000000000001,0,3.0,1,0,0,3.0,1.0
718,402,3,3.7,52.0,14.690080080142852,0.0,0,3.0,1,0,0,3.0,1.0
717,403,3,3.7,52.0,14.690080080142852,0.7030000000000001,0,3.0,1,0,0,3.0,1.0
709,404,3,3.7,52.0,14.690080080142852,0.7030000000000001,0,4.0,1,0,0,3.0,1.0
711,405,3,3.7,52.0,14.690080080142852,0.7030000000000001,0,3.0,1,0,0,3.0,1.0
701,406,3,3.7,52.0,14.690080080142852,0.7030000000000001,0,3.0,1,0,0,3.0,1.0
708,407,3,3.7,52.0,14.690080080142852,0.7030000000000001,100,3.0,1,0,0,3.0,1.0
707,408,3,3.7,52.0,14.690080080142852,0.7030000000000001,0,4.0,1,0,0,3.0,1.0
706,409,3,3.7,52.0,14.690080080142852,0.7030000000000001,0,4.0,1,0,0,3.0,1.0
702,410,3,3.7,52.0,14.690080080142852,0.7030000000000001,0,4.0,1,0,0,3.0,1.0
716,411,3,3.7,52.0,14.690080080142852,0.7030000000000001,0,3.0,1,0,0,3.0,1.0
715,412,3,3.7,52.0,14.690080080142852,0.7030000000000001,0,4.0,1,0,0,3.0,1.0
710,413,3,3.7,52.0,14.690080080142852,0.7030000000000001,0,4.0,1,0,0,3.0,1.0
812,414,1,5.0,6.0,9.729550745276565,1.0,0,,2,0,1,,1.0
250,415,2,4.2,1020.0,29.099858836291595,0.8340000000000001,0,4.0,1,0,0,1.0,14.0
29,416,2,4.4,20723.0,43.73181000291259,0.874,100,3.0,1,1,1,1.0,12.0
57,417,2,4.4,4053.0,36.552821038852564,0.858,400,3.0,1,1,1,1.0,14.0
82,418,2,4.3,4006.0,35.671931875735424,0.85,0,6.0,1,0,0,1.0,13.0
479,419,2,4.0,307.0,22.920399131894296,0.765,0,3.0,1,1,0,3.0,13.0
552,420,3,3.8,264.0,21.202973338747643,0.7310000000000001,50,4.0,1,1,1,1.0,13.0
36,421,2,4.4,20723.0,43.73181000291259,0.874,0,,2,0,1,,12.0
23,422,2,4.4,20723.0,43.73181000291259,0.874,0,,2,0,1,,12.0
37,423,2,4.4,20723.0,43.73181000291259,0.874,0,,2,0,1,,12.0
911,424,1,5.0,1.0,3.4657359027997265,1.0,0,,2,0,1,,14.0
586,425,2,4.4,90.0,19.84778182867414,0.877,0,,2,0,1,,13.0
896,426,1,5.0,1.0,3.4657359027997265,1.0,0,,2,0,1,,13.0
265,427,2,4.2,984.0,28.949094892922776,0.8360000000000001,300,5.0,1,0,0,1.0,14.0
264,428,2,4.2,984.0,28.949094892922776,0.8360000000000001,100,5.0,1,0,0,1.0,14.0
852,429,1,5.0,3.0,6.931471805599453,1.0,0,,2,0,1,,13.0
22,430,2,4.4,20723.0,43.73181000291259,0.874,0,,2,0,1,,12.0
33,431,2,4.4,20723.0,43.73181000291259,0.874,0,,2,0,1,,12.0
25,432,2,4.4,20723.0,43.73181000291259,0.874,0,,2,0,1,,12.0
26,433,2,4.4,20723.0,43.73181000291259,0.874,10000,,2,0,1,,12.0
30,434,2,4.4,20723.0,43.73181000291259,0.874,0,,2,0,1,,12.0
31,435,2,4.4,20723.0,43.73181000291259,0.874,0,,2,0,1,,12.0
32,436,2,4.4,20723.0,43.73181000291259,0.874,0,,2,0,1,,12.0
24,437,2,4.4,20723.0,43.73181000291259,0.874,0,,2,0,1,,12.0
638,438,2,4.1,69.0,17.41883049240237,0.799,0,,2,0,1,,13.0
531,439,2,4.3,166.0,22.007373393392047,0.841,0,,3,0,1,,1.0
532,440,2,4.3,166.0,22.007373393392047,0.841,0,5.0,1,0,0,1.0,1.0
533,441,2,4.3,166.0,22.007373393392047,0.841,0,,3,0,1,,1.0
610,442,2,4.0,100.0,18.46048206736504,0.781,100,5.0,1,1,1,1.0,13.0
557,443,3,3.7,292.0,21.016638653363152,0.712,500,3.0,1,1,0,3.0,13.0
679,444,2,4.0,44.0,15.226649959081278,0.777,0,5.0,1,1,1,1.0,13.0
863,445,1,5.0,2.0,5.493061443340549,1.0,0,,2,0,1,,14.0
611,446,2,4.0,100.0,18.46048206736504,0.781,50,5.0,1,1,1,1.0,13.0
677,447,2,4.0,46.0,15.400590406840234,0.781,0,4.0,1,1,1,1.0,1.0
409,448,1,4.5,270.0,25.209534693958656,0.9,0,5.0,1,0,0,1.0,1.0
481,449,2,4.4,179.0,22.849010143916928,0.8620000000000001,0,,2,0,1,,1.0
482,450,2,4.4,179.0,22.849010143916928,0.8620000000000001,0,5.0,1,0,0,1.0,1.0
689,451,2,4.4,29.0,14.965268479313485,0.855,0,6.0,1,0,0,1.0,1.0
690,452,2,4.4,29.0,14.965268479313485,0.855,0,6.0,1,0,0,1.0,1.0
688,453,2,4.4,29.0,14.965268479313485,0.855,0,5.0,1,0,0,1.0,1.0
691,454,2,4.4,29.0,14.965268479313485,0.855,0,5.0,1,0,0,1.0,1.0
692,455,2,4.4,29.0,14.965268479313485,0.855,0,6.0,1,0,0,1.0,1.0
694,456,2,4.4,28.0,14.816101651940487,0.862,0,5.0,1,0,0,8.0,1.0
697,457,2,4.4,28.0,14.816101651940487,0.862,0,6.0,1,0,0,1.0,1.0
698,458,2,4.4,28.0,14.816101651940487,0.862,0,5.0,1,0,0,1.0,1.0
699,459,2,4.4,28.0,14.816101651940487,0.862,0,,3,0,1,,1.0
615,460,2,4.4,61.0,18.159391294198404,0.8820000000000001,50,5.0,1,1,1,1.0,13.0
585,461,2,4.4,93.0,19.990497041988018,0.8760000000000001,0,,3,0,1,,13.0
279,462,2,4.4,641.0,28.44418853623583,0.86,100,,3,0,1,,14.0
276,463,2,4.4,641.0,28.44418853623583,0.86,200,5.0,1,1,1,1.0,14.0
278,464,2,4.4,641.0,28.44418853623583,0.86,200,,3,0,1,,14.0
277,465,2,4.4,641.0,28.44418853623583,0.86,100,5.0,1,0,0,1.0,14.0
247,466,2,4.3,882.0,29.168298362597024,0.851,50,5.0,1,1,1,1.0,13.0
570,467,2,4.4,103.0,20.435319956222042,0.8550000000000001,0,5.0,1,0,0,1.0,14.0
888,468,1,5.0,1.0,3.4657359027997265,1.0,0,,2,0,1,,1.0
823,469,2,4.2,8.0,9.228343224812123,0.8310000000000001,0,,3,0,1,,13.0
609,470,2,4.0,100.0,18.46048206736504,0.781,0,5.0,1,1,1,1.0,13.0
417,471,2,4.1,458.0,25.129105861248235,0.794,50,5.0,1,0,0,1.0,14.0
416,472,2,4.1,458.0,25.129105861248235,0.794,50,5.0,1,0,0,1.0,14.0
415,473,2,4.1,458.0,25.129105861248235,0.794,100,5.0,1,0,0,1.0,14.0
414,474,2,4.1,458.0,25.129105861248235,0.794,100,4.0,1,0,0,1.0,14.0
413,475,2,4.1,458.0,25.129105861248235,0.794,0,5.0,1,0,0,1.0,14.0
412,476,2,4.1,458.0,25.129105861248235,0.794,0,5.0,1,0,0,1.0,14.0
411,477,2,4.1,458.0,25.129105861248235,0.794,50,5.0,1,0,0,1.0,14.0
382,478,1,4.6,276.0,25.870480528461755,0.9239999999999999,50,4.0,1,0,0,2.0,12.0
381,479,1,4.6,276.0,25.870480528461755,0.9239999999999999,0,6.0,1,0,0,4.0,12.0
373,480,1,4.6,276.0,25.870480528461755,0.9239999999999999,0,6.0,1,0,0,4.0,12.0
257,840,2,4.2,1020.0,29.099858836291595,0.8340000000000001,0,5.0,1,0,0,1.0,14.0
226,841,2,4.1,1496.0,29.975995376120476,0.8130000000000001,0,5.0,1,0,0,1.0,14.0
221,842,2,4.1,1496.0,29.975995376120476,0.8130000000000001,0,4.0,1,0,0,1.0,14.0
225,843,2,4.1,1496.0,29.975995376120476,0.8130000000000001,0,4.0,1,0,0,1.0,14.0
248,844,2,4.2,1020.0,29.099858836291595,0.8340000000000001,0,4.0,1,0,0,1.0,14.0
255,845,2,4.2,1020.0,29.099858836291595,0.8340000000000001,0,4.0,1,0,0,1.0,14.0
254,846,2,4.2,1020.0,29.099858836291595,0.8340000000000001,0,5.0,1,0,0,1.0,14.0
224,847,2,4.1,1496.0,29.975995376120476,0.8130000000000001,50,5.0,1,0,0,1.0,14.0
253,848,2,4.2,1020.0,29.099858836291595,0.8340000000000001,0,4.0,1,0,0,1.0,14.0
223,849,2,4.1,1496.0,29.975995376120476,0.8130000000000001,0,4.0,1,0,0,1.0,14.0
555,850,2,4.4,121.0,21.13769259682633,0.861,50,6.0,1,1,1,1.0,13.0
216,851,2,4.2,1314.0,30.162686167369834,0.8340000000000001,100,5.0,1,1,1,1.0,13.0
606,852,2,4.4,66.0,18.50064752532025,0.885,0,5.0,1,1,1,1.0,13.0
719,853,2,4.4,27.0,14.661699844770897,0.877,50,,3,0,1,,1.0
740,854,3,3.9,31.0,13.516370020918933,0.767,0,6.0,1,0,0,1.0,1.0
739,855,3,3.9,31.0,13.516370020918933,0.767,0,6.0,1,0,0,1.0,1.0
741,856,3,3.9,31.0,13.516370020918933,0.767,0,6.0,1,0,0,1.0,1.0
939,857,5,0.0,0.0,0.0,0.0,0,4.0,1,0,0,1.0,14.0
938,858,5,0.0,0.0,0.0,0.0,50,3.0,1,0,0,1.0,14.0
954,859,5,0.0,0.0,0.0,0.0,0,,2,0,1,,14.0
916,860,2,4.0,1.0,2.772588722239781,0.8,50,,2,0,1,,14.0
825,861,1,5.0,5.0,8.958797346140274,1.0,0,3.0,1,0,0,1.0,14.0
937,862,5,0.0,0.0,0.0,0.0,0,3.0,1,0,0,1.0,14.0
167,863,2,4.1,2035.0,31.236843748448692,0.79,0,4.0,1,0,0,1.0,14.0
935,864,5,0.0,0.0,0.0,0.0,0,3.0,1,0,0,1.0,14.0
731,865,2,4.2,28.0,14.142642485943192,0.8360000000000001,0,5.0,1,0,0,1.0,1.0
678,866,2,4.2,37.0,15.27786187085082,0.8290000000000001,50,5.0,1,0,1,1.0,
730,867,2,4.2,28.0,14.142642485943192,0.8360000000000001,0,5.0,1,0,0,1.0,1.0
826,868,1,5.0,5.0,8.958797346140274,1.0,0,4.0,1,0,1,1.0,
559,869,1,4.5,96.0,20.586199403265223,0.8850000000000001,0,6.0,1,0,0,1.0,1.0
562,870,1,4.5,96.0,20.586199403265223,0.8850000000000001,0,6.0,1,0,0,1.0,1.0
561,871,1,4.5,96.0,20.586199403265223,0.8850000000000001,0,6.0,1,0,0,1.0,1.0
846,872,3,3.2,9.0,7.368272297580948,0.5790000000000001,0,,2,0,1,,1.0
635,873,2,4.3,57.0,17.459904945349603,0.8500000000000001,0,5.0,1,0,0,1.0,1.0
584,874,3,3.5,306.0,20.043967116555187,0.675,0,5.0,1,0,0,1.0,1.0
821,875,2,4.1,9.0,9.440598881275587,0.811,0,6.0,1,0,0,1.0,1.0
822,876,2,4.1,9.0,9.440598881275587,0.811,0,5.0,1,0,1,1.0,1.0
820,877,2,4.1,9.0,9.440598881275587,0.811,0,6.0,1,0,0,1.0,1.0
756,878,1,4.6,17.0,13.295710086322355,0.9150000000000001,100,4.0,1,0,0,1.0,1.0
819,879,2,4.1,9.0,9.440598881275587,0.811,0,5.0,1,0,0,1.0,1.0
791,880,2,4.0,14.0,10.83220080440884,0.77,0,4.0,1,0,0,1.0,14.0
848,881,2,4.0,5.0,7.16703787691222,0.775,0,,2,0,1,,14.0
700,882,1,4.6,24.0,14.806828794393722,0.91,0,4.0,1,1,1,1.0,1.0
851,883,1,5.0,3.0,6.931471805599453,1.0,0,5.0,1,0,0,1.0,1.0
926,884,5,0.0,0.0,0.0,0.0,0,5.0,1,1,1,1.0,13.0
580,885,3,3.6,270.0,20.167627755166926,0.6650000000000001,0,4.0,1,0,0,8.0,1.0
779,886,3,3.8,22.0,11.914878020530768,0.7340000000000001,0,5.0,1,0,0,1.0,1.0
778,887,3,3.8,22.0,11.914878020530768,0.7340000000000001,50,5.0,1,0,0,1.0,1.0
777,888,3,3.8,22.0,11.914878020530768,0.7340000000000001,50,6.0,1,0,0,1.0,1.0
589,889,1,4.7,67.0,19.831686214327704,0.9390000000000001,0,5.0,1,0,0,1.0,13.0
588,890,1,4.7,67.0,19.831686214327704,0.9390000000000001,0,,3,0,1,,13.0
587,891,1,4.7,67.0,19.831686214327704,0.9390000000000001,0,5.0,1,0,0,1.0,13.0
590,892,1,4.7,67.0,19.831686214327704,0.9390000000000001,0,,3,0,1,,13.0
591,893,1,4.7,67.0,19.831686214327704,0.9390000000000001,50,5.0,1,0,0,1.0,13.0
136,894,1,4.6,1304.0,33.00020827088125,0.9070000000000001,0,6.0,1,0,0,1.0,1.0
137,895,1,4.6,1304.0,33.00020827088125,0.9070000000000001,0,6.0,1,0,0,1.0,1.0
918,896,4,1.0,1.0,0.6931471805599453,0.1,0,,2,0,1,,13.0
441,897,2,4.3,290.0,24.395290048837417,0.849,50,4.0,1,0,0,1.0,14.0
605,898,2,4.4,66.0,18.50064752532025,0.885,100,,2,0,1,,13.0
923,899,5,0.0,0.0,0.0,0.0,0,6.0,1,0,0,1.0,1.0
924,900,5,0.0,0.0,0.0,0.0,0,6.0,1,0,0,1.0,1.0
925,901,5,0.0,0.0,0.0,0.0,0,6.0,1,0,0,1.0,1.0
624,902,2,4.1,75.0,17.756006695173955,0.786,50,2.0,1,0,0,8.0,14.0
903,903,1,5.0,1.0,3.4657359027997265,1.0,0,4.0,1,0,0,1.0,14.0
775,904,3,3.6,28.0,12.122264987951308,0.68,0,,3,0,1,,1.0
817,905,2,4.1,9.0,9.440598881275587,0.811,0,6.0,1,0,0,1.0,1.0
818,906,2,4.1,9.0,9.440598881275587,0.811,0,6.0,1,0,1,1.0,1.0
804,907,2,4.4,9.0,10.131374409173803,0.865,0,,3,0,1,,14.0
758,908,2,4.2,22.0,13.16907570690243,0.8390000000000001,0,,2,0,1,,14.0
432,909,1,4.5,244.0,24.755661947451273,0.893,0,4.0,1,0,0,1.0,14.0
433,910,1,4.5,244.0,24.755661947451273,0.0,0,4.0,1,0,0,1.0,14.0
958,911,5,0.0,0.0,0.0,0.0,0,6.0,1,0,0,1.0,1.0
922,912,5,0.0,0.0,0.0,0.0,0,,2,0,1,,13.0
805,913,3,3.7,14.0,10.019785744078177,0.714,0,5.0,1,0,0,1.0,1.0
806,914,3,3.7,14.0,10.019785744078177,0.714,0,5.0,1,0,0,1.0,1.0
807,915,3,3.7,14.0,10.019785744078177,0.714,0,5.0,1,0,0,1.0,1.0
809,916,3,3.7,14.0,10.019785744078177,0.0,0,5.0,1,0,0,1.0,1.0
788,917,3,3.8,17.0,10.983412680005424,0.737,0,,2,0,1,,14.0
776,918,1,4.8,11.0,11.9275519189824,0.9580000000000001,50,,2,0,1,,13.0
780,919,1,4.6,11.0,11.4305705890248,0.9000000000000001,50,5.0,1,1,1,1.0,1.0
915,920,3,3.0,2.0,3.295836866004329,0.55,0,,2,0,1,,1.0
934,921,5,0.0,0.0,0.0,0.0,0,,2,0,1,,1.0
463,922,2,4.0,354.0,23.488471157901664,0.778,0,5.0,1,0,0,1.0,1.0
464,923,2,4.0,354.0,23.488471157901664,0.778,0,5.0,1,0,0,1.0,1.0
721,924,3,3.9,40.0,14.4829310601468,0.751,0,5.0,1,0,0,1.0,1.0
722,925,3,3.9,40.0,14.4829310601468,0.751,50,5.0,1,0,0,1.0,1.0
723,926,3,3.9,40.0,14.4829310601468,0.751,0,5.0,1,0,0,1.0,1.0
907,927,1,5.0,1.0,3.4657359027997265,1.0,0,5.0,1,0,0,8.0,
360,928,1,4.7,248.0,25.932028613384126,0.932,500,6.0,1,1,1,1.0,14.0
361,929,1,4.7,248.0,25.932028613384126,0.932,500,6.0,1,1,1,1.0,14.0
362,930,1,4.7,248.0,25.932028613384126,0.932,1000,6.0,1,1,1,1.0,14.0
363,931,1,4.7,248.0,25.932028613384126,0.932,1000,6.0,1,1,1,1.0,14.0
359,932,1,4.7,248.0,25.932028613384126,0.932,500,6.0,1,1,1,1.0,14.0
364,933,1,4.7,248.0,25.932028613384126,0.932,100,6.0,1,0,0,1.0,14.0
940,934,5,0.0,0.0,0.0,0.0,0,5.0,1,0,0,1.0,13.0
833,935,1,5.0,4.0,8.047189562170502,1.0,0,5.0,1,0,0,1.0,13.0
834,936,1,5.0,4.0,8.047189562170502,1.0,0,6.0,1,0,0,1.0,13.0
920,937,4,1.0,1.0,0.6931471805599453,0.1,0,,3,0,1,,13.0
836,938,1,5.0,4.0,8.047189562170502,1.0,0,6.0,1,0,0,1.0,13.0
837,939,1,5.0,4.0,8.047189562170502,1.0,0,6.0,1,0,0,1.0,13.0
838,940,1,5.0,4.0,8.047189562170502,1.0,0,5.0,1,0,0,1.0,13.0
945,941,5,0.0,0.0,0.0,0.0,0,,2,0,1,,14.0
755,942,1,4.7,16.0,13.316102717064217,0.946,0,,2,0,1,,14.0
355,943,1,4.5,345.0,26.308974487759762,0.8860000000000001,100,5.0,1,0,0,1.0,1.0
947,944,5,0.0,0.0,0.0,0.0,0,,2,0,1,,14.0
844,945,2,4.0,6.0,7.783640596221253,0.74,0,,2,0,1,,14.0
941,946,5,0.0,0.0,0.0,0.0,0,6.0,1,0,0,1.0,1.0
921,947,4,1.0,1.0,0.6931471805599453,0.1,0,6.0,1,0,0,1.0,1.0
763,948,2,4.2,22.0,13.16907570690243,0.809,0,6.0,1,0,0,1.0,1.0
764,949,2,4.2,22.0,13.16907570690243,0.809,0,6.0,1,0,0,1.0,1.0
762,950,2,4.2,22.0,13.16907570690243,0.809,0,6.0,1,0,0,1.0,1.0
760,951,2,4.2,22.0,13.16907570690243,0.809,0,6.0,1,0,0,1.0,1.0
759,952,2,4.2,22.0,13.16907570690243,0.809,0,6.0,1,0,0,1.0,1.0
761,953,2,4.2,22.0,13.16907570690243,0.809,0,,3,0,1,,1.0
950,954,5,0.0,0.0,0.0,0.0,0,6.0,1,0,0,1.0,1.0
138,955,1,4.6,1304.0,33.00020827088125,0.9070000000000001,0,6.0,1,0,0,1.0,1.0
787,956,1,5.0,8.0,10.986122886681098,1.0,0,6.0,1,0,0,1.0,1.0
424,957,2,4.1,449.0,25.047915089333898,0.801,0,3.0,1,0,0,3.0,13.0
944,958,5,0.0,0.0,0.0,0.0,0,6.0,1,0,0,1.0,1.0
904,959,1,5.0,1.0,3.4657359027997265,1.0,0,6.0,1,0,0,1.0,1.0
127,120,2,4.2,2839.0,33.39654919085206,0.825,0,4.0,1,0,0,3.0,14.0
757,121,1,4.5,18.0,13.249975406248982,0.892,0,,2,0,1,,14.0
239,122,3,3.7,2890.0,29.48662364546048,0.7010000000000001,0,4.0,1,1,0,3.0,13.0
58,123,2,4.4,4053.0,36.552821038852564,0.858,500,2.0,1,1,1,1.0,14.0
69,124,2,4.2,4912.0,35.69848813510832,0.8320000000000001,50,3.0,1,0,0,4.0,12.0
596,125,2,4.3,94.0,19.581670633882325,0.8400000000000001,50,3.0,1,0,0,3.0,13.0
428,126,2,4.3,336.0,25.026356600515154,0.834,0,,2,0,1,,13.0
309,127,2,4.3,527.0,26.957114019936924,0.842,0,5.0,1,0,0,3.0,1.0
308,128,2,4.3,527.0,26.957114019936924,0.842,100,,3,0,1,,1.0
306,129,2,4.3,527.0,26.957114019936924,0.842,100,5.0,1,0,0,3.0,1.0
754,130,1,4.7,16.0,13.316102717064217,0.946,0,,2,0,1,,14.0
65,131,2,4.2,4912.0,35.69848813510832,0.8320000000000001,0,4.0,1,0,0,3.0,12.0
870,132,1,5.0,2.0,5.493061443340549,1.0,0,,2,0,1,,
354,133,1,4.5,345.0,26.308974487759762,0.8860000000000001,0,,2,0,1,,1.0
165,134,2,4.2,1802.0,31.488270337453937,0.832,300,1.0,1,0,0,3.0,14.0
753,135,1,4.7,16.0,13.316102717064217,0.946,0,,2,0,1,,14.0
868,136,1,5.0,2.0,5.493061443340549,1.0,0,,2,0,1,,13.0
274,137,2,4.1,1088.0,28.671362004025134,0.802,500,1.0,1,0,0,3.0,14.0
476,138,2,4.2,260.0,23.370985710755313,0.8330000000000001,200,1.0,1,0,0,3.0,12.0
617,139,2,4.4,61.0,18.159391294198404,0.8820000000000001,0,5.0,1,0,0,1.0,13.0
614,140,2,4.4,61.0,18.159391294198404,0.8820000000000001,50,5.0,1,0,0,1.0,13.0
616,141,2,4.4,61.0,18.159391294198404,0.8820000000000001,0,5.0,1,1,1,1.0,13.0
199,142,3,3.9,2616.0,30.692157219867568,0.761,50,4.0,1,0,0,3.0,12.0
849,143,1,5.0,3.0,6.931471805599453,1.0,0,,2,0,1,,1.0
720,144,2,4.4,27.0,14.661699844770897,0.8680000000000001,0,5.0,1,0,0,9.0,13.0
315,145,2,4.3,527.0,26.957114019936924,0.842,50,5.0,1,0,0,3.0,1.0
312,146,2,4.3,527.0,26.957114019936924,0.842,0,5.0,1,0,0,3.0,1.0
897,147,1,5.0,1.0,3.4657359027997265,1.0,0,,2,0,1,,13.0
895,148,1,5.0,1.0,3.4657359027997265,1.0,0,,2,0,1,,13.0
427,149,2,4.3,336.0,25.026356600515154,0.834,0,,2,0,1,,13.0
808,150,3,3.7,14.0,10.019785744078177,0.714,0,,2,0,1,,1.0
625,151,2,4.3,61.0,17.746677855693893,0.833,100,4.0,1,1,1,3.0,13.0
164,152,2,4.2,1802.0,31.488270337453937,0.832,0,1.0,1,0,0,3.0,14.0
262,153,2,4.4,734.0,29.039430196536482,0.879,3000,3.0,1,1,1,1.0,14.0
444,154,2,4.2,321.0,24.253116491286516,0.8190000000000001,300,2.0,1,0,0,3.0,13.0
143,155,2,4.0,3247.0,32.34317880512627,0.772,500,1.0,1,0,0,3.0,14.0
294,156,2,4.0,1137.0,28.148110458745105,0.785,400,4.0,1,0,0,,14.0
311,157,2,4.3,527.0,26.957114019936924,0.842,0,5.0,1,0,0,3.0,1.0
240,158,3,3.7,2890.0,29.48662364546048,0.7010000000000001,100,3.0,1,0,0,3.0,13.0
245,159,2,4.3,882.0,29.168298362597024,0.851,0,5.0,1,0,0,1.0,13.0
130,160,2,4.2,2839.0,33.39654919085206,0.825,100,5.0,1,0,0,3.0,14.0
293,161,2,4.0,1137.0,28.148110458745105,0.785,0,5.0,1,0,0,3.0,14.0
286,162,2,4.0,1137.0,28.148110458745105,0.785,50,6.0,1,0,0,,14.0
133,163,2,4.2,2839.0,33.39654919085206,0.825,0,5.0,1,0,0,3.0,14.0
291,164,2,4.0,1137.0,28.148110458745105,0.785,0,6.0,1,0,0,4.0,14.0
134,165,2,4.2,2839.0,33.39654919085206,0.825,100,6.0,1,0,0,4.0,14.0
619,166,2,4.3,66.0,18.080178263381153,0.846,0,5.0,1,0,0,,14.0
290,167,2,4.0,1137.0,28.148110458745105,0.785,50,5.0,1,0,0,4.0,14.0
289,168,2,4.0,1137.0,28.148110458745105,0.785,500,4.0,1,0,0,3.0,14.0
288,169,2,4.0,1137.0,28.148110458745105,0.785,2000,4.0,1,0,0,3.0,14.0
268,170,2,4.2,964.0,28.86293802562374,0.834,0,5.0,1,0,0,1.0,14.0
267,171,2,4.2,964.0,28.86293802562374,0.834,200,5.0,1,0,0,1.0,14.0
269,172,2,4.2,964.0,28.86293802562374,0.834,50,5.0,1,0,0,1.0,14.0
270,173,2,4.2,964.0,28.86293802562374,0.834,0,5.0,1,0,0,1.0,14.0
271,174,2,4.2,964.0,28.86293802562374,0.834,50,5.0,1,0,0,1.0,14.0
272,175,2,4.2,964.0,28.86293802562374,0.834,0,5.0,1,0,0,1.0,14.0
475,176,2,4.2,260.0,23.370985710755313,0.8330000000000001,50,1.0,1,1,0,3.0,12.0
287,177,2,4.0,1137.0,28.148110458745105,0.785,0,6.0,1,0,0,4.0,14.0
581,178,2,4.0,153.0,20.147810409654518,0.787,200,3.0,1,1,0,3.0,13.0
657,179,2,4.1,52.0,16.2781968455637,0.812,0,4.0,1,0,0,3.0,13.0
622,180,2,4.2,72.0,18.019929652823244,0.8099999999999999,0,3.0,1,0,0,3.0,13.0
843,181,3,3.6,8.0,7.910008478410391,0.693,0,4.0,1,0,0,3.0,13.0
669,182,3,3.5,85.0,15.590215536887275,0.6659999999999999,50,,3,0,1,,13.0
395,183,2,4.2,457.0,25.73285057327958,0.8260000000000001,50,4.0,1,1,0,3.0,13.0
171,184,2,4.3,1394.0,31.1347936852985,0.8580000000000001,50,4.0,1,0,0,3.0,12.0
168,185,2,4.3,1394.0,31.1347936852985,0.8580000000000001,200,4.0,1,0,0,3.0,12.0
169,186,2,4.3,1394.0,31.1347936852985,0.8580000000000001,200,4.0,1,0,0,3.0,12.0
172,187,2,4.3,1394.0,31.1347936852985,0.8580000000000001,50,4.0,1,1,1,3.0,12.0
174,188,2,4.3,1394.0,31.1347936852985,0.8580000000000001,100,4.0,1,0,0,3.0,12.0
175,189,2,4.3,1394.0,31.1347936852985,0.8580000000000001,100,4.0,1,0,0,3.0,12.0
446,190,2,4.1,359.0,24.13302652894564,0.803,0,,3,0,1,,13.0
445,191,2,4.1,359.0,24.13302652894564,0.803,0,,3,0,1,,13.0
176,192,2,4.3,1394.0,31.1347936852985,0.8580000000000001,50,4.0,1,0,0,3.0,12.0
177,193,2,4.3,1394.0,31.1347936852985,0.8580000000000001,0,4.0,1,0,0,3.0,12.0
178,194,2,4.3,1394.0,31.1347936852985,0.8580000000000001,0,,2,0,1,,12.0
179,195,2,4.3,1394.0,31.1347936852985,0.8580000000000001,0,4.0,1,0,0,3.0,12.0
180,196,2,4.3,1394.0,31.1347936852985,0.8580000000000001,0,4.0,1,0,0,3.0,12.0
182,197,2,4.3,1394.0,31.1347936852985,0.8580000000000001,0,4.0,1,0,0,3.0,12.0
181,198,2,4.3,1394.0,31.1347936852985,0.8580000000000001,0,4.0,1,0,0,3.0,12.0
229,199,2,4.2,1173.0,29.686322401629777,0.8280000000000001,0,4.0,1,0,0,8.0,1.0
230,200,2,4.2,1173.0,29.686322401629777,0.8280000000000001,0,4.0,1,0,0,8.0,1.0
232,201,2,4.2,1173.0,29.686322401629777,0.8280000000000001,0,5.0,1,0,0,1.0,1.0
233,202,2,4.2,1173.0,29.686322401629777,0.8280000000000001,0,,2,0,1,,1.0
231,203,2,4.2,1173.0,29.686322401629777,0.8280000000000001,0,4.0,1,0,0,8.0,1.0
228,204,2,4.2,1173.0,29.686322401629777,0.8280000000000001,0,,2,0,1,,1.0
830,205,1,4.7,5.0,8.421269505371859,0.948,50,4.0,1,0,0,1.0,1.0
403,206,2,4.2,444.0,25.61191198509821,0.8170000000000001,0,3.0,1,0,0,8.0,1.0
402,207,2,4.2,444.0,25.61191198509821,0.8170000000000001,0,4.0,1,0,0,8.0,1.0
401,208,2,4.2,444.0,25.61191198509821,0.8170000000000001,0,4.0,1,0,0,8.0,1.0
400,209,2,4.2,444.0,25.61191198509821,0.8170000000000001,0,3.0,1,0,0,8.0,1.0
399,210,2,4.2,444.0,25.61191198509821,0.8170000000000001,0,4.0,1,0,0,1.0,1.0
310,211,2,4.3,527.0,26.957114019936924,0.842,0,,3,0,1,,1.0
883,212,1,5.0,1.0,3.4657359027997265,1.0,50,,2,0,1,,13.0
767,213,2,4.1,21.0,12.673274058769096,0.801,0,,3,0,1,,13.0
647,214,2,4.4,47.0,17.033284447994724,0.87,300,5.0,1,0,0,1.0,13.0
768,215,2,4.1,21.0,12.673274058769096,0.801,0,6.0,1,0,0,1.0,13.0
769,216,2,4.1,21.0,12.673274058769096,0.801,0,,3,0,1,,13.0
932,217,5,0.0,0.0,0.0,0.0,0,,2,0,1,,1.0
959,218,5,0.0,0.0,0.0,0.0,0,,2,0,1,,1.0
929,219,5,0.0,0.0,0.0,0.0,0,6.0,1,0,0,1.0,1.0
933,220,5,0.0,0.0,0.0,0.0,0,6.0,1,0,0,1.0,1.0
665,221,2,4.1,45.0,15.69742972560529,0.797,50,,2,0,1,,13.0
398,222,2,4.2,444.0,25.61191198509821,0.8170000000000001,0,4.0,1,0,0,8.0,1.0
914,223,4,2.5,3.0,3.4657359027997265,0.411,0,6.0,1,0,0,1.0,13.0
353,224,1,4.5,350.0,26.373538005596394,0.882,50,3.0,3,1,1,,12.0
328,226,2,4.4,455.0,26.938968361863303,0.876,50,4.0,1,1,1,,12.0
352,227,1,4.5,350.0,26.373538005596394,0.882,50,2.0,1,0,0,5.0,12.0
486,228,1,4.6,140.0,22.764295495739574,0.914,0,,2,0,1,,12.0
493,229,1,4.6,140.0,22.764295495739574,0.914,0,,2,0,1,,12.0
304,230,2,4.3,529.0,26.973371128148518,0.8520000000000001,500,2.0,1,0,0,5.0,12.0
351,231,1,4.5,350.0,26.373538005596394,0.882,200,3.0,3,1,1,,12.0
488,232,1,4.6,140.0,22.764295495739574,0.914,50,,2,0,1,,12.0
320,233,2,4.4,455.0,26.938968361863303,0.876,500,2.0,3,1,1,,12.0
324,234,2,4.4,455.0,26.938968361863303,0.876,50,3.0,1,0,0,5.0,12.0
326,235,2,4.4,455.0,26.938968361863303,0.876,0,4.0,3,1,1,,12.0
325,236,2,4.4,455.0,26.938968361863303,0.876,50,2.0,1,1,1,,12.0
322,237,2,4.4,455.0,26.938968361863303,0.876,50,3.0,1,1,1,,12.0
485,238,1,4.6,140.0,22.764295495739574,0.914,50,,2,0,1,,12.0
323,239,2,4.4,455.0,26.938968361863303,0.876,0,4.0,1,1,1,5.0,12.0
321,240,2,4.4,455.0,26.938968361863303,0.876,500,2.0,1,0,0,5.0,12.0
