sales_rank,product_id,recent_month_sale,rating_rank,rating,price_range_id,availability_id,is_fba,is_prime,condition_id,leaf_category
558,361,0,439,4.1,4.0,1,0,0,3.0,13.0
559,362,0,440,4.1,4.0,1,0,0,3.0,13.0
164,363,100,437,4.1,4.0,1,0,0,3.0,13.0
554,364,0,434,4.1,4.0,1,0,0,3.0,13.0
556,365,0,436,4.1,4.0,1,0,0,3.0,13.0
555,366,0,435,4.1,4.0,1,0,0,3.0,13.0
385,367,0,118,4.1,3.0,1,1,1,1.0,14.0
384,368,0,117,4.1,3.0,1,0,0,1.0,14.0
223,369,50,116,4.1,3.0,1,0,0,1.0,14.0
132,370,100,115,4.1,3.0,1,1,1,1.0,14.0
549,371,0,426,4.3,,2,0,1,,13.0
479,372,0,307,4.3,6.0,1,0,0,4.0,1.0
222,373,50,114,4.1,3.0,1,0,0,1.0,14.0
383,374,0,113,4.1,2.0,1,0,0,1.0,14.0
131,375,100,112,4.1,3.0,1,0,0,1.0,14.0
80,376,300,273,4.2,6.0,1,0,0,1.0,14.0
588,377,0,487,4.6,,2,0,1,,12.0
3,378,10000,35,4.4,2.0,1,1,1,1.0,12.0
5,379,4000,34,4.4,2.0,1,1,1,1.0,12.0
1,380,10000,21,4.4,2.0,1,1,1,1.0,12.0
478,381,0,301,4.3,4.0,1,0,0,1.0,14.0
251,382,50,300,4.3,4.0,1,0,0,,14.0
250,383,50,299,4.3,4.0,1,0,0,1.0,14.0
47,384,500,298,4.3,4.0,1,0,0,,14.0
636,385,0,563,4.6,,2,0,1,,14.0
902,386,0,900,5.0,,2,0,1,,1.0
134,387,100,131,4.2,4.0,1,0,0,3.0,14.0
224,388,50,132,4.2,5.0,1,0,0,3.0,14.0
475,389,0,292,4.0,5.0,1,0,0,3.0,14.0
90,390,200,27,4.4,3.0,1,1,1,1.0,12.0
202,391,50,28,4.4,2.0,1,1,0,8.0,12.0
89,392,200,20,4.4,3.0,1,1,1,1.0,12.0
381,393,0,109,4.1,3.0,1,0,0,1.0,14.0
382,394,0,110,4.1,2.0,1,0,0,1.0,14.0
97,395,200,111,4.1,3.0,1,0,0,1.0,14.0
730,396,0,703,3.7,4.0,1,0,0,3.0,1.0
739,397,0,713,3.7,4.0,1,0,0,3.0,1.0
731,398,0,704,3.7,4.0,1,0,0,3.0,1.0
732,399,0,705,3.7,4.0,1,0,0,3.0,1.0
738,400,0,712,3.7,4.0,1,0,0,3.0,1.0
740,401,0,714,3.7,3.0,1,0,0,3.0,1.0
744,402,0,718,3.7,3.0,1,0,0,3.0,1.0
743,403,0,717,3.7,3.0,1,0,0,3.0,1.0
735,404,0,709,3.7,4.0,1,0,0,3.0,1.0
737,405,0,711,3.7,3.0,1,0,0,3.0,1.0
728,406,0,701,3.7,3.0,1,0,0,3.0,1.0
192,407,100,708,3.7,3.0,1,0,0,3.0,1.0
734,408,0,707,3.7,4.0,1,0,0,3.0,1.0
733,409,0,706,3.7,4.0,1,0,0,3.0,1.0
729,410,0,702,3.7,4.0,1,0,0,3.0,1.0
742,411,0,716,3.7,3.0,1,0,0,3.0,1.0
741,412,0,715,3.7,4.0,1,0,0,3.0,1.0
736,413,0,710,3.7,4.0,1,0,0,3.0,1.0
817,414,0,812,5.0,,2,0,1,,1.0
461,415,0,250,4.2,4.0,1,0,0,1.0,14.0
124,416,100,29,4.4,3.0,1,1,1,1.0,12.0
62,417,400,57,4.4,3.0,1,1,1,1.0,14.0
367,418,0,82,4.3,6.0,1,0,0,1.0,13.0
581,419,0,479,4.0,3.0,1,1,0,3.0,13.0
295,420,50,552,3.8,4.0,1,1,1,1.0,13.0
357,421,0,36,4.4,,2,0,1,,12.0
350,422,0,23,4.4,,2,0,1,,12.0
358,423,0,37,4.4,,2,0,1,,12.0
913,424,0,911,5.0,,2,0,1,,14.0
654,425,0,586,4.4,,2,0,1,,13.0
898,426,0,896,5.0,,2,0,1,,13.0
79,427,300,265,4.2,5.0,1,0,0,1.0,14.0
148,428,100,264,4.2,5.0,1,0,0,1.0,14.0
856,429,0,852,5.0,,2,0,1,,13.0
349,430,0,22,4.4,,2,0,1,,12.0
356,431,0,33,4.4,,2,0,1,,12.0
352,432,0,25,4.4,,2,0,1,,12.0
2,433,10000,26,4.4,,2,0,1,,12.0
353,434,0,30,4.4,,2,0,1,,12.0
354,435,0,31,4.4,,2,0,1,,12.0
355,436,0,32,4.4,,2,0,1,,12.0
351,437,0,24,4.4,,2,0,1,,12.0
684,438,0,638,4.1,,2,0,1,,13.0
614,439,0,531,4.3,,3,0,1,,1.0
615,440,0,532,4.3,5.0,1,0,0,1.0,1.0
616,441,0,533,4.3,,3,0,1,,1.0
182,442,100,610,4.0,5.0,1,1,1,1.0,13.0
60,443,500,557,3.7,3.0,1,1,0,3.0,13.0
709,444,0,679,4.0,5.0,1,1,1,1.0,13.0
867,445,0,863,5.0,,2,0,1,,14.0
302,446,50,611,4.0,5.0,1,1,1,1.0,13.0
708,447,0,677,4.0,4.0,1,1,1,1.0,1.0
541,448,0,409,4.5,5.0,1,0,0,1.0,1.0
583,449,0,481,4.4,,2,0,1,,1.0
584,450,0,482,4.4,5.0,1,0,0,1.0,1.0
717,451,0,689,4.4,6.0,1,0,0,1.0,1.0
718,452,0,690,4.4,6.0,1,0,0,1.0,1.0
716,453,0,688,4.4,5.0,1,0,0,1.0,1.0
719,454,0,691,4.4,5.0,1,0,0,1.0,1.0
720,455,0,692,4.4,6.0,1,0,0,1.0,1.0
721,456,0,694,4.4,5.0,1,0,0,8.0,1.0
724,457,0,697,4.4,6.0,1,0,0,1.0,1.0
725,458,0,698,4.4,5.0,1,0,0,1.0,1.0
726,459,0,699,4.4,,3,0,1,,1.0
304,460,50,615,4.4,5.0,1,1,1,1.0,13.0
653,461,0,585,4.4,,3,0,1,,13.0
150,462,100,279,4.4,,3,0,1,,14.0
104,463,200,276,4.4,5.0,1,1,1,1.0,14.0
105,464,200,278,4.4,,3,0,1,,14.0
149,465,100,277,4.4,5.0,1,0,0,1.0,14.0
240,466,50,247,4.3,5.0,1,1,1,1.0,13.0
643,467,0,570,4.4,5.0,1,0,0,1.0,14.0
890,468,0,888,5.0,,2,0,1,,1.0
828,469,0,823,4.2,,3,0,1,,13.0
668,470,0,609,4.0,5.0,1,1,1,1.0,13.0
275,471,50,417,4.1,5.0,1,0,0,1.0,14.0
274,472,50,416,4.1,5.0,1,0,0,1.0,14.0
161,473,100,415,4.1,5.0,1,0,0,1.0,14.0
160,474,100,414,4.1,4.0,1,0,0,1.0,14.0
543,475,0,413,4.1,5.0,1,0,0,1.0,14.0
542,476,0,412,4.1,5.0,1,0,0,1.0,14.0
273,477,50,411,4.1,5.0,1,0,0,1.0,14.0
267,478,50,382,4.6,4.0,1,0,0,2.0,12.0
522,479,0,381,4.6,6.0,1,0,0,4.0,12.0
514,480,0,373,4.6,6.0,1,0,0,4.0,12.0
592,241,0,492,4.6,4.0,1,0,0,5.0,12.0
590,242,0,490,4.6,,2,0,1,,12.0
589,243,0,489,4.6,,2,0,1,,12.0
586,244,0,484,4.6,4.0,1,0,0,5.0,12.0
117,245,200,601,4.3,4.0,1,1,0,3.0,13.0
342,246,0,4,4.8,,2,0,1,,12.0
12,247,1000,5,4.8,4.0,1,0,0,1.0,12.0
343,248,0,6,4.8,,3,0,1,,12.0
122,249,100,7,4.8,,3,0,1,,12.0
347,250,0,13,4.8,,2,0,1,,12.0
339,251,0,1,4.8,,3,0,1,,12.0
348,252,0,14,4.8,,2,0,1,,12.0
346,253,0,12,4.8,,2,0,1,,12.0
345,254,0,11,4.8,,3,0,1,,12.0
123,255,100,10,4.8,,2,0,1,,12.0
199,256,50,9,4.8,,3,0,1,,12.0
344,257,0,8,4.8,,3,0,1,,12.0
341,258,0,3,4.8,5.0,1,1,0,8.0,12.0
340,259,0,2,4.8,,2,0,1,,12.0
165,260,100,442,3.7,5.0,1,1,1,1.0,13.0
87,261,300,520,3.6,4.0,1,0,0,3.0,13.0
234,262,50,183,4.3,4.0,1,0,0,3.0,12.0
59,263,500,515,4.4,3.0,1,1,0,3.0,13.0
170,264,100,478,4.0,3.0,1,0,0,3.0,13.0
533,265,0,397,4.2,4.0,1,0,0,8.0,1.0
155,266,100,348,4.3,5.0,1,0,0,3.0,12.0
863,267,0,859,5.0,,2,0,1,,14.0
629,268,0,553,3.8,5.0,1,1,1,,13.0
159,269,100,405,4.2,4.0,1,0,0,3.0,12.0
540,270,0,406,4.2,4.0,1,0,0,3.0,12.0
270,271,50,407,4.2,4.0,1,0,0,3.0,12.0
271,272,50,408,4.2,,3,0,1,,12.0
32,273,500,59,4.3,3.0,1,0,0,1.0,14.0
138,274,100,170,4.3,4.0,1,0,0,3.0,12.0
544,275,0,419,4.1,3.0,1,1,0,3.0,13.0
272,276,50,410,4.5,6.0,1,0,0,1.0,1.0
7,277,3000,149,4.3,2.0,1,0,0,1.0,14.0
498,278,0,342,4.3,5.0,1,0,0,3.0,12.0
504,279,0,349,4.3,5.0,1,0,0,3.0,12.0
497,280,0,341,4.3,5.0,1,0,0,3.0,12.0
260,281,50,334,4.3,5.0,1,0,0,3.0,12.0
493,282,0,335,4.3,5.0,1,0,0,3.0,12.0
494,283,0,336,4.3,5.0,1,0,0,3.0,12.0
9,284,2000,43,4.6,1.0,1,1,1,1.0,3.0
495,285,0,337,4.3,5.0,1,0,0,3.0,12.0
496,286,0,338,4.3,5.0,1,0,0,3.0,12.0
261,287,50,339,4.3,5.0,1,0,0,3.0,12.0
262,288,50,340,4.3,5.0,1,0,0,3.0,12.0
113,289,200,536,3.8,5.0,1,1,1,1.0,13.0
886,290,0,884,5.0,,2,0,1,,1.0
503,291,0,347,4.3,5.0,1,0,0,3.0,12.0
499,292,0,343,4.3,5.0,1,0,0,3.0,12.0
500,293,0,344,4.3,5.0,1,0,0,3.0,12.0
501,294,0,345,4.3,5.0,1,0,0,3.0,12.0
407,295,0,173,4.3,4.0,1,0,0,3.0,12.0
253,296,50,305,4.3,5.0,1,1,0,3.0,1.0
484,297,0,313,4.3,5.0,1,0,0,4.0,1.0
254,298,50,314,4.3,5.0,1,1,0,3.0,1.0
485,299,0,316,4.3,5.0,1,1,0,3.0,1.0
488,300,0,319,4.3,5.0,1,0,0,,1.0
487,301,0,318,4.3,6.0,1,0,0,4.0,1.0
486,302,0,317,4.3,5.0,1,1,0,3.0,1.0
619,303,0,539,4.2,3.0,1,1,0,3.0,13.0
621,304,0,542,4.2,3.0,1,1,0,3.0,13.0
620,305,0,540,4.2,3.0,1,1,0,3.0,13.0
622,306,0,543,4.2,3.0,1,1,0,3.0,13.0
618,307,0,538,4.2,4.0,1,1,0,3.0,13.0
174,308,100,541,4.2,4.0,1,0,0,3.0,13.0
492,309,0,333,4.3,5.0,1,0,0,3.0,12.0
692,310,0,648,3.9,3.0,1,0,0,3.0,13.0
308,311,50,651,3.9,4.0,1,0,0,3.0,13.0
693,312,0,649,3.9,4.0,1,1,0,3.0,13.0
694,313,0,650,3.9,3.0,1,0,0,3.0,13.0
633,314,0,560,4.5,5.0,1,0,0,1.0,1.0
301,315,50,598,3.7,5.0,1,0,0,3.0,13.0
661,316,0,597,3.7,5.0,1,0,0,3.0,13.0
669,317,0,612,3.6,,2,0,1,,13.0
545,318,0,420,4.1,3.0,1,0,0,3.0,13.0
546,319,0,421,4.1,3.0,1,1,0,3.0,13.0
276,320,50,422,4.1,3.0,1,1,0,3.0,13.0
547,321,0,423,4.1,3.0,1,0,0,3.0,13.0
391,322,0,126,4.2,5.0,1,0,0,3.0,14.0
570,323,0,465,4.1,4.0,1,0,0,3.0,13.0
571,324,0,466,4.1,4.0,1,0,0,3.0,13.0
572,325,0,467,4.1,3.0,1,0,0,3.0,13.0
573,326,0,468,4.1,3.0,1,0,0,3.0,13.0
574,327,0,469,4.1,3.0,1,0,0,3.0,13.0
575,328,0,470,4.1,3.0,1,0,0,3.0,13.0
576,329,0,471,4.1,4.0,1,0,0,3.0,13.0
577,330,0,472,4.1,4.0,1,1,0,3.0,13.0
578,331,0,473,4.1,3.0,1,1,0,3.0,13.0
579,332,0,474,4.1,3.0,1,0,0,3.0,13.0
912,333,0,910,5.0,,2,0,1,,13.0
846,334,0,842,4.1,,2,0,1,,1.0
891,335,0,889,5.0,4.0,1,0,0,1.0,14.0
892,336,0,890,5.0,4.0,1,0,0,1.0,14.0
893,337,0,891,5.0,4.0,1,0,0,1.0,14.0
665,338,0,604,3.9,6.0,1,0,0,1.0,13.0
896,339,0,894,5.0,,2,0,1,,1.0
22,340,1000,214,4.3,2.0,1,1,1,1.0,14.0
675,341,0,623,4.4,6.0,1,0,0,1.0,1.0
683,342,0,637,4.1,,2,0,1,,13.0
754,343,0,734,3.7,5.0,1,1,1,1.0,13.0
387,344,0,120,4.2,5.0,1,0,0,4.0,14.0
875,345,0,871,4.6,,2,0,1,,1.0
388,346,0,121,4.2,5.0,1,0,0,3.0,14.0
894,347,0,892,5.0,,2,0,1,,13.0
393,348,0,128,4.2,5.0,1,0,0,3.0,14.0
435,349,0,217,4.1,4.0,1,0,0,1.0,14.0
437,350,0,219,4.1,4.0,1,0,0,1.0,14.0
42,351,500,220,4.1,4.0,1,0,0,1.0,14.0
436,352,0,218,4.1,4.0,1,0,0,1.0,14.0
101,353,200,252,4.2,4.0,1,0,0,1.0,14.0
468,354,0,258,4.2,4.0,1,0,0,1.0,14.0
466,355,0,256,4.2,4.0,1,0,0,1.0,14.0
386,356,0,119,4.2,6.0,1,0,0,4.0,14.0
179,357,100,602,3.5,4.0,1,1,0,3.0,13.0
582,358,0,480,4.0,3.0,1,1,0,3.0,13.0
297,359,50,571,4.4,5.0,1,0,0,1.0,14.0
557,360,0,438,4.1,4.0,1,0,0,,13.0
706,720,0,674,4.0,6.0,1,0,0,1.0,1.0
705,721,0,673,4.0,,3,0,1,,1.0
702,722,0,670,4.0,6.0,1,0,0,1.0,1.0
704,723,0,672,4.0,6.0,1,0,0,1.0,1.0
807,724,0,800,4.5,6.0,1,0,0,1.0,1.0
758,725,0,738,3.9,6.0,1,0,0,1.0,1.0
762,726,0,742,3.9,6.0,1,0,0,1.0,1.0
763,727,0,743,3.9,6.0,1,0,0,,1.0
427,728,0,197,4.2,4.0,1,0,0,1.0,14.0
426,729,0,196,4.2,3.0,1,0,0,1.0,14.0
415,730,0,185,4.2,,3,0,1,,14.0
416,731,0,186,4.2,3.0,1,0,0,1.0,14.0
417,732,0,187,4.2,4.0,1,0,0,1.0,14.0
187,733,100,628,4.0,5.0,1,1,1,1.0,13.0
183,734,100,613,4.0,4.0,1,1,1,1.0,13.0
607,735,0,516,3.6,,3,0,1,,13.0
195,736,100,746,4.1,6.0,1,1,1,1.0,13.0
418,737,0,188,4.2,3.0,1,0,0,1.0,14.0
419,738,0,189,4.2,3.0,1,0,0,1.0,14.0
420,739,0,190,4.2,3.0,1,1,1,1.0,14.0
421,740,0,191,4.2,4.0,1,0,0,1.0,14.0
428,741,0,198,4.2,4.0,1,0,0,,14.0
414,742,0,184,4.2,,3,0,1,,14.0
184,743,100,621,4.2,6.0,1,0,0,1.0,13.0
194,744,100,728,4.4,6.0,1,1,1,1.0,13.0
860,745,0,856,3.5,,2,0,1,,13.0
851,746,0,847,3.5,,2,0,1,,13.0
310,747,50,653,4.1,5.0,1,1,1,1.0,13.0
423,748,0,193,4.2,4.0,1,0,0,1.0,
422,749,0,192,4.2,3.0,1,0,0,1.0,14.0
424,750,0,194,4.2,4.0,1,0,0,1.0,14.0
425,751,0,195,4.2,4.0,1,0,0,1.0,14.0
821,752,0,816,4.6,4.0,1,0,0,1.0,
699,753,0,663,4.3,,2,0,1,,
932,754,0,931,0.0,5.0,1,0,0,3.0,10.0
866,755,0,862,5.0,,2,0,1,,
322,756,50,729,4.2,5.0,1,0,0,1.0,1.0
948,757,0,948,0.0,,2,0,1,,
288,758,50,518,3.6,6.0,1,1,1,1.0,13.0
663,759,0,600,4.2,,2,0,1,,1.0
188,760,100,640,4.4,5.0,1,0,0,1.0,14.0
314,761,50,664,4.3,6.0,1,1,1,1.0,13.0
667,762,0,608,4.0,5.0,1,1,1,1.0,13.0
871,763,0,867,5.0,5.0,1,0,0,,14.0
854,764,0,850,5.0,5.0,1,0,0,1.0,14.0
957,765,0,957,0.0,5.0,1,0,0,1.0,14.0
121,766,200,770,4.0,5.0,1,0,0,1.0,14.0
955,767,0,955,0.0,5.0,1,0,0,1.0,14.0
711,768,0,682,4.3,6.0,1,0,0,1.0,13.0
795,769,0,786,5.0,6.0,1,0,0,1.0,1.0
794,770,0,785,5.0,6.0,1,0,0,1.0,1.0
793,771,0,784,5.0,6.0,1,0,0,1.0,1.0
953,772,0,953,0.0,6.0,1,0,0,1.0,1.0
712,773,0,683,4.3,5.0,1,0,0,8.0,13.0
78,774,300,260,4.4,4.0,1,1,1,1.0,14.0
626,775,0,548,4.2,6.0,1,0,0,1.0,13.0
252,776,50,303,3.7,5.0,1,1,1,1.0,13.0
175,777,100,575,4.4,5.0,1,0,0,1.0,13.0
331,778,50,793,3.0,3.0,1,0,0,,9.0
952,779,0,952,0.0,5.0,1,0,0,1.0,
756,780,0,736,4.5,6.0,1,0,0,1.0,13.0
755,781,0,735,4.5,6.0,1,0,0,1.0,13.0
680,782,0,634,4.3,5.0,1,0,0,1.0,1.0
335,783,50,880,2.4,,2,0,1,,13.0
697,784,0,659,4.0,5.0,1,0,0,1.0,1.0
313,785,50,660,4.0,5.0,1,0,0,1.0,1.0
677,786,0,631,4.1,6.0,1,0,0,1.0,1.0
676,787,0,630,4.1,6.0,1,0,0,1.0,1.0
808,788,0,801,4.7,,2,0,1,,13.0
884,789,0,881,2.5,5.0,1,0,0,1.0,13.0
791,790,0,782,4.8,,2,0,1,,13.0
630,791,0,554,4.5,,2,0,1,,13.0
110,792,200,455,4.6,4.0,1,0,0,5.0,12.0
564,793,0,456,4.6,4.0,1,0,0,5.0,12.0
84,794,300,457,4.6,4.0,1,0,0,5.0,12.0
566,795,0,461,4.6,5.0,1,0,0,5.0,12.0
169,796,100,458,4.6,4.0,1,0,0,5.0,12.0
565,797,0,460,4.6,4.0,1,0,0,5.0,12.0
281,798,50,459,4.6,4.0,1,0,0,5.0,12.0
562,799,0,451,4.6,5.0,1,0,0,5.0,12.0
563,800,0,454,4.6,5.0,1,0,0,5.0,12.0
177,801,100,592,4.7,5.0,1,0,0,1.0,13.0
506,802,0,358,4.1,,2,0,1,,14.0
687,803,0,642,4.2,6.0,1,0,0,1.0,13.0
688,804,0,643,4.2,5.0,1,0,0,1.0,13.0
689,805,0,644,4.2,,3,0,1,,13.0
690,806,0,645,4.2,5.0,1,0,0,1.0,13.0
691,807,0,646,4.2,5.0,1,0,0,1.0,13.0
147,808,100,261,4.4,4.0,1,0,0,1.0,14.0
942,809,0,942,0.0,6.0,1,0,0,1.0,13.0
908,810,0,906,5.0,6.0,1,0,0,1.0,13.0
265,811,50,357,4.1,,3,0,1,,14.0
311,812,50,654,4.1,4.0,1,0,0,1.0,10.0
946,813,0,946,0.0,5.0,1,0,0,1.0,
943,814,0,943,0.0,,2,0,1,,
857,815,0,853,3.8,,3,0,1,,1.0
685,816,0,639,4.1,,2,0,1,,13.0
833,817,0,828,4.6,6.0,1,0,0,1.0,13.0
191,818,100,680,4.0,5.0,1,1,1,1.0,13.0
951,819,0,951,0.0,6.0,1,0,0,1.0,14.0
168,820,100,450,4.2,4.0,1,0,0,1.0,14.0
167,821,100,449,4.2,4.0,1,0,0,1.0,14.0
166,822,100,448,4.2,4.0,1,0,0,1.0,14.0
788,823,0,774,4.4,4.0,1,0,0,1.0,13.0
787,824,0,772,4.4,5.0,1,0,0,1.0,13.0
197,825,100,773,4.4,4.0,1,0,0,1.0,13.0
786,826,0,771,4.4,6.0,1,0,0,1.0,13.0
862,827,0,858,3.2,5.0,1,0,0,1.0,13.0
956,828,0,956,0.0,6.0,1,0,0,1.0,14.0
660,829,0,594,4.3,6.0,1,1,1,1.0,13.0
119,830,200,658,3.9,2.0,1,0,0,3.0,13.0
289,831,50,526,4.5,3.0,1,0,0,1.0,14.0
611,832,0,524,4.5,3.0,1,0,0,1.0,14.0
172,833,100,523,4.5,3.0,1,0,0,1.0,14.0
291,834,50,530,4.5,3.0,1,0,0,1.0,14.0
610,835,0,522,4.5,4.0,1,0,0,1.0,14.0
612,836,0,525,4.5,3.0,1,0,0,1.0,14.0
290,837,50,527,4.5,3.0,1,0,0,1.0,14.0
613,838,0,528,4.5,3.0,1,0,0,1.0,14.0
173,839,100,529,4.5,3.0,1,0,0,1.0,14.0
889,1,0,887,5.0,,2,0,1,,13.0
469,2,0,266,4.2,,2,0,1,,14.0
865,3,0,861,5.0,,2,0,1,,13.0
98,4,200,139,4.0,2.0,1,0,0,3.0,12.0
477,5,0,295,4.4,,2,0,1,,10.0
23,6,1000,215,3.9,2.0,1,0,0,3.0,14.0
81,7,300,418,4.2,2.0,1,0,0,3.0,12.0
70,8,300,19,4.4,2.0,1,0,0,4.0,12.0
201,9,50,16,4.4,2.0,1,0,0,3.0,12.0
363,10,0,61,4.3,3.0,1,0,0,4.0,12.0
200,11,50,15,4.4,2.0,1,0,0,4.0,12.0
204,12,50,60,4.3,4.0,1,0,0,4.0,12.0
567,13,0,462,4.0,6.0,1,0,0,8.0,1.0
13,14,1000,17,4.4,2.0,1,0,0,3.0,12.0
151,15,100,296,4.4,2.0,1,0,0,3.0,12.0
585,16,0,483,4.4,3.0,1,0,0,4.0,12.0
14,17,1000,18,4.4,2.0,1,0,0,3.0,12.0
631,18,0,558,4.2,2.0,1,0,0,3.0,12.0
617,19,0,534,4.3,4.0,1,0,0,3.0,1.0
29,20,500,39,4.3,2.0,1,0,0,4.0,12.0
30,21,500,40,4.3,2.0,1,0,0,4.0,12.0
4,22,6000,41,4.3,2.0,1,0,0,3.0,12.0
35,23,500,140,4.0,2.0,1,0,0,3.0,12.0
6,24,4000,42,4.3,2.0,1,0,0,3.0,12.0
74,25,300,159,3.9,3.0,1,1,1,3.0,14.0
819,26,0,814,5.0,4.0,1,0,0,1.0,14.0
679,27,0,633,4.4,,2,0,1,,1.0
190,28,100,676,4.1,2.0,1,0,0,3.0,13.0
38,29,500,161,3.9,3.0,1,0,0,3.0,14.0
73,30,300,151,3.9,3.0,1,0,0,3.0,14.0
608,31,0,517,3.6,,2,0,1,,13.0
455,32,0,241,4.6,6.0,1,0,0,8.0,1.0
158,33,100,404,3.8,2.0,1,0,0,3.0,13.0
801,34,0,794,5.0,6.0,1,0,0,1.0,1.0
241,35,50,263,4.2,5.0,1,0,0,1.0,14.0
217,36,50,93,4.3,2.0,1,0,0,4.0,12.0
129,37,100,92,4.3,2.0,1,0,0,,12.0
216,38,50,91,4.3,,3,0,1,,12.0
19,39,1000,90,4.3,2.0,1,0,0,3.0,12.0
96,40,200,89,4.3,3.0,1,0,0,4.0,12.0
292,41,50,535,4.0,2.0,1,0,0,3.0,13.0
39,42,500,162,3.9,3.0,1,0,0,3.0,14.0
371,43,0,88,4.3,3.0,1,0,0,3.0,12.0
214,44,50,84,4.3,3.0,1,1,0,3.0,12.0
404,45,0,160,3.9,3.0,1,0,0,3.0,14.0
368,46,0,83,4.3,3.0,1,0,0,4.0,12.0
369,47,0,85,4.3,3.0,1,0,0,4.0,12.0
215,48,50,86,4.3,3.0,1,0,0,4.0,12.0
370,49,0,87,4.3,4.0,1,0,0,4.0,12.0
885,50,0,882,5.0,,2,0,1,,14.0
695,51,0,656,3.9,4.0,1,0,0,3.0,1.0
137,52,100,158,3.9,3.0,1,0,0,3.0,14.0
402,53,0,150,4.7,4.0,1,0,0,8.0,1.0
648,54,0,579,3.6,,3,0,1,,1.0
753,55,0,733,4.6,,2,0,1,,1.0
230,56,50,156,3.9,4.0,1,0,0,3.0,14.0
491,57,0,331,4.5,,2,0,1,,13.0
91,58,200,38,4.5,1.0,1,1,1,1.0,12.0
873,59,0,869,5.0,,2,0,1,,14.0
229,60,50,155,3.9,4.0,1,0,0,4.0,14.0
228,61,50,154,3.9,5.0,1,0,0,4.0,14.0
226,62,50,152,3.9,4.0,1,0,0,3.0,14.0
859,63,0,855,4.7,,2,0,1,,1.0
800,64,0,792,4.7,,2,0,1,,14.0
651,65,0,583,3.5,5.0,1,0,0,8.0,1.0
227,66,50,153,3.9,5.0,1,0,0,4.0,14.0
136,67,100,142,3.9,3.0,1,1,0,3.0,13.0
403,68,0,157,3.9,5.0,1,0,0,4.0,14.0
71,69,300,95,4.4,4.0,1,0,0,3.0,12.0
218,70,50,94,4.4,4.0,1,0,0,3.0,12.0
372,71,0,97,4.4,4.0,1,0,0,3.0,12.0
220,72,50,98,4.4,4.0,1,0,0,3.0,12.0
373,73,0,99,4.4,5.0,1,0,0,3.0,12.0
374,74,0,100,4.4,4.0,1,0,0,3.0,12.0
221,75,50,101,4.4,4.0,1,0,0,3.0,12.0
375,76,0,102,4.4,4.0,1,0,0,3.0,12.0
377,77,0,104,4.4,5.0,1,0,0,3.0,12.0
378,78,0,105,4.4,5.0,1,0,0,,12.0
379,79,0,107,4.4,5.0,1,0,0,3.0,12.0
330,80,50,789,4.4,4.0,1,0,0,4.0,1.0
44,81,500,281,3.8,4.0,1,0,0,3.0,14.0
219,82,50,96,4.4,4.0,1,0,0,3.0,12.0
40,83,500,163,4.2,1.0,1,0,0,3.0,14.0
280,84,50,447,4.1,4.0,1,0,0,3.0,1.0
380,85,0,108,4.4,5.0,1,0,0,3.0,12.0
246,86,50,284,3.8,4.0,1,1,0,3.0,14.0
130,87,100,106,4.4,4.0,1,0,0,3.0,12.0
45,88,500,285,3.8,4.0,1,0,0,3.0,14.0
106,89,200,283,3.8,4.0,1,0,0,3.0,14.0
376,90,0,103,4.4,5.0,1,0,0,3.0,12.0
245,91,50,282,3.8,4.0,1,0,0,3.0,14.0
750,92,0,727,4.2,5.0,1,0,0,3.0,1.0
33,93,500,75,4.2,4.0,1,0,0,3.0,12.0
128,94,100,74,4.2,3.0,1,0,0,3.0,12.0
127,95,100,73,4.2,3.0,1,0,0,3.0,12.0
205,96,50,62,4.2,4.0,1,0,0,3.0,12.0
877,97,0,873,4.5,,2,0,1,,13.0
207,98,50,70,4.2,4.0,1,0,0,3.0,12.0
24,99,1000,275,4.1,1.0,1,0,0,3.0,14.0
18,100,1000,63,4.2,3.0,1,0,0,3.0,12.0
94,101,200,64,4.2,3.0,1,0,0,3.0,12.0
63,102,400,66,4.2,3.0,1,0,0,3.0,12.0
126,103,100,67,4.2,4.0,1,0,0,3.0,12.0
95,104,200,68,4.2,3.0,1,0,0,3.0,12.0
209,105,50,76,4.2,4.0,1,0,0,4.0,12.0
389,106,0,122,4.2,4.0,1,0,0,3.0,14.0
34,107,500,123,4.2,4.0,1,0,0,3.0,14.0
72,108,300,135,4.2,4.0,1,0,0,3.0,14.0
64,109,400,125,4.2,4.0,1,0,0,4.0,14.0
365,110,0,72,4.2,4.0,1,0,0,3.0,12.0
213,111,50,81,4.2,4.0,1,0,0,4.0,12.0
305,112,50,620,4.1,5.0,1,0,0,3.0,1.0
212,113,50,80,4.2,4.0,1,0,0,3.0,12.0
208,114,50,71,4.2,4.0,1,0,0,3.0,12.0
21,115,1000,166,4.2,1.0,1,0,0,3.0,14.0
210,116,50,77,4.2,4.0,1,0,0,3.0,12.0
390,117,0,124,4.2,4.0,1,0,0,3.0,14.0
366,118,0,78,4.2,4.0,1,0,0,3.0,12.0
211,119,50,79,4.2,4.0,1,0,0,3.0,12.0
392,120,0,127,4.2,4.0,1,0,0,3.0,14.0
774,121,0,757,4.5,,2,0,1,,14.0
454,122,0,239,3.7,4.0,1,1,0,3.0,13.0
31,123,500,58,4.4,2.0,1,1,1,1.0,14.0
206,124,50,69,4.2,3.0,1,0,0,4.0,12.0
300,125,50,596,4.3,3.0,1,0,0,3.0,13.0
551,126,0,428,4.3,,2,0,1,,13.0
480,127,0,309,4.3,5.0,1,0,0,3.0,1.0
154,128,100,308,4.3,,3,0,1,,1.0
153,129,100,306,4.3,5.0,1,0,0,3.0,1.0
772,130,0,754,4.7,,2,0,1,,14.0
364,131,0,65,4.2,4.0,1,0,0,3.0,12.0
874,132,0,870,5.0,,2,0,1,,
505,133,0,354,4.5,,2,0,1,,1.0
75,134,300,165,4.2,1.0,1,0,0,3.0,14.0
771,135,0,753,4.7,,2,0,1,,14.0
872,136,0,868,5.0,,2,0,1,,13.0
43,137,500,274,4.1,1.0,1,0,0,3.0,14.0
111,138,200,476,4.2,1.0,1,0,0,3.0,12.0
671,139,0,617,4.4,5.0,1,0,0,1.0,13.0
303,140,50,614,4.4,5.0,1,0,0,1.0,13.0
670,141,0,616,4.4,5.0,1,1,1,1.0,13.0
235,142,50,199,3.9,4.0,1,0,0,3.0,12.0
853,143,0,849,5.0,,2,0,1,,1.0
745,144,0,720,4.4,5.0,1,0,0,9.0,13.0
255,145,50,315,4.3,5.0,1,0,0,3.0,1.0
483,146,0,312,4.3,5.0,1,0,0,3.0,1.0
899,147,0,897,5.0,,2,0,1,,13.0
897,148,0,895,5.0,,2,0,1,,13.0
550,149,0,427,4.3,,2,0,1,,13.0
814,150,0,808,3.7,,2,0,1,,1.0
185,151,100,625,4.3,4.0,1,1,1,3.0,13.0
405,152,0,164,4.2,1.0,1,0,0,3.0,14.0
8,153,3000,262,4.4,3.0,1,1,1,1.0,14.0
83,154,300,444,4.2,2.0,1,0,0,3.0,13.0
37,155,500,143,4.0,1.0,1,0,0,3.0,14.0
66,156,400,294,4.0,4.0,1,0,0,,14.0
482,157,0,311,4.3,5.0,1,0,0,3.0,1.0
145,158,100,240,3.7,3.0,1,0,0,3.0,13.0
457,159,0,245,4.3,5.0,1,0,0,1.0,13.0
133,160,100,130,4.2,5.0,1,0,0,3.0,14.0
476,161,0,293,4.0,5.0,1,0,0,3.0,14.0
247,162,50,286,4.0,6.0,1,0,0,,14.0
394,163,0,133,4.2,5.0,1,0,0,3.0,14.0
474,164,0,291,4.0,6.0,1,0,0,4.0,14.0
135,165,100,134,4.2,6.0,1,0,0,4.0,14.0
673,166,0,619,4.3,5.0,1,0,0,,14.0
248,167,50,290,4.0,5.0,1,0,0,4.0,14.0
46,168,500,289,4.0,4.0,1,0,0,3.0,14.0
11,169,2000,288,4.0,4.0,1,0,0,3.0,14.0
470,170,0,268,4.2,5.0,1,0,0,1.0,14.0
103,171,200,267,4.2,5.0,1,0,0,1.0,14.0
242,172,50,269,4.2,5.0,1,0,0,1.0,14.0
471,173,0,270,4.2,5.0,1,0,0,1.0,14.0
243,174,50,271,4.2,5.0,1,0,0,1.0,14.0
472,175,0,272,4.2,5.0,1,0,0,1.0,14.0
282,176,50,475,4.2,1.0,1,1,0,3.0,12.0
473,177,0,287,4.0,6.0,1,0,0,4.0,14.0
116,178,200,581,4.0,3.0,1,1,0,3.0,13.0
696,179,0,657,4.1,4.0,1,0,0,3.0,13.0
674,180,0,622,4.2,3.0,1,0,0,3.0,13.0
847,181,0,843,3.6,4.0,1,0,0,3.0,13.0
316,182,50,669,3.5,,3,0,1,,13.0
269,183,50,395,4.2,4.0,1,1,0,3.0,13.0
231,184,50,171,4.3,4.0,1,0,0,3.0,12.0
99,185,200,168,4.3,4.0,1,0,0,3.0,12.0
100,186,200,169,4.3,4.0,1,0,0,3.0,12.0
232,187,50,172,4.3,4.0,1,1,1,3.0,12.0
139,188,100,174,4.3,4.0,1,0,0,3.0,12.0
140,189,100,175,4.3,4.0,1,0,0,3.0,12.0
561,190,0,446,4.1,,3,0,1,,13.0
560,191,0,445,4.1,,3,0,1,,13.0
233,192,50,176,4.3,4.0,1,0,0,3.0,12.0
408,193,0,177,4.3,4.0,1,0,0,3.0,12.0
409,194,0,178,4.3,,2,0,1,,12.0
410,195,0,179,4.3,4.0,1,0,0,3.0,12.0
411,196,0,180,4.3,4.0,1,0,0,3.0,12.0
413,197,0,182,4.3,4.0,1,0,0,3.0,12.0
412,198,0,181,4.3,4.0,1,0,0,3.0,12.0
445,199,0,229,4.2,4.0,1,0,0,8.0,1.0
446,200,0,230,4.2,4.0,1,0,0,8.0,1.0
448,201,0,232,4.2,5.0,1,0,0,1.0,1.0
449,202,0,233,4.2,,2,0,1,,1.0
447,203,0,231,4.2,4.0,1,0,0,8.0,1.0
444,204,0,228,4.2,,2,0,1,,1.0
334,205,50,830,4.7,4.0,1,0,0,1.0,1.0
539,206,0,403,4.2,3.0,1,0,0,8.0,1.0
538,207,0,402,4.2,4.0,1,0,0,8.0,1.0
537,208,0,401,4.2,4.0,1,0,0,8.0,1.0
536,209,0,400,4.2,3.0,1,0,0,8.0,1.0
535,210,0,399,4.2,4.0,1,0,0,1.0,1.0
481,211,0,310,4.3,,3,0,1,,1.0
336,212,50,883,5.0,,2,0,1,,13.0
783,213,0,767,4.1,,3,0,1,,13.0
88,214,300,647,4.4,5.0,1,0,0,1.0,13.0
784,215,0,768,4.1,6.0,1,0,0,1.0,13.0
785,216,0,769,4.1,,3,0,1,,13.0
933,217,0,932,0.0,,2,0,1,,1.0
959,218,0,959,0.0,,2,0,1,,1.0
930,219,0,929,0.0,6.0,1,0,0,1.0,1.0
934,220,0,933,0.0,6.0,1,0,0,1.0,1.0
315,221,50,665,4.1,,2,0,1,,13.0
534,222,0,398,4.2,4.0,1,0,0,8.0,1.0
916,223,0,914,2.5,6.0,1,0,0,1.0,13.0
264,224,50,353,4.5,3.0,3,1,1,,12.0
259,226,50,328,4.4,4.0,1,1,1,,12.0
263,227,50,352,4.5,2.0,1,0,0,5.0,12.0
587,228,0,486,4.6,,2,0,1,,12.0
593,229,0,493,4.6,,2,0,1,,12.0
48,230,500,304,4.3,2.0,1,0,0,5.0,12.0
108,231,200,351,4.5,3.0,3,1,1,,12.0
284,232,50,488,4.6,,2,0,1,,12.0
49,233,500,320,4.4,2.0,3,1,1,,12.0
257,234,50,324,4.4,3.0,1,0,0,5.0,12.0
490,235,0,326,4.4,4.0,3,1,1,,12.0
258,236,50,325,4.4,2.0,1,1,1,,12.0
256,237,50,322,4.4,3.0,1,1,1,,12.0
283,238,50,485,4.6,,2,0,1,,12.0
489,239,0,323,4.4,4.0,1,1,1,5.0,12.0
50,240,500,321,4.4,2.0,1,0,0,5.0,12.0
507,481,0,365,4.6,5.0,1,0,0,3.0,12.0
520,482,0,379,4.6,4.0,1,0,0,3.0,12.0
519,483,0,378,4.6,5.0,1,0,0,3.0,12.0
518,484,0,377,4.6,6.0,1,0,0,4.0,12.0
517,485,0,376,4.6,5.0,1,1,0,3.0,12.0
516,486,0,375,4.6,5.0,1,0,0,3.0,12.0
523,487,0,383,4.6,5.0,1,0,0,4.0,12.0
513,488,0,372,4.6,5.0,1,0,0,4.0,12.0
512,489,0,371,4.6,5.0,1,0,0,,12.0
511,490,0,370,4.6,4.0,1,0,0,3.0,12.0
510,491,0,369,4.6,5.0,1,0,0,3.0,12.0
509,492,0,368,4.6,5.0,1,0,0,3.0,12.0
266,493,50,367,4.6,4.0,1,0,0,3.0,12.0
515,494,0,374,4.6,5.0,1,0,0,3.0,12.0
524,495,0,384,4.6,5.0,1,0,0,3.0,12.0
527,496,0,388,4.6,4.0,1,0,0,3.0,12.0
528,497,0,389,4.6,5.0,1,0,0,3.0,12.0
529,498,0,390,4.6,5.0,1,0,0,3.0,12.0
530,499,0,391,4.6,5.0,1,0,0,3.0,12.0
521,500,0,380,4.6,5.0,1,0,0,3.0,12.0
531,501,0,392,4.6,5.0,1,1,0,3.0,12.0
268,502,50,387,4.6,5.0,1,0,0,3.0,12.0
526,503,0,386,4.6,5.0,1,0,0,3.0,12.0
525,504,0,385,4.6,6.0,1,0,0,4.0,12.0
532,505,0,393,4.6,5.0,1,1,1,3.0,12.0
244,506,50,280,4.4,4.0,1,0,0,1.0,14.0
176,507,100,576,4.4,5.0,1,0,0,1.0,13.0
580,508,0,477,4.1,,2,0,1,,1.0
792,509,0,783,4.3,,2,0,1,,1.0
757,510,0,737,4.7,,2,0,1,,1.0
458,511,0,246,4.3,,2,0,1,,13.0
591,512,0,491,4.6,5.0,1,0,0,5.0,12.0
868,513,0,864,5.0,,3,0,1,,14.0
806,514,0,799,4.5,6.0,1,0,0,1.0,1.0
805,515,0,798,4.5,6.0,1,0,0,1.0,1.0
804,516,0,797,4.5,6.0,1,0,0,1.0,1.0
803,517,0,796,4.5,6.0,1,0,0,1.0,1.0
502,518,0,346,4.3,5.0,1,0,0,3.0,12.0
181,519,100,607,4.4,5.0,1,1,1,1.0,13.0
624,520,0,545,4.2,6.0,1,0,0,1.0,13.0
152,521,100,302,4.3,4.0,1,0,0,1.0,14.0
249,522,50,297,4.3,3.0,1,0,0,1.0,14.0
325,523,50,766,4.2,3.0,1,0,0,1.0,14.0
52,524,500,350,4.5,4.0,1,1,1,1.0,14.0
818,525,0,813,5.0,5.0,1,0,0,1.0,14.0
845,526,0,841,5.0,6.0,1,0,0,1.0,14.0
639,527,0,566,4.4,5.0,1,0,0,1.0,14.0
640,528,0,567,4.4,5.0,1,0,0,1.0,14.0
641,529,0,568,4.4,6.0,1,0,0,1.0,14.0
836,530,0,832,5.0,6.0,1,0,0,1.0,14.0
238,531,50,236,4.5,6.0,1,0,0,1.0,13.0
713,532,0,685,4.3,5.0,1,0,0,1.0,13.0
714,533,0,686,4.3,5.0,1,0,0,1.0,13.0
715,534,0,687,4.3,5.0,1,0,0,1.0,13.0
318,535,50,684,4.3,5.0,1,0,0,1.0,13.0
829,536,0,824,4.2,,2,0,1,,13.0
698,537,0,661,4.5,,2,0,1,,1.0
112,538,200,521,4.4,5.0,1,0,0,,13.0
901,539,0,899,5.0,,2,0,1,,14.0
628,540,0,551,4.2,5.0,1,1,1,1.0,13.0
294,541,50,550,4.2,6.0,1,0,0,1.0,13.0
20,542,1000,129,4.2,5.0,1,0,0,3.0,14.0
114,543,200,537,4.3,6.0,1,1,1,1.0,1.0
309,544,50,652,4.0,5.0,1,1,1,1.0,1.0
456,545,0,244,4.3,,2,0,1,,13.0
146,546,100,243,4.3,5.0,1,1,1,1.0,13.0
749,547,0,726,4.0,,2,0,1,,1.0
849,548,0,845,4.3,,2,0,1,,14.0
764,549,0,745,3.6,6.0,1,0,0,1.0,13.0
911,550,0,909,5.0,,2,0,1,,14.0
193,551,100,724,3.9,4.0,1,1,1,1.0,13.0
722,552,0,695,4.4,5.0,1,0,0,1.0,1.0
723,553,0,696,4.4,6.0,1,0,0,1.0,1.0
798,554,0,790,3.2,,2,0,1,,13.0
186,555,100,627,4.0,5.0,1,1,1,1.0,13.0
918,556,0,917,4.0,,2,0,1,,13.0
903,557,0,901,5.0,,2,0,1,,14.0
832,558,0,827,5.0,,2,0,1,,14.0
876,559,0,872,3.6,,2,0,1,,14.0
816,560,0,811,4.7,,2,0,1,,14.0
65,561,400,207,4.8,6.0,1,1,1,1.0,14.0
41,562,500,208,4.8,6.0,1,1,1,1.0,14.0
141,563,100,202,4.8,6.0,1,1,1,1.0,14.0
236,564,50,213,4.8,6.0,1,0,0,1.0,14.0
143,565,100,212,4.8,6.0,1,0,0,1.0,14.0
77,566,300,211,4.8,6.0,1,1,1,1.0,14.0
142,567,100,210,4.8,6.0,1,1,1,,14.0
662,568,0,599,4.2,,2,0,1,,1.0
76,569,300,209,4.8,6.0,1,1,1,1.0,14.0
834,570,0,829,3.7,,2,0,1,,1.0
434,571,0,206,4.8,6.0,1,1,1,1.0,14.0
432,572,0,204,4.8,6.0,1,1,1,1.0,14.0
430,573,0,201,4.8,6.0,1,1,1,1.0,14.0
429,574,0,200,4.8,6.0,1,1,1,1.0,14.0
431,575,0,203,4.8,6.0,1,1,1,1.0,14.0
433,576,0,205,4.8,6.0,1,1,1,1.0,14.0
904,577,0,902,5.0,,2,0,1,,14.0
949,578,0,949,0.0,,2,0,1,,13.0
645,579,0,573,4.4,5.0,1,0,0,1.0,14.0
835,580,0,831,4.0,,2,0,1,,1.0
644,581,0,572,4.4,5.0,1,0,0,1.0,14.0
324,582,50,744,4.1,,2,0,1,,1.0
870,583,0,866,5.0,,2,0,1,,14.0
869,584,0,865,5.0,,2,0,1,,14.0
802,585,0,795,4.5,,3,0,1,,1.0
678,586,0,632,4.1,5.0,1,0,0,8.0,1.0
118,587,200,626,4.1,6.0,1,1,1,1.0,13.0
820,588,0,815,3.3,,2,0,1,,13.0
646,589,0,574,4.4,5.0,1,0,0,1.0,13.0
307,590,50,629,4.4,6.0,1,0,0,1.0,13.0
609,591,0,519,3.6,6.0,1,1,1,1.0,13.0
907,592,0,905,5.0,,2,0,1,,13.0
900,593,0,898,5.0,,2,0,1,,13.0
910,594,0,908,5.0,,2,0,1,,13.0
937,595,0,936,0.0,,2,0,1,,13.0
914,596,0,912,5.0,,2,0,1,,14.0
25,597,1000,332,4.3,4.0,1,1,1,1.0,14.0
298,598,50,577,4.4,5.0,1,0,0,1.0,13.0
647,599,0,578,3.8,5.0,1,1,1,1.0,13.0
770,600,0,752,4.2,6.0,1,0,0,1.0,1.0
768,601,0,750,4.2,6.0,1,0,0,1.0,1.0
766,602,0,748,4.2,6.0,1,0,0,1.0,1.0
765,603,0,747,4.2,6.0,1,0,0,1.0,1.0
767,604,0,749,4.2,5.0,1,0,0,1.0,1.0
769,605,0,751,4.2,6.0,1,0,0,1.0,1.0
864,606,0,860,5.0,,2,0,1,,13.0
401,607,0,148,4.5,5.0,1,0,0,1.0,13.0
682,608,0,636,4.1,,2,0,1,,13.0
858,609,0,854,3.7,,2,0,1,,13.0
861,610,0,857,3.2,,2,0,1,,13.0
277,611,50,431,4.5,5.0,1,0,0,1.0,14.0
163,612,100,430,4.5,5.0,1,0,0,1.0,14.0
82,613,300,429,4.5,4.0,1,0,0,1.0,14.0
115,614,200,556,4.4,5.0,1,1,1,1.0,13.0
162,615,100,425,4.3,6.0,1,1,1,1.0,13.0
107,616,200,330,4.4,6.0,1,1,1,1.0,14.0
452,617,0,237,4.5,,2,0,1,,13.0
453,618,0,238,4.5,,2,0,1,,13.0
450,619,0,234,4.5,6.0,1,0,0,1.0,13.0
451,620,0,235,4.5,6.0,1,0,0,1.0,13.0
931,621,0,930,0.0,6.0,1,0,0,1.0,14.0
638,622,0,565,4.4,6.0,1,0,0,1.0,14.0
637,623,0,564,4.4,,3,0,1,,14.0
642,624,0,569,4.4,6.0,1,0,0,1.0,14.0
710,625,0,681,3.9,5.0,1,1,1,1.0,13.0
57,626,500,396,4.4,5.0,1,1,1,1.0,14.0
53,627,500,356,4.4,5.0,1,1,1,1.0,14.0
929,628,0,928,0.0,,2,0,1,,14.0
928,629,0,927,0.0,,2,0,1,,14.0
664,630,0,603,4.5,,2,0,1,,1.0
178,631,100,595,4.3,5.0,1,1,1,1.0,13.0
623,632,0,544,4.2,5.0,1,1,1,1.0,13.0
293,633,50,547,4.2,6.0,1,0,0,1.0,13.0
625,634,0,546,4.2,6.0,1,0,0,1.0,13.0
843,635,0,839,5.0,6.0,1,0,0,1.0,1.0
844,636,0,840,5.0,6.0,1,0,0,1.0,1.0
839,637,0,835,5.0,,3,0,1,,1.0
748,638,0,725,4.0,5.0,1,1,1,1.0,13.0
333,639,50,810,4.3,5.0,1,1,1,1.0,1.0
17,640,1000,55,4.8,5.0,1,1,1,1.0,12.0
16,641,1000,54,4.8,5.0,1,1,1,1.0,12.0
93,642,200,53,4.8,5.0,1,1,1,1.0,12.0
203,643,50,52,4.8,5.0,1,1,1,1.0,12.0
359,644,0,45,4.8,6.0,1,1,1,1.0,12.0
92,645,200,51,4.8,5.0,1,1,1,1.0,12.0
10,646,2000,50,4.8,5.0,1,1,1,1.0,12.0
361,647,0,48,4.8,6.0,1,1,1,1.0,12.0
360,648,0,47,4.8,5.0,1,1,1,1.0,12.0
61,649,400,46,4.8,5.0,1,1,1,1.0,12.0
125,650,100,49,4.8,5.0,1,1,1,1.0,12.0
362,651,0,56,4.8,5.0,1,1,1,1.0,12.0
15,652,1000,44,4.8,5.0,1,1,1,1.0,12.0
198,653,100,781,4.0,5.0,1,1,1,1.0,13.0
508,654,0,366,4.6,5.0,1,0,0,5.0,12.0
462,655,0,251,4.2,5.0,1,0,0,1.0,14.0
443,656,0,227,4.1,5.0,1,0,0,1.0,14.0
439,657,0,222,4.1,5.0,1,0,0,1.0,14.0
460,658,0,249,4.2,5.0,1,0,0,1.0,14.0
400,659,0,147,4.5,,3,0,1,,13.0
399,660,0,146,4.5,6.0,1,0,0,1.0,13.0
398,661,0,145,4.5,5.0,1,0,0,1.0,13.0
225,662,50,144,4.5,5.0,1,0,0,1.0,13.0
51,663,500,329,4.4,6.0,1,0,0,1.0,14.0
102,664,200,259,4.4,5.0,1,0,0,1.0,14.0
887,665,0,885,5.0,,2,0,1,,14.0
672,666,0,618,4.4,6.0,1,0,0,1.0,13.0
878,667,0,874,4.5,6.0,1,0,0,1.0,13.0
279,668,50,443,3.7,5.0,1,1,1,1.0,13.0
319,669,50,693,4.1,6.0,1,0,0,1.0,13.0
707,670,0,675,4.0,6.0,1,0,0,1.0,1.0
703,671,0,671,4.0,6.0,1,0,0,,1.0
332,672,50,803,4.1,6.0,1,0,0,1.0,13.0
809,673,0,802,4.1,5.0,1,0,0,1.0,13.0
701,674,0,668,4.2,5.0,1,0,0,1.0,13.0
700,675,0,667,4.2,5.0,1,0,0,1.0,13.0
120,676,200,666,4.2,5.0,1,0,0,,13.0
109,677,200,394,4.5,5.0,1,0,0,1.0,13.0
627,678,0,549,4.2,6.0,1,0,0,1.0,13.0
915,679,0,913,5.0,5.0,1,0,0,1.0,14.0
888,680,0,886,5.0,,2,0,1,,14.0
312,681,50,655,5.0,5.0,1,0,0,3.0,12.0
920,682,0,919,1.0,,2,0,1,,1.0
659,683,0,593,4.3,6.0,1,1,1,1.0,13.0
287,684,50,511,4.6,4.0,1,0,0,3.0,12.0
86,685,300,513,4.6,5.0,1,0,0,3.0,12.0
604,686,0,510,4.6,4.0,1,0,0,3.0,12.0
606,687,0,514,4.6,5.0,1,0,0,4.0,12.0
85,688,300,505,4.6,4.0,1,0,0,3.0,12.0
600,689,0,502,4.6,,3,0,1,,12.0
285,690,50,495,4.6,4.0,1,0,0,3.0,12.0
595,691,0,496,4.6,5.0,1,0,0,3.0,12.0
596,692,0,497,4.6,4.0,1,0,0,3.0,12.0
597,693,0,499,4.6,5.0,1,0,0,3.0,12.0
598,694,0,500,4.6,5.0,1,0,0,3.0,12.0
599,695,0,501,4.6,5.0,1,0,0,3.0,12.0
69,696,400,509,4.6,4.0,1,1,0,3.0,12.0
594,697,0,494,4.6,5.0,1,0,0,3.0,12.0
68,698,400,506,4.6,4.0,1,1,0,3.0,12.0
171,699,100,508,4.6,4.0,1,0,0,3.0,12.0
603,700,0,507,4.6,5.0,1,0,0,4.0,12.0
605,701,0,512,4.6,4.0,1,0,0,3.0,12.0
286,702,50,498,4.6,4.0,1,0,0,3.0,12.0
602,703,0,504,4.6,5.0,1,0,0,3.0,12.0
601,704,0,503,4.6,5.0,1,0,0,3.0,12.0
880,705,0,876,2.9,,2,0,1,,1.0
881,706,0,877,2.9,,2,0,1,,1.0
882,707,0,878,2.9,,2,0,1,,1.0
879,708,0,875,2.9,,2,0,1,,1.0
883,709,0,879,2.9,,2,0,1,,1.0
895,710,0,893,5.0,,2,0,1,,14.0
239,711,50,242,4.6,,2,0,1,,1.0
650,712,0,582,4.0,5.0,1,0,0,3.0,13.0
189,713,100,662,4.4,,3,0,1,,13.0
782,714,0,765,4.2,6.0,1,0,0,1.0,1.0
36,715,500,141,4.2,5.0,1,1,1,1.0,10.0
28,716,1000,452,4.6,4.0,1,0,0,5.0,12.0
686,717,0,641,4.2,4.0,1,0,0,8.0,1.0
323,718,50,732,4.2,,3,0,1,,13.0
58,719,500,453,4.6,4.0,1,0,0,4.0,12.0
467,840,0,257,4.2,5.0,1,0,0,1.0,14.0
442,841,0,226,4.1,5.0,1,0,0,1.0,14.0
438,842,0,221,4.1,4.0,1,0,0,1.0,14.0
441,843,0,225,4.1,4.0,1,0,0,1.0,14.0
459,844,0,248,4.2,4.0,1,0,0,1.0,14.0
465,845,0,255,4.2,4.0,1,0,0,1.0,14.0
464,846,0,254,4.2,5.0,1,0,0,1.0,14.0
237,847,50,224,4.1,5.0,1,0,0,1.0,14.0
463,848,0,253,4.2,4.0,1,0,0,1.0,14.0
440,849,0,223,4.1,4.0,1,0,0,1.0,14.0
296,850,50,555,4.4,6.0,1,1,1,1.0,13.0
144,851,100,216,4.2,5.0,1,1,1,1.0,13.0
666,852,0,606,4.4,5.0,1,1,1,1.0,13.0
320,853,50,719,4.4,,3,0,1,,1.0
760,854,0,740,3.9,6.0,1,0,0,1.0,1.0
759,855,0,739,3.9,6.0,1,0,0,1.0,1.0
761,856,0,741,3.9,6.0,1,0,0,1.0,1.0
939,857,0,939,0.0,4.0,1,0,0,1.0,14.0
338,858,50,938,0.0,3.0,1,0,0,1.0,14.0
954,859,0,954,0.0,,2,0,1,,14.0
337,860,50,916,4.0,,2,0,1,,14.0
830,861,0,825,5.0,3.0,1,0,0,1.0,14.0
938,862,0,937,0.0,3.0,1,0,0,1.0,14.0
406,863,0,167,4.1,4.0,1,0,0,1.0,14.0
936,864,0,935,0.0,3.0,1,0,0,1.0,14.0
752,865,0,731,4.2,5.0,1,0,0,1.0,1.0
317,866,50,678,4.2,5.0,1,0,1,1.0,
751,867,0,730,4.2,5.0,1,0,0,1.0,1.0
831,868,0,826,5.0,4.0,1,0,1,1.0,
632,869,0,559,4.5,6.0,1,0,0,1.0,1.0
635,870,0,562,4.5,6.0,1,0,0,1.0,1.0
634,871,0,561,4.5,6.0,1,0,0,1.0,1.0
850,872,0,846,3.2,,2,0,1,,1.0
681,873,0,635,4.3,5.0,1,0,0,1.0,1.0
652,874,0,584,3.5,5.0,1,0,0,1.0,1.0
826,875,0,821,4.1,6.0,1,0,0,1.0,1.0
827,876,0,822,4.1,5.0,1,0,1,1.0,1.0
825,877,0,820,4.1,6.0,1,0,0,1.0,1.0
196,878,100,756,4.6,4.0,1,0,0,1.0,1.0
824,879,0,819,4.1,5.0,1,0,0,1.0,1.0
799,880,0,791,4.0,4.0,1,0,0,1.0,14.0
852,881,0,848,4.0,,2,0,1,,14.0
727,882,0,700,4.6,4.0,1,1,1,1.0,1.0
855,883,0,851,5.0,5.0,1,0,0,1.0,1.0
927,884,0,926,0.0,5.0,1,1,1,1.0,13.0
649,885,0,580,3.6,4.0,1,0,0,8.0,1.0
790,886,0,779,3.8,5.0,1,0,0,1.0,1.0
328,887,50,778,3.8,5.0,1,0,0,1.0,1.0
327,888,50,777,3.8,6.0,1,0,0,1.0,1.0
657,889,0,589,4.7,5.0,1,0,0,1.0,13.0
656,890,0,588,4.7,,3,0,1,,13.0
655,891,0,587,4.7,5.0,1,0,0,1.0,13.0
658,892,0,590,4.7,,3,0,1,,13.0
299,893,50,591,4.7,5.0,1,0,0,1.0,13.0
395,894,0,136,4.6,6.0,1,0,0,1.0,1.0
396,895,0,137,4.6,6.0,1,0,0,1.0,1.0
919,896,0,918,1.0,,2,0,1,,13.0
278,897,50,441,4.3,4.0,1,0,0,1.0,14.0
180,898,100,605,4.4,,2,0,1,,13.0
924,899,0,923,0.0,6.0,1,0,0,1.0,1.0
925,900,0,924,0.0,6.0,1,0,0,1.0,1.0
926,901,0,925,0.0,6.0,1,0,0,1.0,1.0
306,902,50,624,4.1,2.0,1,0,0,8.0,14.0
905,903,0,903,5.0,4.0,1,0,0,1.0,14.0
789,904,0,775,3.6,,3,0,1,,1.0
822,905,0,817,4.1,6.0,1,0,0,1.0,1.0
823,906,0,818,4.1,6.0,1,0,1,1.0,1.0
810,907,0,804,4.4,,3,0,1,,14.0
775,908,0,758,4.2,,2,0,1,,14.0
552,909,0,432,4.5,4.0,1,0,0,1.0,14.0
553,910,0,433,4.5,4.0,1,0,0,1.0,14.0
958,911,0,958,0.0,6.0,1,0,0,1.0,1.0
923,912,0,922,0.0,,2,0,1,,13.0
811,913,0,805,3.7,5.0,1,0,0,1.0,1.0
812,914,0,806,3.7,5.0,1,0,0,1.0,1.0
813,915,0,807,3.7,5.0,1,0,0,1.0,1.0
815,916,0,809,3.7,5.0,1,0,0,1.0,1.0
797,917,0,788,3.8,,2,0,1,,14.0
326,918,50,776,4.8,,2,0,1,,13.0
329,919,50,780,4.6,5.0,1,1,1,1.0,1.0
917,920,0,915,3.0,,2,0,1,,1.0
935,921,0,934,0.0,,2,0,1,,1.0
568,922,0,463,4.0,5.0,1,0,0,1.0,1.0
569,923,0,464,4.0,5.0,1,0,0,1.0,1.0
746,924,0,721,3.9,5.0,1,0,0,1.0,1.0
321,925,50,722,3.9,5.0,1,0,0,1.0,1.0
747,926,0,723,3.9,5.0,1,0,0,1.0,1.0
909,927,0,907,5.0,5.0,1,0,0,8.0,
55,928,500,360,4.7,6.0,1,1,1,1.0,14.0
56,929,500,361,4.7,6.0,1,1,1,1.0,14.0
26,930,1000,362,4.7,6.0,1,1,1,1.0,14.0
27,931,1000,363,4.7,6.0,1,1,1,1.0,14.0
54,932,500,359,4.7,6.0,1,1,1,1.0,14.0
157,933,100,364,4.7,6.0,1,0,0,1.0,14.0
940,934,0,940,0.0,5.0,1,0,0,1.0,13.0
837,935,0,833,5.0,5.0,1,0,0,1.0,13.0
838,936,0,834,5.0,6.0,1,0,0,1.0,13.0
921,937,0,920,1.0,,3,0,1,,13.0
840,938,0,836,5.0,6.0,1,0,0,1.0,13.0
841,939,0,837,5.0,6.0,1,0,0,1.0,13.0
842,940,0,838,5.0,5.0,1,0,0,1.0,13.0
945,941,0,945,0.0,,2,0,1,,14.0
773,942,0,755,4.7,,2,0,1,,14.0
156,943,100,355,4.5,5.0,1,0,0,1.0,1.0
947,944,0,947,0.0,,2,0,1,,14.0
848,945,0,844,4.0,,2,0,1,,14.0
941,946,0,941,0.0,6.0,1,0,0,1.0,1.0
922,947,0,921,1.0,6.0,1,0,0,1.0,1.0
780,948,0,763,4.2,6.0,1,0,0,1.0,1.0
781,949,0,764,4.2,6.0,1,0,0,1.0,1.0
779,950,0,762,4.2,6.0,1,0,0,1.0,1.0
777,951,0,760,4.2,6.0,1,0,0,1.0,1.0
776,952,0,759,4.2,6.0,1,0,0,1.0,1.0
778,953,0,761,4.2,,3,0,1,,1.0
950,954,0,950,0.0,6.0,1,0,0,1.0,1.0
397,955,0,138,4.6,6.0,1,0,0,1.0,1.0
796,956,0,787,5.0,6.0,1,0,0,1.0,1.0
548,957,0,424,4.1,3.0,1,0,0,3.0,13.0
944,958,0,944,0.0,6.0,1,0,0,1.0,1.0
906,959,0,904,5.0,6.0,1,0,0,1.0,1.0
