seller_id,is_fba,is_new,is_prime,condition_id,leaf_category
98.0,0,0,0,3,12.0
221.0,0,0,0,2,12.0
790.0,0,0,0,2,12.0
973.0,0,0,0,4,12.0
762.0,1,0,0,3,12.0
973.0,1,0,0,3,12.0
203.0,0,0,0,3,12.0
378.0,0,0,0,3,12.0
75.0,0,0,0,3,12.0
293.0,0,0,0,2,12.0
293.0,0,0,0,3,12.0
822.0,0,0,0,3,14.0
147.0,0,0,0,2,14.0
924.0,0,0,0,2,14.0
222.0,0,0,0,2,14.0
125.0,0,0,0,2,14.0
1110.0,1,0,0,3,14.0
293.0,1,0,0,3,14.0
293.0,0,0,0,4,14.0
790.0,0,0,0,3,14.0
693.0,1,0,0,2,14.0
75.0,0,0,0,3,14.0
822.0,0,0,0,3,12.0
973.0,1,0,0,3,12.0
973.0,0,0,0,4,12.0
790.0,0,0,0,2,12.0
1048.0,0,0,0,3,12.0
790.0,0,0,0,3,12.0
86.0,0,0,0,3,12.0
203.0,0,0,0,3,12.0
293.0,0,0,0,4,12.0
378.0,0,0,0,4,12.0
293.0,0,0,0,3,12.0
790.0,0,0,0,4,12.0
634.0,0,0,0,3,12.0
1190.0,0,0,0,3,12.0
378.0,0,0,0,3,12.0
790.0,0,0,0,3,12.0
790.0,0,0,0,2,12.0
457.0,0,0,0,3,12.0
224.0,0,0,0,3,12.0
378.0,0,0,0,3,12.0
790.0,0,0,0,3,12.0
378.0,0,0,0,4,12.0
293.0,0,0,0,4,12.0
293.0,0,0,0,2,12.0
293.0,0,0,0,3,12.0
378.0,0,0,0,3,12.0
378.0,0,0,0,4,12.0
378.0,0,0,0,3,12.0
378.0,0,0,0,4,12.0
293.0,0,0,0,2,12.0
293.0,0,0,0,3,12.0
378.0,0,0,0,3,12.0
411.0,0,0,0,8,1.0
1069.0,0,0,0,8,1.0
973.0,0,0,0,3,12.0
125.0,0,0,0,2,12.0
1060.0,0,0,0,2,12.0
568.0,0,0,0,3,12.0
973.0,0,0,0,4,12.0
822.0,0,0,0,3,12.0
1020.0,1,0,0,3,12.0
378.0,0,0,0,3,12.0
790.0,0,0,0,4,12.0
103.0,0,0,0,3,12.0
103.0,0,0,0,4,12.0
441.0,0,0,0,3,12.0
441.0,0,0,0,2,12.0
790.0,0,0,0,4,12.0
293.0,0,0,0,3,12.0
293.0,0,0,0,2,12.0
293.0,0,0,0,4,12.0
378.0,0,0,0,3,12.0
378.0,0,0,0,4,12.0
378.0,0,0,0,4,12.0
293.0,0,0,0,2,12.0
378.0,0,0,0,3,12.0
293.0,0,0,0,4,12.0
790.0,0,0,0,3,12.0
224.0,1,0,0,3,12.0
973.0,0,0,0,3,12.0
790.0,0,0,0,2,12.0
973.0,0,0,0,4,12.0
790.0,0,0,0,3,12.0
822.0,0,0,0,3,12.0
762.0,0,0,0,4,12.0
224.0,0,0,0,4,12.0
378.0,0,0,0,4,12.0
378.0,0,0,0,3,12.0
790.0,0,0,0,3,12.0
378.0,0,0,0,3,12.0
378.0,0,0,0,4,12.0
737.0,0,0,0,3,1.0
737.0,0,0,0,3,1.0
277.0,0,0,0,3,1.0
67.0,0,0,0,3,1.0
1112.0,0,0,0,3,1.0
378.0,0,0,0,4,1.0
378.0,0,0,0,3,1.0
790.0,0,0,0,4,12.0
822.0,0,0,0,3,12.0
457.0,0,0,0,3,12.0
973.0,1,0,0,3,12.0
1074.0,0,0,0,3,12.0
86.0,0,0,0,3,12.0
790.0,0,0,0,3,12.0
1074.0,0,0,0,2,12.0
790.0,0,0,0,2,12.0
1020.0,1,0,0,3,12.0
293.0,0,0,0,4,12.0
86.0,0,0,0,4,12.0
125.0,0,0,0,2,12.0
1074.0,0,0,0,2,12.0
1001.0,0,0,0,3,12.0
103.0,0,0,0,3,12.0
1074.0,0,0,0,3,12.0
790.0,0,0,0,3,12.0
221.0,0,0,0,3,12.0
790.0,0,0,0,2,12.0
1020.0,1,0,0,3,12.0
378.0,0,0,0,3,12.0
1014.0,0,0,0,3,12.0
1060.0,0,0,0,2,12.0
762.0,1,0,0,4,12.0
1074.0,0,0,0,2,12.0
110.0,0,0,0,2,12.0
203.0,0,0,0,2,12.0
1014.0,0,0,0,4,12.0
125.0,0,0,0,2,12.0
224.0,0,0,0,2,12.0
790.0,0,0,0,2,12.0
222.0,0,0,0,3,12.0
822.0,0,0,0,3,12.0
414.0,0,0,0,2,12.0
881.0,0,0,0,2,12.0
973.0,0,0,0,4,12.0
790.0,0,0,0,4,12.0
973.0,0,0,0,3,12.0
1020.0,1,0,0,3,12.0
1214.0,0,0,0,3,12.0
762.0,0,0,0,3,12.0
75.0,0,0,0,3,12.0
1022.0,0,0,0,3,12.0
222.0,0,0,0,3,12.0
222.0,0,0,0,2,12.0
678.0,0,0,0,2,12.0
1074.0,0,0,0,3,12.0
1074.0,0,0,0,2,12.0
790.0,0,0,0,2,12.0
1008.0,0,0,0,4,12.0
973.0,0,0,0,4,12.0
224.0,0,0,0,3,12.0
822.0,0,0,0,3,12.0
973.0,0,0,0,3,12.0
1110.0,1,0,1,3,14.0
775.0,0,0,0,2,14.0
737.0,0,0,0,4,14.0
293.0,0,0,0,2,14.0
1074.0,0,0,0,2,14.0
888.0,0,0,0,4,14.0
293.0,0,0,0,4,14.0
293.0,0,0,0,3,14.0
888.0,0,0,0,3,14.0
378.0,0,0,0,3,14.0
378.0,0,0,0,4,14.0
801.0,0,1,0,1,14.0
442.0,0,1,0,1,14.0
183.0,0,0,0,3,13.0
528.0,1,0,0,4,13.0
337.0,0,0,0,3,13.0
427.0,0,0,0,3,13.0
890.0,0,0,0,3,13.0
384.0,1,0,0,3,13.0
249.0,0,0,0,3,13.0
528.0,1,0,0,3,13.0
293.0,0,0,0,3,14.0
775.0,0,0,0,4,14.0
293.0,0,0,0,2,14.0
973.0,0,0,0,4,14.0
973.0,0,0,0,3,14.0
652.0,0,0,0,4,14.0
1074.0,0,0,0,2,14.0
888.0,0,0,0,3,14.0
192.0,0,0,0,3,14.0
1074.0,0,0,0,3,14.0
888.0,0,0,0,4,14.0
293.0,0,0,0,3,14.0
293.0,0,0,0,2,14.0
1074.0,0,0,0,2,14.0
293.0,0,0,0,4,14.0
1110.0,1,0,0,3,14.0
737.0,0,0,0,3,14.0
378.0,0,0,0,3,14.0
378.0,0,0,0,4,14.0
411.0,0,0,0,8,1.0
337.0,0,0,0,3,13.0
367.0,0,0,0,3,13.0
384.0,1,0,0,3,13.0
734.0,0,0,0,3,13.0
704.0,0,0,0,3,13.0
890.0,0,0,0,3,13.0
1011.0,0,1,0,1,1.0
1011.0,0,1,0,1,1.0
559.0,0,1,0,1,14.0
144.0,0,1,0,1,14.0
645.0,0,1,0,1,14.0
1072.0,0,1,0,1,14.0
1209.0,0,1,0,1,14.0
169.0,0,1,0,1,14.0
557.0,0,1,0,1,14.0
551.0,0,1,0,1,14.0
878.0,0,1,0,1,14.0
435.0,0,1,0,1,14.0
527.0,0,1,0,1,14.0
293.0,0,0,0,4,12.0
200.0,1,0,0,3,12.0
293.0,0,0,0,3,12.0
293.0,0,0,0,2,12.0
378.0,0,0,0,3,12.0
378.0,0,0,0,4,12.0
200.0,1,0,0,3,12.0
973.0,0,0,0,3,12.0
200.0,1,0,0,3,12.0
1148.0,1,0,0,3,12.0
110.0,0,0,0,2,12.0
293.0,0,0,0,4,12.0
293.0,0,0,0,2,12.0
293.0,0,0,0,3,12.0
110.0,1,0,0,3,12.0
378.0,0,0,0,3,12.0
378.0,0,0,0,4,12.0
293.0,0,0,0,4,12.0
790.0,0,0,0,2,12.0
293.0,0,0,0,3,12.0
200.0,1,0,0,3,12.0
293.0,0,0,0,2,12.0
1020.0,1,0,0,3,12.0
378.0,0,0,0,3,12.0
378.0,0,0,0,4,12.0
545.0,0,0,0,3,13.0
890.0,0,0,0,3,13.0
355.0,0,0,0,3,13.0
872.0,0,0,0,3,13.0
23.0,0,0,0,3,13.0
337.0,0,0,0,3,13.0
267.0,0,0,0,3,13.0
432.0,0,0,0,3,13.0
1051.0,0,0,0,3,13.0
943.0,0,0,0,3,13.0
293.0,0,0,0,3,14.0
775.0,0,0,0,2,14.0
86.0,0,0,0,4,14.0
1074.0,0,0,0,2,14.0
293.0,0,0,0,2,14.0
737.0,0,0,0,3,14.0
1074.0,0,0,0,3,14.0
888.0,0,0,0,4,14.0
888.0,0,0,0,3,14.0
277.0,0,0,0,3,14.0
192.0,0,0,0,3,14.0
822.0,0,0,0,3,12.0
224.0,0,0,0,3,12.0
378.0,0,0,0,3,12.0
378.0,0,0,0,4,12.0
293.0,0,0,0,2,12.0
293.0,0,0,0,3,12.0
293.0,0,0,0,4,12.0
200.0,1,0,1,3,12.0
221.0,0,0,0,2,12.0
110.0,0,0,0,2,12.0
378.0,0,0,0,3,12.0
378.0,0,0,0,4,12.0
293.0,0,0,0,2,12.0
293.0,0,0,0,3,12.0
293.0,0,0,0,4,12.0
293.0,0,0,0,3,14.0
652.0,0,0,0,4,14.0
293.0,0,0,0,2,14.0
293.0,0,0,0,4,14.0
378.0,0,0,0,3,14.0
378.0,0,0,0,4,14.0
293.0,0,0,0,4,12.0
293.0,0,0,0,2,12.0
293.0,0,0,0,3,12.0
200.0,1,0,0,3,12.0
378.0,0,0,0,3,12.0
221.0,0,0,0,4,12.0
973.0,1,0,0,3,12.0
293.0,0,0,0,4,12.0
293.0,0,0,0,2,12.0
293.0,0,0,0,3,12.0
293.0,0,0,0,3,12.0
200.0,1,0,0,3,12.0
378.0,0,0,0,3,12.0
378.0,0,0,0,4,12.0
293.0,0,0,0,4,12.0
822.0,0,0,0,3,12.0
293.0,0,0,0,2,12.0
293.0,0,0,0,3,12.0
86.0,0,0,0,3,12.0
200.0,1,0,0,3,12.0
378.0,0,0,0,3,12.0
378.0,0,0,0,4,12.0
378.0,0,0,0,4,12.0
200.0,1,0,0,3,12.0
378.0,0,0,0,3,12.0
293.0,0,0,0,3,12.0
293.0,0,0,0,2,12.0
293.0,0,0,0,4,12.0
973.0,0,0,0,3,1.0
737.0,0,0,0,3,1.0
1112.0,1,0,0,3,1.0
1112.0,0,0,0,3,1.0
378.0,0,0,0,4,1.0
378.0,0,0,0,3,1.0
293.0,0,0,0,3,14.0
293.0,0,0,0,2,14.0
973.0,1,0,0,3,14.0
293.0,0,0,0,4,14.0
192.0,0,0,0,3,14.0
888.0,0,0,0,4,14.0
888.0,0,0,0,3,14.0
1074.0,0,0,0,2,14.0
1074.0,0,0,0,3,14.0
378.0,0,0,0,3,14.0
378.0,0,0,0,4,14.0
26.0,0,0,0,8,1.0
126.0,0,1,0,1,1.0
463.0,0,1,0,1,1.0
293.0,0,0,0,3,14.0
888.0,0,0,0,4,14.0
293.0,0,0,0,2,14.0
293.0,0,0,0,4,14.0
888.0,0,0,0,3,14.0
378.0,0,0,0,4,14.0
378.0,0,0,0,3,14.0
1148.0,1,1,1,1,12.0
888.0,0,0,0,4,14.0
888.0,0,0,0,3,14.0
378.0,0,0,0,4,14.0
378.0,0,0,0,3,14.0
378.0,0,0,0,4,14.0
888.0,0,0,0,3,14.0
378.0,0,0,0,3,14.0
775.0,0,0,0,3,14.0
293.0,0,0,0,2,14.0
293.0,0,0,0,3,14.0
293.0,0,0,0,4,14.0
888.0,0,0,0,4,14.0
888.0,0,0,0,3,14.0
378.0,0,0,0,3,14.0
378.0,0,0,0,4,14.0
229.0,0,0,0,8,1.0
411.0,0,0,0,8,1.0
378.0,0,0,0,4,14.0
378.0,0,0,0,3,14.0
384.0,1,0,1,3,13.0
367.0,0,0,0,3,13.0
610.0,1,0,0,3,13.0
378.0,0,0,0,4,14.0
888.0,0,0,0,3,14.0
378.0,0,0,0,3,14.0
696.0,0,0,0,3,12.0
696.0,0,0,0,2,12.0
1214.0,0,0,0,4,12.0
973.0,0,0,0,3,12.0
293.0,0,0,0,3,12.0
1008.0,0,0,0,3,12.0
619.0,0,0,0,3,12.0
973.0,0,0,0,4,12.0
1008.0,0,0,0,4,12.0
720.0,0,0,0,4,12.0
1074.0,0,0,0,3,12.0
696.0,0,0,0,3,12.0
696.0,0,0,0,2,12.0
1074.0,0,0,0,3,12.0
1053.0,0,0,0,3,12.0
619.0,0,0,0,3,12.0
973.0,0,0,0,4,12.0
720.0,0,0,0,2,12.0
1020.0,1,0,0,3,12.0
973.0,0,0,0,3,12.0
849.0,0,0,0,4,12.0
103.0,0,0,0,4,12.0
696.0,0,0,0,3,12.0
720.0,0,0,0,2,12.0
378.0,0,0,0,4,12.0
378.0,0,0,0,3,12.0
696.0,0,0,0,3,12.0
696.0,0,0,0,2,12.0
224.0,0,0,0,3,12.0
720.0,0,0,0,4,12.0
720.0,0,0,0,3,12.0
973.0,0,0,0,3,12.0
534.0,0,0,0,3,12.0
378.0,0,0,0,3,12.0
378.0,0,0,0,4,12.0
696.0,0,0,0,3,12.0
696.0,0,0,0,2,12.0
1008.0,0,0,0,3,12.0
720.0,0,0,0,2,12.0
203.0,0,0,0,3,12.0
103.0,0,0,0,3,12.0
378.0,0,0,0,4,12.0
378.0,0,0,0,3,12.0
696.0,0,0,0,3,12.0
762.0,0,0,0,3,12.0
849.0,0,0,0,3,12.0
378.0,0,0,0,4,12.0
378.0,0,0,0,3,12.0
696.0,0,0,0,3,12.0
277.0,0,0,0,2,12.0
696.0,0,0,0,2,12.0
1060.0,0,0,0,3,12.0
973.0,0,0,0,3,12.0
1008.0,0,0,0,3,12.0
619.0,0,0,0,3,12.0
973.0,0,0,0,4,12.0
720.0,0,0,0,2,12.0
790.0,0,0,0,4,12.0
378.0,0,0,0,3,12.0
696.0,0,0,0,3,12.0
696.0,0,0,0,2,12.0
720.0,0,0,0,4,12.0
534.0,0,0,0,3,12.0
720.0,0,0,0,3,12.0
790.0,0,0,0,4,12.0
378.0,0,0,0,4,12.0
378.0,0,0,0,3,12.0
696.0,0,0,0,3,12.0
1214.0,0,0,0,3,12.0
221.0,0,0,0,4,12.0
720.0,0,0,0,2,12.0
378.0,0,0,0,4,12.0
378.0,0,0,0,3,12.0
696.0,0,0,0,3,12.0
378.0,0,0,0,3,12.0
378.0,0,0,0,4,12.0
378.0,0,0,0,4,1.0
222.0,0,0,0,2,1.0
378.0,0,0,0,3,1.0
293.0,0,0,0,3,14.0
293.0,0,0,0,2,14.0
449.0,0,0,0,4,14.0
1110.0,1,0,0,3,14.0
293.0,0,0,0,4,14.0
888.0,0,0,0,3,14.0
888.0,0,0,0,4,14.0
378.0,0,0,0,4,14.0
378.0,0,0,0,3,14.0
696.0,0,0,0,3,12.0
720.0,0,0,0,2,12.0
103.0,0,0,0,2,12.0
790.0,0,0,0,4,12.0
790.0,0,0,0,3,12.0
612.0,0,0,0,3,12.0
378.0,0,0,0,4,12.0
378.0,0,0,0,3,12.0
131.0,0,0,0,3,14.0
413.0,0,0,0,2,14.0
670.0,0,0,0,2,14.0
14.0,0,0,0,4,14.0
652.0,0,0,0,2,14.0
670.0,1,0,0,3,14.0
930.0,1,0,0,3,14.0
77.0,0,0,0,4,14.0
142.0,1,0,0,3,14.0
77.0,0,0,0,3,14.0
212.0,0,0,0,3,1.0
800.0,1,0,0,3,1.0
277.0,0,0,0,2,1.0
1112.0,0,0,0,3,1.0
378.0,0,0,0,4,1.0
378.0,0,0,0,3,1.0
696.0,0,0,0,3,12.0
790.0,0,0,0,3,12.0
221.0,0,0,0,3,12.0
378.0,0,0,0,3,12.0
378.0,0,0,0,4,12.0
1110.0,1,0,1,3,14.0
293.0,0,0,0,3,14.0
293.0,0,0,0,2,14.0
293.0,0,0,0,4,14.0
888.0,0,0,0,3,14.0
822.0,0,0,0,3,14.0
378.0,0,0,0,4,14.0
378.0,0,0,0,3,14.0
696.0,0,0,0,3,12.0
696.0,0,0,0,2,12.0
762.0,0,0,0,3,12.0
293.0,0,0,0,3,12.0
619.0,0,0,0,3,12.0
973.0,0,0,0,3,12.0
314.0,0,0,0,3,12.0
720.0,0,0,0,2,12.0
293.0,0,0,0,4,12.0
720.0,0,0,0,3,12.0
378.0,0,0,0,3,12.0
293.0,0,0,0,3,14.0
277.0,0,0,0,2,14.0
414.0,0,0,0,2,14.0
881.0,0,0,0,2,14.0
1053.0,0,0,0,4,14.0
356.0,0,0,0,4,14.0
1110.0,1,0,0,3,14.0
1112.0,0,0,0,3,14.0
1027.0,0,0,0,2,14.0
293.0,0,0,0,2,14.0
1053.0,0,0,0,3,14.0
293.0,0,0,0,3,14.0
1053.0,0,0,0,4,14.0
1110.0,1,0,0,3,14.0
973.0,0,0,0,4,14.0
293.0,0,0,0,2,14.0
293.0,0,0,0,4,14.0
973.0,0,0,0,3,14.0
888.0,0,0,0,3,14.0
888.0,0,0,0,4,14.0
378.0,0,0,0,4,14.0
378.0,0,0,0,3,14.0
696.0,0,0,0,3,12.0
1214.0,0,0,0,3,12.0
822.0,0,0,0,3,12.0
720.0,0,0,0,2,12.0
378.0,0,0,0,4,12.0
378.0,0,0,0,3,12.0
293.0,0,0,0,3,14.0
277.0,0,0,0,2,14.0
1053.0,0,0,0,4,14.0
1110.0,1,0,0,3,14.0
879.0,0,0,0,3,14.0
1053.0,0,0,0,3,14.0
888.0,0,0,0,3,14.0
277.0,0,0,0,3,14.0
293.0,0,0,0,4,14.0
1074.0,0,0,0,2,14.0
1074.0,0,0,0,3,14.0
737.0,0,0,0,3,1.0
737.0,0,0,0,3,1.0
277.0,0,0,0,2,1.0
1033.0,0,0,0,3,1.0
1094.0,0,0,0,3,1.0
1094.0,1,0,0,3,1.0
378.0,0,0,0,4,1.0
378.0,0,0,0,3,1.0
744.0,0,0,0,3,1.0
293.0,0,0,0,3,12.0
1074.0,0,0,0,2,12.0
1074.0,0,0,0,3,12.0
1214.0,0,0,0,3,12.0
103.0,0,0,0,3,12.0
1053.0,0,0,0,3,12.0
293.0,0,0,0,4,12.0
16.0,0,0,0,2,12.0
378.0,0,0,0,3,12.0
378.0,0,0,0,4,12.0
200.0,1,0,0,3,12.0
293.0,0,0,0,3,12.0
1074.0,0,0,0,2,12.0
293.0,0,0,0,4,12.0
293.0,0,0,0,2,12.0
378.0,0,0,0,4,12.0
378.0,0,0,0,3,12.0
293.0,0,0,0,3,12.0
1074.0,0,0,0,3,12.0
293.0,0,0,0,4,12.0
1074.0,0,0,0,2,12.0
293.0,0,0,0,2,12.0
378.0,0,0,0,3,12.0
378.0,0,0,0,4,12.0
293.0,0,0,0,3,12.0
221.0,0,0,0,2,12.0
414.0,0,0,0,2,12.0
881.0,0,0,0,2,12.0
293.0,0,0,0,2,12.0
293.0,0,0,0,4,12.0
378.0,0,0,0,3,12.0
378.0,0,0,0,4,12.0
293.0,0,0,0,3,12.0
1074.0,0,0,0,3,12.0
1074.0,0,0,0,2,12.0
293.0,0,0,0,4,12.0
1060.0,0,0,0,3,12.0
293.0,0,0,0,2,12.0
110.0,0,0,0,3,12.0
122.0,0,0,0,3,14.0
122.0,0,0,0,2,14.0
449.0,0,0,0,4,14.0
468.0,0,0,0,3,14.0
293.0,0,0,0,3,14.0
927.0,1,0,0,3,14.0
8.0,0,0,0,3,14.0
545.0,0,0,0,3,14.0
930.0,1,0,0,3,14.0
498.0,1,0,0,3,14.0
652.0,0,0,0,2,14.0
293.0,0,0,0,3,12.0
720.0,0,0,0,2,12.0
790.0,0,0,0,2,12.0
907.0,1,0,0,3,12.0
441.0,0,0,0,3,12.0
1214.0,0,0,0,3,12.0
790.0,0,0,0,3,12.0
293.0,0,0,0,2,12.0
1008.0,1,0,0,3,12.0
973.0,1,0,0,3,12.0
973.0,0,0,0,4,12.0
293.0,0,0,0,3,12.0
720.0,0,0,0,2,12.0
1008.0,0,0,0,4,12.0
1074.0,0,0,0,3,12.0
973.0,0,0,0,3,12.0
1214.0,0,0,0,4,12.0
1074.0,0,0,0,2,12.0
293.0,0,0,0,4,12.0
110.0,1,0,0,3,12.0
378.0,0,0,0,3,12.0
378.0,0,0,0,4,12.0
98.0,0,0,0,3,12.0
441.0,0,0,0,2,12.0
98.0,0,0,0,4,12.0
293.0,0,0,0,2,12.0
293.0,0,0,0,4,12.0
103.0,0,0,0,2,12.0
293.0,0,0,0,3,12.0
790.0,0,0,0,3,12.0
224.0,0,0,0,3,12.0
378.0,0,0,0,4,12.0
378.0,0,0,0,3,12.0
1008.0,0,0,0,3,12.0
1074.0,0,0,0,3,12.0
1110.0,1,0,0,3,12.0
1214.0,0,0,0,3,12.0
293.0,0,0,0,3,12.0
1074.0,0,0,0,2,12.0
293.0,0,0,0,4,12.0
293.0,0,0,0,2,12.0
378.0,0,0,0,4,12.0
378.0,0,0,0,3,12.0
293.0,0,0,0,3,12.0
1214.0,0,0,0,3,12.0
293.0,1,0,0,3,12.0
98.0,0,0,0,3,12.0
221.0,0,0,0,2,12.0
293.0,0,0,0,4,12.0
103.0,0,0,0,4,12.0
103.0,0,0,0,3,12.0
849.0,0,0,0,3,12.0
378.0,0,0,0,3,12.0
378.0,0,0,0,4,12.0
378.0,0,0,0,4,12.0
378.0,0,0,0,3,12.0
696.0,0,0,0,3,14.0
1214.0,0,0,0,4,14.0
1214.0,0,0,0,3,14.0
762.0,0,0,0,3,14.0
895.0,0,0,0,3,14.0
888.0,0,0,0,3,14.0
619.0,0,0,0,3,14.0
378.0,0,0,0,4,14.0
378.0,0,0,0,3,14.0
293.0,0,0,0,3,14.0
125.0,0,0,0,2,14.0
790.0,0,0,0,2,14.0
963.0,1,0,0,2,14.0
879.0,0,0,0,2,14.0
339.0,0,0,0,4,14.0
642.0,0,0,0,2,14.0
678.0,0,0,0,2,14.0
449.0,0,0,0,4,14.0
973.0,0,0,0,4,14.0
741.0,0,0,0,3,14.0
293.0,0,0,0,3,14.0
356.0,0,0,0,2,14.0
800.0,0,0,0,2,14.0
1053.0,0,0,0,4,14.0
678.0,0,0,0,2,14.0
652.0,0,0,0,4,14.0
642.0,0,0,0,4,14.0
973.0,1,0,0,3,14.0
775.0,0,0,0,3,14.0
693.0,1,0,0,2,14.0
1053.0,0,0,0,3,14.0
293.0,0,0,0,4,14.0
293.0,0,0,0,2,14.0
888.0,0,0,0,4,14.0
888.0,0,0,0,3,14.0
963.0,1,0,0,2,14.0
895.0,0,0,0,3,14.0
744.0,0,0,0,3,14.0
378.0,0,0,0,3,14.0
378.0,0,0,0,4,14.0
293.0,0,0,0,3,12.0
221.0,0,0,0,3,12.0
314.0,0,0,0,3,12.0
293.0,0,0,0,4,12.0
293.0,0,0,0,2,12.0
378.0,0,0,0,4,12.0
378.0,0,0,0,3,12.0
378.0,0,0,0,4,12.0
414.0,0,0,0,3,12.0
881.0,0,0,0,3,12.0
637.0,0,0,0,2,12.0
378.0,0,0,0,3,12.0
222.0,0,0,0,3,1.0
277.0,0,0,0,2,1.0
378.0,0,0,0,4,1.0
378.0,0,0,0,3,1.0
414.0,0,0,0,3,12.0
414.0,0,0,0,2,12.0
98.0,0,0,0,4,12.0
98.0,0,0,0,3,12.0
720.0,0,0,0,3,12.0
293.0,0,0,0,4,12.0
293.0,0,0,0,2,12.0
293.0,0,0,0,3,12.0
293.0,0,0,0,3,12.0
293.0,0,0,0,4,12.0
293.0,0,0,0,2,12.0
283.0,0,0,0,3,12.0
378.0,0,0,0,4,12.0
378.0,0,0,0,3,12.0
222.0,0,0,0,3,14.0
222.0,0,0,0,2,14.0
293.0,1,0,0,3,14.0
8.0,0,0,0,3,14.0
195.0,1,0,0,3,14.0
930.0,1,0,0,3,14.0
91.0,0,0,0,3,14.0
35.0,0,0,0,3,14.0
77.0,0,0,0,3,14.0
1065.0,0,0,0,3,14.0
557.0,0,0,0,3,14.0
293.0,0,0,0,3,12.0
1214.0,0,0,0,4,12.0
293.0,0,0,0,4,12.0
293.0,0,0,0,2,12.0
378.0,0,0,0,3,12.0
378.0,0,0,0,4,12.0
1214.0,0,0,0,3,14.0
1053.0,0,0,0,4,14.0
277.0,0,0,0,2,14.0
973.0,1,0,0,3,14.0
762.0,0,0,0,3,14.0
1053.0,0,0,0,3,14.0
888.0,0,0,0,3,14.0
200.0,1,0,0,3,14.0
192.0,0,0,0,3,14.0
888.0,0,0,0,4,14.0
849.0,0,0,0,3,14.0
293.0,0,0,0,3,12.0
1214.0,0,0,0,3,12.0
293.0,0,0,0,4,12.0
293.0,0,0,0,2,12.0
378.0,0,0,0,3,12.0
378.0,0,0,0,4,12.0
293.0,0,0,0,3,12.0
221.0,0,0,0,4,12.0
293.0,0,0,0,4,12.0
293.0,0,0,0,2,12.0
200.0,1,0,0,3,12.0
293.0,0,0,0,3,14.0
1015.0,0,0,0,4,14.0
775.0,0,0,0,4,14.0
1214.0,0,0,0,4,14.0
1053.0,0,0,0,4,14.0
1214.0,0,0,0,3,14.0
1074.0,0,0,0,3,14.0
888.0,0,0,0,3,14.0
775.0,0,0,0,3,14.0
293.0,0,0,0,2,14.0
888.0,0,0,0,4,14.0
384.0,1,0,1,3,13.0
792.0,0,0,0,3,13.0
872.0,0,0,0,3,13.0
432.0,0,0,0,3,13.0
1051.0,0,0,0,3,13.0
1003.0,0,0,0,3,13.0
337.0,0,0,0,3,13.0
23.0,0,0,0,3,13.0
700.0,0,0,0,3,13.0
57.0,1,1,1,1,14.0
1220.0,1,0,0,6,14.0
672.0,0,0,0,8,14.0
57.0,1,0,0,8,14.0
324.0,0,0,0,8,14.0
144.0,0,1,0,1,14.0
806.0,1,1,0,1,14.0
239.0,1,1,0,1,14.0
784.0,0,1,0,1,14.0
918.0,0,1,0,1,14.0
181.0,0,1,0,1,14.0
1008.0,0,0,0,4,12.0
378.0,0,0,0,4,12.0
378.0,0,0,0,3,12.0
872.0,0,0,0,3,13.0
384.0,1,0,0,3,13.0
337.0,0,0,0,3,13.0
23.0,0,0,0,3,13.0
12.0,0,0,0,3,1.0
212.0,1,0,0,3,1.0
378.0,0,0,0,4,1.0
378.0,0,0,0,3,1.0
378.0,0,0,0,4,1.0
378.0,0,0,0,3,1.0
12.0,0,0,0,3,1.0
737.0,0,0,0,3,1.0
737.0,1,0,0,3,1.0
387.0,0,0,0,3,1.0
378.0,0,0,0,4,1.0
378.0,0,0,0,3,1.0
293.0,0,0,0,3,12.0
293.0,0,0,0,2,12.0
293.0,0,0,0,4,12.0
378.0,0,0,0,4,12.0
378.0,0,0,0,3,12.0
8.0,0,0,0,3,14.0
222.0,0,0,0,2,14.0
131.0,0,0,0,3,14.0
449.0,0,0,0,4,14.0
633.0,0,0,0,4,14.0
670.0,1,0,0,3,14.0
652.0,0,0,0,4,14.0
91.0,0,0,0,3,14.0
449.0,0,0,0,3,14.0
930.0,1,0,0,3,14.0
652.0,0,0,0,3,14.0
659.0,0,0,0,3,14.0
122.0,0,0,0,2,14.0
997.0,0,0,0,2,14.0
122.0,0,0,0,4,14.0
840.0,0,0,0,2,14.0
293.0,0,0,0,3,14.0
1060.0,0,0,0,3,12.0
1060.0,0,0,0,2,12.0
1190.0,0,0,0,4,12.0
478.0,1,0,0,3,12.0
1196.0,1,0,0,3,12.0
104.0,1,0,0,3,12.0
375.0,1,0,0,3,12.0
1022.0,0,0,0,3,12.0
1194.0,0,0,0,3,12.0
931.0,0,0,0,3,12.0
322.0,1,0,0,3,12.0
282.0,0,1,0,1,13.0
282.0,1,1,0,1,13.0
282.0,1,1,0,1,13.0
282.0,0,1,0,1,13.0
282.0,1,1,0,1,13.0
282.0,1,1,0,1,13.0
282.0,1,1,1,1,13.0
848.0,0,1,0,1,13.0
496.0,0,1,0,1,13.0
1094.0,0,0,0,3,12.0
1094.0,0,0,0,4,12.0
637.0,0,0,0,2,12.0
132.0,1,0,0,3,12.0
1194.0,0,0,0,3,12.0
931.0,0,0,0,3,12.0
1022.0,0,0,0,3,12.0
104.0,0,0,0,3,12.0
104.0,0,0,0,4,12.0
1137.0,0,0,0,4,12.0
103.0,0,0,0,3,12.0
30.0,0,0,0,9,13.0
30.0,0,0,0,8,13.0
12.0,0,0,0,3,1.0
277.0,0,0,0,3,1.0
212.0,1,0,0,3,1.0
744.0,0,0,0,3,1.0
378.0,0,0,0,4,1.0
378.0,0,0,0,3,1.0
737.0,0,0,0,3,1.0
387.0,0,0,0,3,1.0
378.0,0,0,0,4,1.0
378.0,0,0,0,3,1.0
384.0,1,0,1,3,13.0
10.0,0,0,0,3,13.0
890.0,0,0,0,3,13.0
545.0,0,0,0,3,13.0
792.0,0,0,0,3,13.0
862.0,0,0,0,3,13.0
610.0,1,0,0,3,13.0
610.0,1,0,0,3,13.0
1052.0,0,0,0,3,13.0
872.0,0,0,0,3,13.0
337.0,0,0,0,3,13.0
222.0,0,0,0,3,14.0
1148.0,1,1,1,1,14.0
1220.0,1,0,0,6,14.0
1220.0,1,0,0,9,14.0
1220.0,1,0,0,8,14.0
872.0,0,0,0,3,13.0
610.0,0,0,0,3,13.0
545.0,0,0,0,3,13.0
355.0,0,0,0,3,13.0
384.0,1,0,0,3,13.0
367.0,0,0,0,3,13.0
427.0,0,0,0,3,13.0
23.0,0,0,0,3,13.0
337.0,0,0,0,3,13.0
468.0,0,0,0,3,14.0
339.0,0,0,0,3,14.0
1171.0,0,0,0,3,14.0
342.0,0,0,0,3,14.0
277.0,0,0,0,3,1.0
737.0,1,0,0,3,1.0
378.0,0,0,0,4,1.0
378.0,0,0,0,3,1.0
337.0,0,0,0,3,13.0
165.0,0,0,0,3,13.0
890.0,0,0,0,3,13.0
384.0,1,0,0,3,13.0
410.0,0,1,0,1,13.0
269.0,0,0,0,8,13.0
64.0,0,0,0,8,13.0
1086.0,0,0,0,8,13.0
647.0,0,1,0,1,13.0
1105.0,0,1,0,1,13.0
293.0,0,0,0,3,14.0
775.0,0,0,0,2,14.0
441.0,0,0,0,2,14.0
1053.0,0,0,0,4,14.0
652.0,0,0,0,4,14.0
1053.0,0,0,0,3,14.0
737.0,0,0,0,3,14.0
293.0,0,0,0,2,14.0
888.0,0,0,0,3,14.0
378.0,0,0,0,4,14.0
378.0,0,0,0,3,14.0
1053.0,0,0,0,3,14.0
1053.0,0,0,0,4,14.0
737.0,0,0,0,4,14.0
973.0,0,0,0,3,14.0
888.0,0,0,0,3,14.0
378.0,0,0,0,4,14.0
378.0,0,0,0,3,14.0
293.0,0,0,0,3,14.0
737.0,0,0,0,3,14.0
378.0,0,0,0,4,14.0
378.0,0,0,0,3,14.0
378.0,0,0,0,4,14.0
378.0,0,0,0,3,14.0
378.0,0,0,0,4,14.0
879.0,0,0,0,2,14.0
378.0,0,0,0,3,14.0
293.0,0,0,0,4,14.0
293.0,0,0,0,2,14.0
293.0,0,0,0,3,14.0
378.0,0,0,0,3,14.0
378.0,0,0,0,4,14.0
790.0,0,0,0,3,14.0
973.0,0,0,0,4,14.0
881.0,0,0,0,2,14.0
879.0,0,0,0,2,14.0
973.0,0,0,0,3,14.0
293.0,0,0,0,3,14.0
293.0,0,0,0,4,14.0
642.0,0,0,0,2,14.0
790.0,0,0,0,2,14.0
678.0,0,0,0,4,14.0
16.0,0,0,0,2,14.0
293.0,0,0,0,3,14.0
1053.0,0,0,0,4,14.0
449.0,0,0,0,4,14.0
339.0,0,0,0,4,14.0
790.0,0,0,0,2,14.0
293.0,0,0,0,2,14.0
200.0,1,0,0,2,14.0
973.0,1,0,0,3,14.0
222.0,0,0,0,3,14.0
678.0,0,0,0,3,14.0
879.0,0,0,0,2,14.0
410.0,0,1,0,1,14.0
740.0,0,0,0,8,14.0
998.0,0,0,0,8,14.0
1219.0,1,1,0,1,14.0
918.0,0,1,0,1,14.0
170.0,0,1,0,1,14.0
465.0,0,1,0,1,14.0
857.0,0,1,0,1,14.0
1115.0,0,1,0,1,14.0
801.0,0,1,0,1,14.0
298.0,0,1,0,1,14.0
953.0,0,1,0,1,14.0
682.0,0,0,0,8,14.0
143.0,0,0,0,8,14.0
857.0,0,1,0,1,14.0
144.0,0,1,0,1,14.0
918.0,0,1,0,1,14.0
1115.0,0,1,0,1,14.0
170.0,0,1,0,1,14.0
442.0,0,1,0,1,14.0
298.0,0,1,0,1,14.0
551.0,0,1,0,1,14.0
857.0,0,1,0,1,14.0
740.0,0,0,0,8,14.0
918.0,0,1,0,1,14.0
857.0,0,1,0,1,14.0
298.0,0,1,0,1,14.0
1115.0,0,1,0,1,14.0
1115.0,0,1,0,1,14.0
551.0,0,1,0,1,14.0
801.0,0,1,0,1,14.0
170.0,0,1,0,1,14.0
1153.0,0,0,0,8,14.0
240.0,0,0,0,8,14.0
144.0,0,1,0,1,14.0
1213.0,0,1,0,1,14.0
465.0,0,1,0,1,14.0
857.0,0,1,0,1,14.0
1115.0,0,1,0,1,14.0
26.0,0,1,0,1,14.0
442.0,0,1,0,1,14.0
801.0,0,1,0,1,14.0
857.0,0,1,0,1,14.0
740.0,0,0,0,8,14.0
918.0,0,1,0,1,14.0
857.0,0,1,0,1,14.0
714.0,0,1,0,1,14.0
170.0,0,1,0,1,14.0
1115.0,0,1,0,1,14.0
442.0,0,1,0,1,14.0
551.0,0,1,0,1,14.0
465.0,0,1,0,1,14.0
456.0,0,1,0,1,14.0
857.0,0,1,0,1,14.0
159.0,0,1,0,1,14.0
465.0,0,1,0,1,14.0
1115.0,0,1,0,1,14.0
1115.0,0,1,0,1,14.0
801.0,0,1,0,1,14.0
298.0,0,1,0,1,14.0
442.0,0,1,0,1,14.0
1196.0,1,0,1,3,12.0
1196.0,0,0,0,3,12.0
378.0,0,0,0,4,14.0
775.0,0,0,0,2,14.0
378.0,0,0,0,3,14.0
545.0,1,0,1,3,13.0
10.0,0,0,0,3,13.0
914.0,0,0,0,3,13.0
792.0,0,0,0,3,13.0
384.0,1,0,0,3,13.0
656.0,1,0,0,3,13.0
872.0,0,0,0,3,13.0
1065.0,0,0,0,3,13.0
432.0,0,0,0,3,13.0
1051.0,0,0,0,3,13.0
337.0,0,0,0,3,13.0
165.0,0,0,0,3,13.0
872.0,0,0,0,3,13.0
872.0,0,0,0,3,13.0
872.0,0,0,0,3,13.0
872.0,0,0,0,3,13.0
432.0,0,0,0,3,13.0
1051.0,0,0,0,3,13.0
384.0,1,0,1,3,13.0
872.0,0,0,0,3,13.0
414.0,0,0,0,3,12.0
1148.0,1,0,0,3,12.0
881.0,0,0,0,3,12.0
293.0,0,0,0,3,12.0
293.0,0,0,0,2,12.0
293.0,0,0,0,4,12.0
200.0,1,0,0,3,12.0
378.0,0,0,0,4,12.0
378.0,0,0,0,3,12.0
720.0,0,0,0,3,12.0
414.0,0,0,0,2,12.0
881.0,0,0,0,2,12.0
720.0,0,0,0,4,12.0
1148.0,1,0,0,3,12.0
103.0,0,0,0,3,12.0
414.0,0,0,0,3,12.0
293.0,0,0,0,2,12.0
994.0,0,0,0,3,12.0
293.0,0,0,0,3,12.0
881.0,0,0,0,3,12.0
1214.0,0,0,0,3,12.0
720.0,0,0,0,4,12.0
103.0,0,0,0,2,12.0
1148.0,1,0,0,3,12.0
14.0,0,0,0,4,12.0
642.0,0,0,0,3,12.0
293.0,0,0,0,2,12.0
1074.0,0,0,0,3,12.0
871.0,0,0,0,3,12.0
414.0,0,0,0,3,12.0
973.0,0,0,0,3,12.0
1148.0,1,0,1,3,12.0
790.0,0,0,0,2,12.0
881.0,0,0,0,2,12.0
720.0,0,0,0,4,12.0
414.0,0,0,0,2,12.0
110.0,0,0,0,3,12.0
293.0,0,0,0,3,12.0
696.0,0,0,0,2,12.0
414.0,0,0,0,2,12.0
881.0,0,0,0,2,12.0
720.0,0,0,0,2,12.0
790.0,0,0,0,4,12.0
1214.0,0,0,0,3,12.0
414.0,0,0,0,3,12.0
881.0,0,0,0,3,12.0
293.0,0,0,0,4,12.0
103.0,0,0,0,3,12.0
293.0,0,0,0,3,12.0
200.0,1,0,0,3,12.0
1148.0,1,0,0,3,12.0
293.0,0,0,0,2,12.0
973.0,0,0,0,3,12.0
293.0,0,0,0,4,12.0
973.0,0,0,0,4,12.0
534.0,0,0,0,3,12.0
103.0,0,0,0,3,12.0
367.0,0,0,0,3,13.0
367.0,0,0,0,3,13.0
293.0,0,0,0,3,12.0
720.0,0,0,0,2,12.0
720.0,0,0,0,4,12.0
293.0,0,0,0,2,12.0
293.0,0,0,0,4,12.0
1148.0,1,0,0,3,12.0
378.0,0,0,0,3,12.0
378.0,0,0,0,4,12.0
293.0,0,0,0,3,12.0
277.0,0,0,0,2,12.0
720.0,0,0,0,4,12.0
1148.0,1,0,0,3,12.0
293.0,0,0,0,2,12.0
293.0,0,0,0,4,12.0
293.0,0,0,0,3,12.0
1148.0,1,0,0,3,12.0
293.0,0,0,0,2,12.0
293.0,0,0,0,4,12.0
881.0,0,0,0,3,12.0
414.0,0,0,0,3,12.0
378.0,0,0,0,4,12.0
378.0,0,0,0,3,12.0
293.0,0,0,0,3,12.0
344.0,0,0,0,4,12.0
1008.0,0,0,0,3,12.0
103.0,0,0,0,3,12.0
293.0,0,0,0,2,12.0
293.0,0,0,0,4,12.0
881.0,0,0,0,3,12.0
414.0,0,0,0,3,12.0
378.0,0,0,0,3,12.0
378.0,0,0,0,4,12.0
293.0,0,0,0,3,12.0
414.0,0,0,0,2,12.0
221.0,0,0,0,2,12.0
881.0,0,0,0,2,12.0
293.0,0,0,0,2,12.0
414.0,0,0,0,3,12.0
881.0,0,0,0,3,12.0
110.0,0,0,0,3,12.0
293.0,0,0,0,4,12.0
293.0,0,0,0,3,12.0
790.0,0,0,0,2,12.0
293.0,0,0,0,2,12.0
534.0,0,0,0,3,12.0
293.0,0,0,0,4,12.0
103.0,0,0,0,3,12.0
143.0,0,0,0,8,1.0
64.0,0,0,0,8,1.0
302.0,0,0,0,8,1.0
374.0,0,1,0,1,1.0
143.0,0,0,0,8,1.0
64.0,0,0,0,8,1.0
143.0,0,0,0,8,1.0
374.0,0,1,0,1,1.0
143.0,0,0,0,8,1.0
361.0,0,0,0,8,1.0
998.0,0,0,0,8,1.0
1086.0,0,1,0,1,1.0
912.0,0,1,0,1,1.0
852.0,0,1,0,1,1.0
797.0,0,0,0,8,1.0
143.0,0,0,0,8,1.0
797.0,0,0,0,8,1.0
1010.0,0,0,0,8,1.0
143.0,0,0,0,8,1.0
1010.0,0,0,0,8,1.0
143.0,0,0,0,8,1.0
1010.0,0,0,0,8,1.0
831.0,0,1,0,1,1.0
1010.0,0,0,0,8,1.0
831.0,0,0,0,8,1.0
1033.0,0,0,0,3,1.0
184.0,0,0,0,8,13.0
187.0,0,1,0,1,13.0
500.0,0,1,0,1,13.0
187.0,0,1,0,1,13.0
184.0,0,0,0,8,13.0
184.0,0,0,0,8,13.0
286.0,0,1,0,1,1.0
286.0,0,1,0,1,1.0
143.0,0,0,0,8,1.0
1010.0,0,0,0,8,1.0
187.0,0,1,0,1,13.0
184.0,0,0,0,8,13.0
973.0,1,0,0,5,12.0
973.0,0,0,0,5,12.0
1148.0,1,0,0,5,12.0
678.0,0,0,0,5,12.0
1148.0,1,0,0,5,12.0
678.0,1,0,0,5,12.0
973.0,1,0,0,5,12.0
678.0,0,0,0,5,12.0
1148.0,1,0,0,5,12.0
1148.0,1,0,1,5,12.0
678.0,0,0,0,5,12.0
678.0,1,0,0,5,12.0
1148.0,1,0,0,5,12.0
678.0,0,0,0,5,12.0
1008.0,0,0,0,5,12.0
1008.0,0,0,0,5,12.0
384.0,1,0,1,3,13.0
355.0,0,0,0,3,13.0
792.0,0,0,0,3,13.0
862.0,0,0,0,3,13.0
545.0,0,0,0,3,13.0
610.0,1,0,0,3,13.0
1205.0,0,0,0,3,13.0
1052.0,0,0,0,3,13.0
872.0,0,0,0,3,13.0
700.0,0,0,0,3,13.0
337.0,0,0,0,3,13.0
1063.0,0,1,0,1,12.0
1220.0,1,0,0,8,12.0
1063.0,0,0,0,9,12.0
1063.0,0,0,0,8,12.0
1063.0,0,1,0,1,12.0
1220.0,1,0,0,8,12.0
1063.0,0,1,0,1,12.0
200.0,0,1,0,1,12.0
1220.0,1,0,0,8,12.0
1220.0,1,0,0,8,12.0
1063.0,0,1,0,1,12.0
1063.0,0,0,0,8,12.0
1063.0,0,1,0,1,12.0
1063.0,0,1,0,1,12.0
1220.0,1,0,1,8,12.0
384.0,1,1,1,1,13.0
384.0,1,1,0,1,13.0
337.0,0,0,0,3,13.0
704.0,0,0,0,3,13.0
58.0,0,0,0,3,13.0
384.0,1,0,0,3,13.0
1052.0,0,0,0,3,13.0
293.0,0,0,0,3,12.0
293.0,0,0,0,2,12.0
344.0,0,0,0,4,12.0
293.0,0,0,0,4,12.0
414.0,0,0,0,3,12.0
881.0,0,0,0,3,12.0
200.0,1,0,0,3,12.0
384.0,1,0,1,3,13.0
427.0,0,0,0,3,13.0
872.0,0,0,0,3,13.0
23.0,0,0,0,3,13.0
367.0,0,0,0,3,13.0
384.0,1,0,0,3,13.0
872.0,0,0,0,3,13.0
143.0,0,0,0,8,1.0
1010.0,0,0,0,8,1.0
696.0,0,0,0,3,12.0
696.0,0,0,0,2,12.0
103.0,0,0,0,2,12.0
293.0,0,0,0,3,12.0
1074.0,0,0,0,3,12.0
720.0,0,0,0,2,12.0
125.0,0,0,0,4,12.0
619.0,0,0,0,3,12.0
720.0,0,0,0,3,12.0
534.0,0,0,0,3,12.0
224.0,0,0,0,3,12.0
720.0,0,0,0,3,12.0
110.0,1,0,0,2,12.0
720.0,0,0,0,4,12.0
293.0,0,0,0,2,12.0
1074.0,0,0,0,2,12.0
293.0,0,0,0,4,12.0
110.0,1,0,0,3,12.0
293.0,0,0,0,3,12.0
103.0,0,0,0,3,12.0
378.0,0,0,0,3,12.0
378.0,0,0,0,4,12.0
720.0,0,0,0,3,12.0
378.0,0,0,0,3,12.0
378.0,0,0,0,4,12.0
849.0,0,0,0,3,12.0
720.0,0,0,0,2,12.0
110.0,1,0,0,2,12.0
720.0,0,0,0,4,12.0
1074.0,0,0,0,2,12.0
110.0,1,0,0,3,12.0
110.0,0,0,0,3,12.0
378.0,0,0,0,4,12.0
378.0,0,0,0,3,12.0
378.0,0,0,0,4,12.0
245.0,0,1,0,1,14.0
116.0,0,0,0,8,14.0
1220.0,1,0,0,9,14.0
563.0,0,0,0,7,14.0
382.0,0,0,0,8,14.0
144.0,0,1,0,1,14.0
544.0,1,1,0,1,14.0
404.0,0,1,0,1,14.0
551.0,0,1,0,1,14.0
1102.0,0,1,0,1,14.0
1148.0,1,1,0,1,14.0
293.0,0,0,0,3,12.0
973.0,1,0,0,3,12.0
293.0,0,0,0,4,12.0
293.0,0,0,0,2,12.0
414.0,0,0,0,3,12.0
881.0,0,0,0,3,12.0
200.0,1,0,0,3,12.0
378.0,0,0,0,4,12.0
378.0,0,0,0,3,12.0
384.0,1,0,1,3,13.0
10.0,0,0,0,3,13.0
355.0,0,0,0,3,13.0
1205.0,0,0,0,3,13.0
872.0,0,0,0,3,13.0
1052.0,0,0,0,3,13.0
432.0,0,0,0,3,13.0
1051.0,0,0,0,3,13.0
337.0,0,0,0,3,13.0
700.0,0,0,0,3,13.0
133.0,0,1,0,1,1.0
1220.0,1,0,0,8,1.0
440.0,0,1,0,1,1.0
358.0,0,1,0,1,1.0
1024.0,0,1,0,1,1.0
801.0,0,1,0,1,1.0
295.0,0,1,0,1,1.0
144.0,0,1,0,1,1.0
133.0,0,0,0,8,1.0
465.0,0,1,0,1,1.0
209.0,0,1,0,1,1.0
410.0,0,1,0,1,14.0
1220.0,1,0,0,6,14.0
399.0,0,0,0,8,14.0
245.0,0,1,0,1,14.0
1101.0,0,1,0,1,14.0
302.0,0,0,0,8,14.0
148.0,0,1,0,1,14.0
374.0,0,1,0,1,14.0
404.0,0,0,0,8,14.0
999.0,0,1,0,1,14.0
404.0,0,1,0,1,14.0
696.0,0,0,0,3,12.0
1074.0,0,0,0,2,12.0
642.0,0,0,0,2,12.0
696.0,0,0,0,2,12.0
103.0,0,0,0,4,12.0
1074.0,0,0,0,3,12.0
720.0,0,0,0,2,12.0
224.0,0,0,0,4,12.0
293.0,0,0,0,3,12.0
720.0,0,0,0,3,12.0
314.0,0,0,0,3,12.0
696.0,0,0,0,3,12.0
696.0,0,0,0,2,12.0
720.0,0,0,0,4,12.0
103.0,0,0,0,4,12.0
720.0,0,0,0,3,12.0
378.0,0,0,0,4,12.0
378.0,0,0,0,3,12.0
696.0,0,0,0,3,12.0
221.0,0,0,0,4,12.0
696.0,0,0,0,2,12.0
293.0,0,0,0,3,12.0
1074.0,0,0,0,3,12.0
103.0,0,0,0,4,12.0
720.0,0,0,0,3,12.0
293.0,0,0,0,2,12.0
293.0,0,0,0,4,12.0
378.0,0,0,0,4,12.0
378.0,0,0,0,3,12.0
221.0,0,0,0,3,12.0
1074.0,0,0,0,2,12.0
696.0,0,0,0,2,12.0
1074.0,0,0,0,3,12.0
103.0,0,0,0,3,12.0
224.0,0,0,0,4,12.0
293.0,0,0,0,3,12.0
696.0,0,0,0,3,12.0
720.0,0,0,0,2,12.0
110.0,0,0,0,2,12.0
720.0,0,0,0,3,12.0
696.0,0,0,0,3,12.0
696.0,0,0,0,2,12.0
720.0,0,0,0,2,12.0
103.0,0,0,0,3,12.0
378.0,0,0,0,4,12.0
378.0,0,0,0,3,12.0
221.0,0,0,0,3,12.0
221.0,0,0,0,4,12.0
696.0,0,0,0,2,12.0
224.0,0,0,0,4,12.0
293.0,0,0,0,3,12.0
696.0,0,0,0,3,12.0
720.0,0,0,0,3,12.0
224.0,0,0,0,3,12.0
103.0,0,0,0,3,12.0
293.0,0,0,0,2,12.0
378.0,0,0,0,4,12.0
1148.0,1,1,1,1,3.0
1220.0,1,0,0,9,3.0
1220.0,1,0,0,8,3.0
696.0,0,0,0,3,12.0
696.0,0,0,0,2,12.0
293.0,0,0,0,3,12.0
619.0,0,0,0,3,12.0
720.0,0,0,0,3,12.0
293.0,0,0,0,2,12.0
293.0,0,0,0,4,12.0
378.0,0,0,0,4,12.0
378.0,0,0,0,3,12.0
696.0,0,0,0,3,12.0
678.0,0,0,0,2,12.0
378.0,0,0,0,4,12.0
378.0,0,0,0,3,12.0
293.0,0,0,0,3,12.0
696.0,0,0,0,2,12.0
103.0,0,0,0,4,12.0
277.0,0,0,0,3,12.0
720.0,0,0,0,2,12.0
1214.0,0,0,0,3,12.0
103.0,0,0,0,3,12.0
1074.0,0,0,0,3,12.0
696.0,0,0,0,3,12.0
619.0,0,0,0,3,12.0
679.0,1,0,0,3,12.0
696.0,0,0,0,3,12.0
696.0,0,0,0,2,12.0
293.0,0,0,0,3,12.0
103.0,0,0,0,3,12.0
619.0,0,0,0,3,12.0
720.0,0,0,0,4,12.0
1074.0,0,0,0,3,12.0
720.0,0,0,0,3,12.0
293.0,0,0,0,4,12.0
378.0,0,0,0,4,12.0
378.0,0,0,0,3,12.0
384.0,1,1,1,1,13.0
384.0,1,1,0,1,13.0
696.0,0,0,0,3,12.0
696.0,0,0,0,2,12.0
293.0,0,0,0,3,12.0
720.0,0,0,0,2,12.0
103.0,0,0,0,3,12.0
293.0,0,0,0,4,12.0
378.0,0,0,0,4,12.0
378.0,0,0,0,3,12.0
696.0,0,0,0,3,12.0
696.0,0,0,0,2,12.0
378.0,0,0,0,4,12.0
378.0,0,0,0,3,12.0
696.0,0,0,0,3,12.0
378.0,0,0,0,3,12.0
378.0,0,0,0,4,12.0
696.0,0,0,0,3,12.0
221.0,0,0,0,3,12.0
103.0,0,0,0,3,12.0
293.0,0,0,0,3,12.0
293.0,0,0,0,2,12.0
293.0,0,0,0,4,12.0
378.0,0,0,0,4,12.0
378.0,0,0,0,3,12.0
344.0,0,0,0,3,12.0
344.0,0,0,0,4,12.0
293.0,0,0,0,2,12.0
1148.0,1,0,0,3,12.0
293.0,0,0,0,3,12.0
293.0,0,0,0,4,12.0
881.0,0,0,0,2,12.0
414.0,0,0,0,2,12.0
200.0,1,0,0,3,12.0
378.0,0,0,0,3,12.0
378.0,0,0,0,4,12.0
212.0,1,0,1,3,1.0
378.0,0,0,0,3,1.0
378.0,0,0,0,4,1.0
378.0,0,0,0,4,1.0
378.0,0,0,0,3,1.0
212.0,1,0,1,3,1.0
378.0,0,0,0,3,1.0
378.0,0,0,0,4,1.0
212.0,1,0,1,3,1.0
378.0,0,0,0,4,1.0
378.0,0,0,0,3,1.0
212.0,1,0,1,3,1.0
737.0,0,0,0,3,1.0
1112.0,0,0,0,3,1.0
378.0,0,0,0,4,1.0
378.0,0,0,0,3,1.0
384.0,1,0,1,3,13.0
872.0,0,0,0,3,13.0
432.0,0,0,0,3,13.0
1051.0,0,0,0,3,13.0
1211.0,0,0,0,3,13.0
337.0,0,0,0,3,13.0
1052.0,0,0,0,3,13.0
700.0,0,0,0,3,13.0
384.0,1,0,1,3,13.0
872.0,0,0,0,3,13.0
432.0,0,0,0,3,13.0
1051.0,0,0,0,3,13.0
1211.0,0,0,0,3,13.0
1052.0,0,0,0,3,13.0
337.0,0,0,0,3,13.0
700.0,0,0,0,3,13.0
384.0,1,0,1,3,13.0
872.0,0,0,0,3,13.0
1052.0,0,0,0,3,13.0
432.0,0,0,0,3,13.0
1051.0,0,0,0,3,13.0
384.0,1,0,1,3,13.0
545.0,0,0,0,3,13.0
872.0,0,0,0,3,13.0
337.0,0,0,0,3,13.0
1052.0,0,0,0,3,13.0
700.0,0,0,0,3,13.0
384.0,1,0,1,3,13.0
872.0,0,0,0,3,13.0
337.0,0,0,0,3,13.0
1052.0,0,0,0,3,13.0
700.0,0,0,0,3,13.0
545.0,0,0,0,3,13.0
384.0,1,0,0,3,13.0
970.0,0,0,0,3,13.0
355.0,0,0,0,3,13.0
432.0,0,0,0,3,13.0
1051.0,0,0,0,3,13.0
1211.0,0,0,0,3,13.0
872.0,0,0,0,3,13.0
1052.0,0,0,0,3,13.0
337.0,0,0,0,3,13.0
23.0,0,0,0,3,13.0
696.0,0,0,0,3,12.0
678.0,0,0,0,2,12.0
720.0,0,0,0,4,12.0
378.0,0,0,0,4,12.0
378.0,0,0,0,3,12.0
63.0,0,0,0,3,13.0
872.0,0,0,0,3,13.0
610.0,1,0,0,3,13.0
792.0,0,0,0,3,13.0
63.0,0,0,0,3,13.0
610.0,1,0,0,3,13.0
384.0,1,0,0,3,13.0
792.0,0,0,0,3,13.0
872.0,0,0,0,3,13.0
384.0,1,0,1,3,13.0
63.0,0,0,0,3,13.0
355.0,0,0,0,3,13.0
872.0,0,0,0,3,13.0
23.0,0,0,0,3,13.0
63.0,0,0,0,3,13.0
872.0,0,0,0,3,13.0
610.0,1,0,0,3,13.0
792.0,0,0,0,3,13.0
918.0,0,1,0,1,1.0
819.0,0,0,0,8,1.0
133.0,0,1,0,1,1.0
432.0,0,0,0,3,13.0
1211.0,0,0,0,3,13.0
1051.0,0,0,0,3,13.0
890.0,0,0,0,3,13.0
432.0,0,0,0,3,13.0
1211.0,0,0,0,3,13.0
1051.0,0,0,0,3,13.0
890.0,0,0,0,3,13.0
384.0,1,0,0,3,13.0
10.0,0,0,0,3,13.0
872.0,0,0,0,3,13.0
906.0,0,0,0,3,13.0
337.0,0,0,0,3,13.0
432.0,0,0,0,3,13.0
1211.0,0,0,0,3,13.0
1051.0,0,0,0,3,13.0
384.0,1,0,1,3,13.0
890.0,0,0,0,3,13.0
355.0,0,0,0,3,13.0
545.0,1,0,0,3,13.0
872.0,0,0,0,3,13.0
432.0,0,0,0,3,13.0
1211.0,0,0,0,3,13.0
1051.0,0,0,0,3,13.0
337.0,0,0,0,3,13.0
700.0,0,0,0,3,13.0
545.0,1,0,1,3,13.0
384.0,1,0,0,3,13.0
432.0,0,0,0,3,13.0
1211.0,0,0,0,3,13.0
1051.0,0,0,0,3,13.0
872.0,0,0,0,3,13.0
1066.0,0,0,0,3,13.0
1052.0,0,0,0,3,13.0
337.0,0,0,0,3,13.0
700.0,0,0,0,3,13.0
432.0,0,0,0,3,13.0
890.0,0,0,0,3,13.0
1211.0,0,0,0,3,13.0
1051.0,0,0,0,3,13.0
384.0,1,0,0,3,13.0
872.0,0,0,0,3,13.0
337.0,0,0,0,3,13.0
700.0,0,0,0,3,13.0
696.0,0,0,0,3,14.0
973.0,1,0,0,3,14.0
895.0,0,0,0,3,14.0
378.0,0,0,0,4,14.0
378.0,0,0,0,3,14.0
872.0,0,0,0,3,13.0
862.0,0,0,0,3,13.0
890.0,0,0,0,3,13.0
1052.0,0,0,0,3,13.0
432.0,0,0,0,3,13.0
1051.0,0,0,0,3,13.0
700.0,0,0,0,3,13.0
862.0,0,0,0,3,13.0
872.0,0,0,0,3,13.0
23.0,0,0,0,3,13.0
700.0,0,0,0,3,13.0
862.0,0,0,0,3,13.0
862.0,0,0,0,3,13.0
384.0,1,0,0,3,13.0
872.0,0,0,0,3,13.0
432.0,0,0,0,3,13.0
1051.0,0,0,0,3,13.0
337.0,0,0,0,3,13.0
23.0,0,0,0,3,13.0
700.0,0,0,0,3,13.0
862.0,0,0,0,3,13.0
890.0,0,0,0,3,13.0
872.0,0,0,0,3,13.0
862.0,0,0,0,3,13.0
337.0,0,0,0,3,13.0
23.0,0,0,0,3,13.0
914.0,0,0,0,3,13.0
700.0,0,0,0,3,13.0
862.0,0,0,0,3,13.0
862.0,0,0,0,3,13.0
872.0,0,0,0,3,13.0
432.0,0,0,0,3,13.0
1051.0,0,0,0,3,13.0
1065.0,0,0,0,3,13.0
23.0,0,0,0,3,13.0
337.0,0,0,0,3,13.0
1052.0,0,0,0,3,13.0
890.0,0,0,0,3,13.0
700.0,0,0,0,3,13.0
862.0,0,0,0,3,13.0
872.0,0,0,0,3,13.0
862.0,0,0,0,3,13.0
337.0,0,0,0,3,13.0
23.0,0,0,0,3,13.0
700.0,0,0,0,3,13.0
1052.0,0,0,0,3,13.0
862.0,0,0,0,3,13.0
670.0,0,0,0,2,13.0
,0,0,0,3,13.0
1051.0,0,0,0,3,13.0
862.0,0,0,0,3,13.0
872.0,0,0,0,3,13.0
1052.0,0,0,0,3,13.0
545.0,0,0,0,3,13.0
23.0,0,0,0,3,13.0
337.0,0,0,0,3,13.0
700.0,0,0,0,3,13.0
384.0,1,0,1,3,13.0
872.0,0,0,0,3,13.0
1052.0,0,0,0,3,13.0
862.0,0,0,0,3,13.0
23.0,0,0,0,3,13.0
337.0,0,0,0,3,13.0
432.0,0,0,0,3,13.0
1051.0,0,0,0,3,13.0
700.0,0,0,0,3,13.0
384.0,1,0,1,3,13.0
545.0,0,0,0,3,13.0
872.0,0,0,0,3,13.0
432.0,0,0,0,3,13.0
1051.0,0,0,0,3,13.0
862.0,0,0,0,3,13.0
23.0,0,0,0,3,13.0
700.0,0,0,0,3,13.0
10.0,0,0,0,3,13.0
862.0,0,0,0,3,13.0
862.0,0,0,0,3,13.0
872.0,0,0,0,3,13.0
1052.0,0,0,0,3,13.0
337.0,0,0,0,3,13.0
23.0,0,0,0,3,13.0
700.0,0,0,0,3,13.0
442.0,0,1,0,1,14.0
801.0,0,1,0,1,14.0
801.0,0,1,0,1,14.0
442.0,0,1,0,1,14.0
442.0,0,1,0,1,14.0
801.0,0,1,0,1,14.0
834.0,0,1,0,1,13.0
1138.0,0,0,0,8,13.0
1138.0,0,1,0,1,13.0
1148.0,1,1,0,1,13.0
784.0,1,1,1,1,14.0
797.0,0,0,0,8,14.0
1220.0,1,0,0,8,14.0
784.0,0,0,0,8,14.0
1143.0,0,0,0,8,14.0
57.0,1,0,0,8,14.0
1181.0,0,0,0,8,14.0
100.0,1,0,0,8,14.0
100.0,1,1,0,1,14.0
1176.0,1,1,0,1,14.0
806.0,1,1,0,1,14.0
465.0,0,1,0,1,1.0
1138.0,0,0,0,7,1.0
133.0,0,1,0,1,1.0
295.0,0,1,0,1,1.0
801.0,0,1,0,1,1.0
801.0,0,1,0,1,1.0
384.0,1,1,1,1,13.0
378.0,0,0,0,4,14.0
378.0,0,0,0,3,14.0
696.0,0,0,0,3,14.0
1214.0,0,0,0,3,14.0
378.0,0,0,0,4,14.0
378.0,0,0,0,3,14.0
696.0,0,0,0,3,14.0
1214.0,0,0,0,3,14.0
895.0,0,0,0,4,14.0
378.0,0,0,0,4,14.0
378.0,0,0,0,3,14.0
857.0,0,1,0,1,14.0
740.0,0,0,0,8,14.0
857.0,0,1,0,1,14.0
857.0,0,1,0,1,14.0
563.0,0,0,0,7,14.0
857.0,0,1,0,1,14.0
857.0,0,1,0,1,14.0
857.0,0,1,0,1,14.0
857.0,0,1,0,1,14.0
1220.0,1,0,0,6,14.0
563.0,0,0,0,7,14.0
857.0,1,1,0,1,14.0
857.0,0,1,0,1,14.0
857.0,0,1,0,1,14.0
857.0,0,1,0,1,14.0
378.0,0,0,0,4,14.0
895.0,0,0,0,3,14.0
378.0,0,0,0,3,14.0
384.0,1,0,1,3,13.0
384.0,1,0,1,3,13.0
185.0,0,1,0,1,14.0
714.0,0,1,0,1,14.0
185.0,0,1,0,1,14.0
827.0,0,1,0,1,14.0
1168.0,0,1,0,1,14.0
1168.0,0,1,0,1,14.0
827.0,1,1,0,1,14.0
872.0,0,0,0,3,13.0
1052.0,0,0,0,3,13.0
337.0,0,0,0,3,13.0
872.0,0,0,0,3,13.0
432.0,0,0,0,3,13.0
1051.0,0,0,0,3,13.0
1211.0,0,0,0,3,13.0
968.0,0,0,0,3,13.0
432.0,0,0,0,3,13.0
872.0,0,0,0,3,13.0
1051.0,0,0,0,3,13.0
384.0,1,0,0,3,13.0
337.0,0,0,0,3,13.0
23.0,0,0,0,3,13.0
337.0,0,0,0,3,13.0
872.0,0,0,0,3,13.0
1051.0,0,0,0,3,13.0
1211.0,0,0,0,3,13.0
432.0,0,0,0,3,13.0
872.0,0,0,0,3,13.0
337.0,0,0,0,3,13.0
872.0,0,0,0,3,13.0
1052.0,0,0,0,3,13.0
432.0,0,0,0,3,13.0
1211.0,0,0,0,3,13.0
1051.0,0,0,0,3,13.0
777.0,1,1,1,1,14.0
1013.0,0,1,0,1,14.0
927.0,1,1,0,1,14.0
318.0,0,1,0,1,14.0
456.0,0,1,0,1,14.0
302.0,0,1,0,1,14.0
435.0,0,1,0,1,14.0
525.0,0,1,0,1,14.0
170.0,1,1,0,1,14.0
557.0,1,1,0,1,14.0
302.0,0,1,0,1,14.0
972.0,0,0,0,7,14.0
435.0,0,1,0,1,14.0
912.0,0,1,0,1,14.0
1024.0,0,1,0,1,14.0
525.0,0,1,0,1,14.0
245.0,0,1,0,1,14.0
1220.0,1,0,0,6,14.0
318.0,0,1,0,1,14.0
302.0,0,1,0,1,14.0
597.0,0,1,0,1,14.0
551.0,1,1,1,1,14.0
73.0,1,0,0,7,14.0
302.0,0,0,0,8,14.0
1013.0,0,0,0,8,14.0
806.0,0,1,0,1,14.0
73.0,0,1,0,1,14.0
116.0,0,1,0,1,14.0
302.0,0,1,0,1,14.0
318.0,0,1,0,1,14.0
597.0,0,1,0,1,14.0
378.0,0,0,0,4,1.0
378.0,0,0,0,5,1.0
1070.0,0,1,0,1,14.0
134.0,0,0,0,7,14.0
972.0,0,0,0,7,14.0
274.0,0,0,0,7,14.0
1168.0,0,0,0,8,14.0
318.0,0,0,0,8,14.0
998.0,0,0,0,8,14.0
245.0,0,1,0,1,14.0
134.0,0,1,0,1,14.0
479.0,0,1,0,1,14.0
435.0,0,1,0,1,14.0
297.0,0,1,0,1,14.0
672.0,0,0,0,9,14.0
245.0,0,1,0,1,14.0
586.0,0,1,0,1,14.0
672.0,0,1,0,1,14.0
169.0,0,1,0,1,14.0
958.0,0,1,0,1,14.0
806.0,1,1,0,1,14.0
777.0,1,1,0,1,14.0
597.0,0,1,0,1,14.0
302.0,0,1,0,1,14.0
297.0,0,1,0,1,14.0
324.0,0,0,0,8,14.0
169.0,0,1,0,1,14.0
806.0,1,1,0,1,14.0
324.0,0,1,0,1,14.0
918.0,0,1,0,1,14.0
374.0,0,1,0,1,14.0
410.0,0,1,0,1,14.0
73.0,1,1,0,1,14.0
544.0,0,1,0,1,14.0
597.0,0,1,0,1,14.0
857.0,0,1,0,1,14.0
563.0,0,0,0,7,14.0
740.0,0,0,0,8,14.0
918.0,0,0,0,8,14.0
144.0,0,1,0,1,14.0
918.0,0,1,0,1,14.0
857.0,1,1,0,1,14.0
1115.0,0,1,0,1,14.0
551.0,0,1,0,1,14.0
714.0,0,1,0,1,14.0
801.0,0,1,0,1,14.0
1148.0,1,1,1,1,12.0
1220.0,1,0,0,8,12.0
1036.0,0,0,0,8,12.0
59.0,0,0,0,8,12.0
703.0,0,0,0,8,12.0
1157.0,0,0,0,8,12.0
795.0,0,0,0,8,12.0
1148.0,1,1,1,1,12.0
1220.0,1,0,0,6,12.0
1220.0,1,0,0,9,12.0
1220.0,1,0,0,8,12.0
1148.0,1,1,1,1,12.0
1220.0,1,0,0,8,12.0
703.0,0,0,0,8,12.0
1157.0,0,0,0,8,12.0
1153.0,0,1,0,1,14.0
1124.0,0,1,0,1,14.0
647.0,0,1,0,1,14.0
442.0,0,1,0,1,14.0
801.0,0,1,0,1,14.0
138.0,0,1,0,1,14.0
958.0,0,1,0,1,14.0
1209.0,0,1,0,1,14.0
1072.0,0,1,0,1,14.0
577.0,0,1,0,1,14.0
645.0,0,1,0,1,14.0
169.0,0,1,0,1,14.0
479.0,0,0,0,8,14.0
373.0,0,1,0,1,14.0
645.0,0,1,0,1,14.0
1209.0,0,1,0,1,14.0
577.0,0,1,0,1,14.0
1072.0,0,1,0,1,14.0
479.0,0,1,0,1,14.0
753.0,0,1,0,1,14.0
18.0,0,1,0,1,14.0
958.0,0,1,0,1,14.0
696.0,0,0,0,3,14.0
125.0,0,0,0,2,14.0
103.0,0,0,0,2,14.0
1214.0,0,0,0,4,14.0
775.0,0,0,0,4,14.0
762.0,0,0,0,3,14.0
1214.0,0,0,0,3,14.0
662.0,1,0,0,4,14.0
973.0,1,0,0,3,14.0
642.0,0,0,0,4,14.0
849.0,0,0,0,3,14.0
231.0,0,0,0,3,14.0
737.0,0,0,0,4,14.0
775.0,0,0,0,2,14.0
737.0,0,0,0,3,14.0
775.0,0,0,0,3,14.0
103.0,0,0,0,4,14.0
888.0,0,0,0,3,14.0
378.0,0,0,0,3,14.0
378.0,0,0,0,4,14.0
737.0,0,0,0,3,14.0
775.0,0,0,0,2,14.0
888.0,0,0,0,4,14.0
888.0,0,0,0,3,14.0
378.0,0,0,0,3,14.0
378.0,0,0,0,4,14.0
1148.0,1,1,1,1,12.0
322.0,1,0,1,8,12.0
1148.0,1,1,1,1,12.0
1220.0,1,0,0,8,12.0
144.0,0,1,0,1,14.0
563.0,0,0,0,7,14.0
263.0,0,1,0,1,14.0
753.0,0,1,0,1,14.0
18.0,0,1,0,1,14.0
116.0,0,1,0,1,14.0
159.0,0,1,0,1,14.0
1115.0,0,1,0,1,14.0
1188.0,1,1,0,1,14.0
617.0,1,1,0,1,14.0
551.0,1,1,0,1,14.0
134.0,0,1,0,1,14.0
351.0,0,0,0,8,14.0
740.0,0,0,0,6,14.0
374.0,0,0,0,8,14.0
1010.0,0,0,0,8,14.0
144.0,0,1,0,1,14.0
245.0,0,1,0,1,14.0
263.0,0,1,0,1,14.0
753.0,0,1,0,1,14.0
18.0,0,1,0,1,14.0
295.0,0,1,0,1,14.0
597.0,0,1,0,1,14.0
819.0,0,0,0,8,14.0
374.0,0,0,0,8,14.0
144.0,0,1,0,1,14.0
912.0,0,1,0,1,14.0
653.0,0,1,0,1,14.0
645.0,0,1,0,1,14.0
660.0,0,1,0,1,14.0
1209.0,0,1,0,1,14.0
1072.0,0,1,0,1,14.0
190.0,0,0,0,7,14.0
432.0,0,0,0,3,1.0
1051.0,0,0,0,3,1.0
432.0,0,0,0,3,1.0
1051.0,0,0,0,3,1.0
432.0,0,0,0,3,1.0
1051.0,0,0,0,3,1.0
432.0,0,0,0,3,1.0
1051.0,0,0,0,3,1.0
432.0,0,0,0,3,1.0
1051.0,0,0,0,3,1.0
432.0,0,0,0,3,1.0
1051.0,0,0,0,3,1.0
432.0,0,0,0,3,1.0
1051.0,0,0,0,3,1.0
432.0,0,0,0,3,1.0
1051.0,0,0,0,3,1.0
432.0,0,0,0,3,1.0
1051.0,0,0,0,3,1.0
432.0,0,0,0,3,1.0
1051.0,0,0,0,3,1.0
432.0,0,0,0,3,1.0
1051.0,0,0,0,3,1.0
1051.0,0,0,0,3,1.0
432.0,0,0,0,3,1.0
1051.0,0,0,0,3,1.0
432.0,0,0,0,3,1.0
1051.0,0,0,0,3,1.0
432.0,0,0,0,3,1.0
1051.0,0,0,0,3,1.0
432.0,0,0,0,3,1.0
1051.0,0,0,0,3,1.0
432.0,0,0,0,3,1.0
1051.0,0,0,0,3,1.0
432.0,0,0,0,3,1.0
1051.0,0,0,0,3,1.0
857.0,0,1,0,1,14.0
1148.0,1,1,1,1,12.0
1220.0,1,0,0,9,12.0
1220.0,1,0,0,8,12.0
557.0,1,1,1,1,14.0
1168.0,0,0,0,8,14.0
795.0,0,0,0,9,14.0
57.0,1,0,0,8,14.0
374.0,0,0,0,8,14.0
159.0,0,0,0,8,14.0
83.0,0,0,0,8,14.0
983.0,1,0,0,8,14.0
100.0,1,1,0,1,14.0
795.0,0,1,0,1,14.0
410.0,0,1,0,1,14.0
3.0,0,1,0,1,13.0
130.0,0,1,0,1,13.0
684.0,0,1,0,1,13.0
384.0,1,0,1,3,13.0
384.0,1,1,1,1,13.0
1143.0,0,1,0,1,14.0
878.0,0,0,0,9,14.0
631.0,0,0,0,8,14.0
266.0,0,0,0,8,14.0
1209.0,0,1,0,1,14.0
645.0,0,1,0,1,14.0
1072.0,0,1,0,1,14.0
144.0,0,1,0,1,14.0
977.0,1,1,0,1,14.0
266.0,1,1,0,1,14.0
377.0,1,1,0,1,14.0
537.0,0,1,0,1,14.0
1168.0,0,0,0,9,14.0
1143.0,0,0,0,9,14.0
1010.0,0,0,0,8,14.0
144.0,0,1,0,1,14.0
1143.0,0,1,0,1,14.0
559.0,0,1,0,1,14.0
297.0,0,1,0,1,14.0
801.0,0,1,0,1,14.0
958.0,0,1,0,1,14.0
138.0,1,1,0,1,14.0
586.0,0,1,0,1,1.0
1131.0,0,1,0,1,1.0
71.0,0,1,0,1,1.0
2.0,0,1,0,1,1.0
966.0,0,1,0,1,1.0
310.0,0,1,0,1,1.0
506.0,0,1,0,1,1.0
386.0,0,1,0,1,1.0
1091.0,0,1,0,1,1.0
552.0,0,1,0,1,1.0
1071.0,0,1,0,1,1.0
703.0,0,1,0,1,1.0
1091.0,0,1,0,1,1.0
406.0,0,1,0,1,1.0
447.0,0,1,0,1,1.0
885.0,0,1,0,1,1.0
884.0,0,1,0,1,1.0
384.0,1,1,1,1,13.0
384.0,1,0,1,3,13.0
367.0,0,0,0,3,13.0
890.0,0,0,0,3,13.0
1052.0,0,0,0,3,13.0
432.0,0,0,0,3,13.0
1051.0,0,0,0,3,13.0
1211.0,0,0,0,3,13.0
384.0,1,1,1,1,13.0
384.0,1,1,0,1,13.0
384.0,1,1,1,1,13.0
384.0,1,1,0,1,13.0
384.0,1,1,0,1,13.0
384.0,1,1,1,1,1.0
918.0,0,1,0,1,1.0
1220.0,1,0,0,8,1.0
635.0,0,0,0,8,1.0
1118.0,0,0,0,8,1.0
702.0,0,0,0,8,1.0
1048.0,0,0,0,8,1.0
272.0,0,0,0,8,1.0
918.0,0,1,0,1,1.0
,0,0,0,7,1.0
1220.0,1,0,0,8,1.0
635.0,0,0,0,8,1.0
1118.0,0,0,0,8,1.0
702.0,0,0,0,8,1.0
272.0,0,0,0,8,1.0
465.0,0,1,0,1,1.0
1213.0,0,1,0,1,1.0
857.0,0,1,0,1,1.0
740.0,0,0,0,8,1.0
857.0,0,1,0,1,1.0
740.0,0,0,0,8,1.0
857.0,0,1,0,1,1.0
740.0,0,0,0,8,1.0
857.0,0,1,0,1,1.0
857.0,0,1,0,1,1.0
740.0,0,0,0,8,1.0
465.0,0,1,0,1,1.0
857.0,0,1,0,1,1.0
170.0,0,1,0,1,1.0
295.0,0,1,0,1,1.0
133.0,0,1,0,1,1.0
857.0,0,1,0,1,1.0
857.0,0,1,0,1,1.0
465.0,0,1,0,1,1.0
740.0,0,0,0,8,1.0
857.0,0,1,0,1,1.0
857.0,0,1,0,1,1.0
857.0,0,1,0,1,1.0
282.0,1,1,1,1,13.0
282.0,1,1,0,1,13.0
757.0,0,1,0,1,13.0
76.0,0,1,0,1,13.0
1124.0,0,1,0,1,14.0
629.0,1,1,0,1,14.0
281.0,0,1,0,1,14.0
629.0,0,1,0,1,14.0
1208.0,0,1,0,1,14.0
340.0,0,1,0,1,14.0
629.0,1,1,1,1,14.0
563.0,0,0,0,7,14.0
956.0,1,1,0,1,14.0
629.0,0,1,0,1,14.0
282.0,0,1,0,1,14.0
266.0,0,1,0,1,14.0
281.0,0,1,0,1,14.0
1124.0,0,1,0,1,14.0
998.0,0,1,0,1,14.0
1208.0,0,1,0,1,14.0
340.0,0,1,0,1,14.0
629.0,0,1,0,1,14.0
1124.0,0,1,0,1,14.0
857.0,0,1,0,1,14.0
281.0,0,1,0,1,14.0
1208.0,0,1,0,1,14.0
340.0,0,1,0,1,14.0
1208.0,0,1,0,1,14.0
297.0,0,1,0,1,14.0
629.0,0,1,0,1,14.0
159.0,0,1,0,1,14.0
266.0,0,1,0,1,14.0
1124.0,0,1,0,1,14.0
281.0,0,1,0,1,14.0
827.0,0,0,0,8,14.0
340.0,0,1,0,1,14.0
1148.0,1,1,1,1,13.0
827.0,0,1,0,1,14.0
185.0,0,1,0,1,14.0
294.0,0,1,0,1,13.0
384.0,1,1,1,1,13.0
857.0,0,1,0,1,14.0
1208.0,0,1,0,1,14.0
857.0,0,1,0,1,14.0
297.0,0,1,0,1,14.0
672.0,0,1,0,1,14.0
143.0,0,0,0,8,14.0
169.0,0,1,0,1,14.0
857.0,0,1,0,1,14.0
1208.0,0,1,0,1,14.0
672.0,0,1,0,1,14.0
1140.0,0,1,0,1,14.0
282.0,1,1,0,1,14.0
672.0,1,1,0,1,14.0
1153.0,1,1,0,1,14.0
629.0,1,1,0,1,14.0
144.0,0,1,0,1,14.0
169.0,0,1,0,1,14.0
846.0,0,1,0,1,14.0
297.0,0,1,0,1,14.0
170.0,0,1,0,1,14.0
297.0,0,1,0,1,14.0
672.0,0,1,0,1,14.0
169.0,0,1,0,1,14.0
846.0,0,1,0,1,14.0
297.0,0,1,0,1,14.0
170.0,0,1,0,1,14.0
857.0,0,1,0,1,14.0
1208.0,0,1,0,1,14.0
827.0,0,0,0,8,14.0
857.0,0,1,0,1,14.0
1208.0,0,1,0,1,14.0
414.0,0,0,0,2,12.0
881.0,0,0,0,2,12.0
378.0,0,0,0,4,12.0
378.0,0,0,0,3,12.0
378.0,0,0,0,4,12.0
378.0,0,0,0,3,12.0
696.0,0,0,0,3,12.0
378.0,0,0,0,4,12.0
378.0,0,0,0,3,12.0
344.0,0,0,0,3,12.0
114.0,0,0,0,3,12.0
221.0,0,0,0,3,12.0
1148.0,1,0,0,3,12.0
231.0,0,0,0,3,12.0
378.0,0,0,0,3,12.0
378.0,0,0,0,4,12.0
696.0,0,0,0,3,12.0
378.0,0,0,0,3,12.0
378.0,0,0,0,4,12.0
378.0,0,0,0,4,12.0
378.0,0,0,0,3,12.0
132.0,1,0,1,3,12.0
1148.0,1,0,0,3,12.0
378.0,0,0,0,3,12.0
378.0,0,0,0,4,12.0
720.0,0,0,0,3,12.0
881.0,0,0,0,2,12.0
414.0,0,0,0,2,12.0
1148.0,1,0,0,3,12.0
378.0,0,0,0,3,12.0
378.0,0,0,0,4,12.0
378.0,0,0,0,4,12.0
221.0,0,0,0,3,12.0
378.0,0,0,0,3,12.0
378.0,0,0,0,4,12.0
378.0,0,0,0,3,12.0
231.0,0,0,0,3,12.0
720.0,0,0,0,4,12.0
1048.0,0,0,0,3,12.0
378.0,0,0,0,3,12.0
378.0,0,0,0,4,12.0
696.0,0,0,0,3,12.0
720.0,0,0,0,3,12.0
1147.0,0,0,0,3,12.0
378.0,0,0,0,4,12.0
378.0,0,0,0,3,12.0
696.0,0,0,0,3,12.0
378.0,0,0,0,4,12.0
378.0,0,0,0,3,12.0
231.0,0,0,0,3,12.0
881.0,0,0,0,2,12.0
414.0,0,0,0,2,12.0
1148.0,1,0,0,3,12.0
103.0,0,0,0,3,12.0
378.0,0,0,0,4,12.0
378.0,0,0,0,3,12.0
344.0,0,0,0,3,12.0
132.0,1,0,0,3,12.0
696.0,0,0,0,3,12.0
618.0,0,0,0,3,12.0
378.0,0,0,0,4,12.0
378.0,0,0,0,3,12.0
696.0,0,0,0,3,12.0
378.0,0,0,0,4,12.0
378.0,0,0,0,3,12.0
720.0,0,0,0,3,12.0
1148.0,1,0,0,3,12.0
378.0,0,0,0,3,12.0
378.0,0,0,0,4,12.0
696.0,0,0,0,3,12.0
678.0,0,0,0,2,12.0
224.0,0,0,0,4,12.0
378.0,0,0,0,4,12.0
378.0,0,0,0,3,12.0
1112.0,0,0,0,3,12.0
221.0,0,0,0,4,12.0
1048.0,0,0,0,3,12.0
378.0,0,0,0,3,12.0
378.0,0,0,0,4,12.0
344.0,0,0,0,3,12.0
378.0,0,0,0,4,12.0
378.0,0,0,0,3,12.0
231.0,0,0,0,3,12.0
103.0,0,0,0,4,12.0
132.0,1,0,0,3,12.0
1148.0,1,0,0,3,12.0
103.0,0,0,0,3,12.0
221.0,0,0,0,3,12.0
378.0,0,0,0,4,12.0
378.0,0,0,0,3,12.0
132.0,1,0,1,3,12.0
378.0,0,0,0,4,12.0
378.0,0,0,0,3,12.0
696.0,0,0,0,3,12.0
344.0,0,0,0,3,12.0
287.0,0,0,0,3,12.0
378.0,0,0,0,4,12.0
378.0,0,0,0,3,12.0
696.0,0,0,0,3,12.0
720.0,0,0,0,3,12.0
378.0,0,0,0,4,12.0
378.0,0,0,0,3,12.0
378.0,0,0,0,4,12.0
378.0,0,0,0,3,12.0
1148.0,1,0,1,3,12.0
378.0,0,0,0,3,12.0
378.0,0,0,0,4,12.0
1153.0,0,1,0,1,14.0
159.0,0,0,0,8,14.0
629.0,0,1,0,1,14.0
281.0,0,1,0,1,14.0
1124.0,0,1,0,1,14.0
159.0,0,1,0,1,14.0
266.0,0,1,0,1,14.0
1208.0,0,1,0,1,14.0
827.0,0,0,0,8,14.0
340.0,0,1,0,1,14.0
897.0,0,1,0,1,13.0
688.0,0,0,0,5,12.0
185.0,0,1,0,1,14.0
827.0,0,1,0,1,14.0
572.0,0,1,0,1,1.0
572.0,0,1,0,1,1.0
572.0,0,1,0,1,1.0
572.0,0,1,0,1,1.0
572.0,0,1,0,1,1.0
857.0,0,1,0,1,1.0
266.0,0,1,0,1,1.0
572.0,0,1,0,1,1.0
857.0,0,1,0,1,1.0
572.0,0,1,0,1,1.0
572.0,0,1,0,1,1.0
572.0,0,1,0,1,1.0
572.0,0,1,0,1,1.0
857.0,0,1,0,1,1.0
696.0,0,0,0,3,12.0
696.0,0,0,0,2,12.0
1060.0,0,0,0,3,12.0
378.0,0,0,0,3,12.0
378.0,0,0,0,4,12.0
1148.0,1,1,1,1,13.0
311.0,0,1,0,1,13.0
169.0,0,1,0,1,14.0
479.0,0,1,0,1,14.0
647.0,0,1,0,1,14.0
435.0,0,1,0,1,14.0
373.0,0,1,0,1,14.0
801.0,0,1,0,1,14.0
1124.0,0,1,0,1,14.0
298.0,0,1,0,1,14.0
442.0,0,1,0,1,14.0
972.0,0,1,0,1,14.0
1070.0,0,1,0,1,14.0
169.0,0,1,0,1,14.0
479.0,0,0,0,8,14.0
1217.0,1,1,0,1,14.0
958.0,0,1,0,1,14.0
1097.0,0,1,0,1,14.0
645.0,0,1,0,1,14.0
1072.0,0,1,0,1,14.0
577.0,0,1,0,1,14.0
831.0,0,1,0,1,14.0
1209.0,0,1,0,1,14.0
1168.0,0,1,0,1,14.0
557.0,0,1,0,1,14.0
801.0,0,0,0,8,14.0
298.0,0,1,0,1,14.0
557.0,1,1,1,1,14.0
557.0,0,1,0,1,14.0
827.0,0,1,0,1,14.0
827.0,1,1,0,1,14.0
185.0,0,1,0,1,14.0
185.0,0,1,0,1,14.0
714.0,0,1,0,1,14.0
827.0,0,1,0,1,14.0
185.0,0,1,0,1,14.0
714.0,0,1,0,1,14.0
1168.0,0,1,0,1,14.0
1168.0,0,1,0,1,14.0
827.0,0,1,0,1,14.0
827.0,0,1,0,1,14.0
827.0,1,1,0,1,14.0
827.0,0,1,0,1,14.0
827.0,1,1,0,1,14.0
827.0,0,1,0,1,14.0
1138.0,0,1,0,1,13.0
1024.0,0,1,0,1,13.0
229.0,0,1,0,1,13.0
857.0,0,1,0,1,13.0
857.0,0,1,0,1,13.0
857.0,0,1,0,1,13.0
857.0,0,1,0,1,13.0
311.0,1,1,1,1,13.0
311.0,0,1,0,1,13.0
737.0,0,0,0,3,14.0
737.0,0,0,0,4,14.0
378.0,0,0,0,3,14.0
378.0,0,0,0,4,14.0
1148.0,1,1,1,1,1.0
1220.0,1,0,0,8,1.0
48.0,0,1,0,1,1.0
1090.0,0,1,0,1,1.0
1148.0,1,1,1,1,1.0
1220.0,1,0,0,8,1.0
702.0,0,0,0,8,1.0
635.0,0,0,0,8,1.0
1118.0,0,0,0,8,1.0
1048.0,0,0,0,8,1.0
410.0,0,1,0,1,1.0
703.0,0,1,0,1,1.0
1148.0,1,1,1,1,13.0
1213.0,0,1,0,1,13.0
384.0,1,1,1,1,13.0
465.0,0,1,0,1,1.0
295.0,0,1,0,1,1.0
266.0,0,1,0,1,1.0
465.0,0,1,0,1,1.0
384.0,1,1,1,1,13.0
1148.0,1,1,1,1,14.0
1220.0,1,0,0,6,14.0
1220.0,1,0,0,8,14.0
71.0,0,1,0,1,14.0
1145.0,0,1,0,1,14.0
1089.0,0,1,0,1,14.0
1148.0,1,1,1,1,14.0
1220.0,1,0,0,8,14.0
71.0,0,1,0,1,14.0
1145.0,0,1,0,1,14.0
1089.0,0,1,0,1,14.0
1148.0,1,1,1,1,14.0
625.0,0,0,0,8,14.0
1220.0,1,0,0,8,14.0
71.0,0,1,0,1,14.0
1089.0,0,1,0,1,14.0
1145.0,0,1,0,1,14.0
1220.0,1,0,0,8,14.0
71.0,0,1,0,1,14.0
1089.0,0,1,0,1,14.0
1145.0,0,1,0,1,14.0
71.0,0,1,0,1,14.0
1089.0,0,1,0,1,14.0
1148.0,1,1,1,1,14.0
1220.0,1,0,0,9,14.0
71.0,0,1,0,1,14.0
1148.0,1,1,1,1,14.0
1220.0,1,0,0,8,14.0
1145.0,0,0,0,8,14.0
1089.0,0,1,0,1,14.0
71.0,0,1,0,1,14.0
1148.0,1,1,1,1,14.0
1148.0,1,1,1,1,14.0
1148.0,1,1,1,1,14.0
1148.0,1,1,1,1,14.0
1148.0,1,1,1,1,14.0
1148.0,1,1,1,1,14.0
827.0,0,1,0,1,14.0
185.0,0,1,0,1,14.0
827.0,0,1,0,1,14.0
185.0,0,1,0,1,14.0
827.0,1,1,0,1,14.0
857.0,0,1,0,1,1.0
282.0,0,0,0,8,1.0
1148.0,1,1,1,1,13.0
1138.0,0,1,0,1,13.0
386.0,0,1,0,1,13.0
1024.0,0,1,0,1,13.0
897.0,0,1,0,1,13.0
834.0,0,1,0,1,13.0
1148.0,1,1,0,1,13.0
1148.0,1,1,1,1,13.0
6.0,1,1,1,1,14.0
638.0,1,1,0,1,14.0
621.0,1,1,0,1,14.0
6.0,1,1,0,1,14.0
897.0,0,1,0,1,13.0
384.0,1,1,1,1,13.0
1186.0,0,1,0,1,1.0
1115.0,0,1,0,1,1.0
783.0,0,1,0,1,1.0
465.0,0,1,0,1,1.0
1179.0,0,1,0,1,1.0
1186.0,0,1,0,1,1.0
465.0,0,1,0,1,1.0
1186.0,0,1,0,1,1.0
1115.0,0,1,0,1,1.0
465.0,0,1,0,1,1.0
209.0,0,1,0,1,1.0
1179.0,0,1,0,1,1.0
783.0,0,1,0,1,1.0
465.0,0,1,0,1,1.0
1138.0,0,1,0,1,1.0
1186.0,0,1,0,1,1.0
1115.0,0,1,0,1,1.0
133.0,0,1,0,1,1.0
783.0,0,1,0,1,1.0
295.0,0,1,0,1,1.0
3.0,0,1,0,1,1.0
1138.0,0,1,0,1,1.0
465.0,0,1,0,1,1.0
1115.0,0,1,0,1,1.0
1024.0,0,1,0,1,1.0
1024.0,0,1,0,1,1.0
1186.0,0,1,0,1,1.0
133.0,0,1,0,1,1.0
1138.0,0,1,0,1,1.0
465.0,0,1,0,1,1.0
783.0,0,1,0,1,1.0
1186.0,0,1,0,1,1.0
286.0,0,1,0,1,1.0
1115.0,0,1,0,1,1.0
1024.0,0,1,0,1,1.0
1186.0,0,1,0,1,13.0
998.0,0,0,0,8,13.0
1186.0,0,1,0,1,13.0
1124.0,0,1,0,1,14.0
597.0,0,0,0,8,14.0
144.0,0,1,0,1,14.0
597.0,0,1,0,1,14.0
551.0,0,1,0,1,14.0
134.0,0,1,0,1,14.0
674.0,0,1,0,1,14.0
1179.0,0,1,0,1,14.0
145.0,0,1,0,1,14.0
347.0,0,1,0,1,14.0
747.0,0,1,0,1,14.0
918.0,0,1,0,1,14.0
647.0,0,1,0,1,14.0
466.0,0,1,0,1,14.0
806.0,1,1,0,1,14.0
134.0,0,1,0,1,14.0
196.0,0,1,0,1,14.0
717.0,1,1,0,1,14.0
26.0,1,1,0,1,14.0
266.0,1,1,0,1,14.0
302.0,0,1,0,1,14.0
148.0,0,1,0,1,14.0
169.0,0,1,0,1,14.0
351.0,0,0,0,9,14.0
1029.0,0,0,0,8,14.0
466.0,0,1,0,1,14.0
245.0,0,1,0,1,14.0
918.0,0,1,0,1,14.0
374.0,0,1,0,1,14.0
958.0,0,1,0,1,14.0
999.0,0,1,0,1,14.0
138.0,0,1,0,1,14.0
831.0,0,1,0,1,14.0
948.0,1,1,1,1,13.0
1148.0,1,1,1,1,13.0
834.0,0,1,0,1,13.0
1148.0,1,1,1,1,14.0
1220.0,1,0,0,7,14.0
272.0,0,0,0,8,14.0
1220.0,1,0,0,8,14.0
1117.0,0,0,0,8,14.0
1003.0,0,0,0,7,14.0
286.0,0,1,0,1,13.0
1138.0,0,1,0,1,13.0
1148.0,1,1,0,1,13.0
286.0,0,1,0,1,13.0
1138.0,0,0,0,8,13.0
286.0,0,1,0,1,13.0
1138.0,0,1,0,1,13.0
1148.0,1,1,0,1,13.0
827.0,0,1,0,1,14.0
827.0,0,1,0,1,14.0
827.0,0,1,0,1,14.0
827.0,0,1,0,1,14.0
827.0,0,1,0,1,14.0
178.0,1,1,1,1,13.0
1148.0,1,1,1,1,14.0
1220.0,1,0,0,6,14.0
410.0,0,0,0,8,14.0
143.0,0,0,0,8,14.0
272.0,0,0,0,8,14.0
702.0,0,0,0,8,14.0
1118.0,0,0,0,8,14.0
1048.0,0,0,0,8,14.0
635.0,0,0,0,8,14.0
747.0,0,0,0,8,14.0
1133.0,0,0,0,8,14.0
1148.0,1,1,1,1,14.0
1220.0,1,0,0,6,14.0
1220.0,1,0,0,7,14.0
410.0,0,0,0,8,14.0
797.0,0,0,0,8,14.0
272.0,0,0,0,8,14.0
721.0,0,0,0,8,14.0
702.0,0,0,0,8,14.0
1048.0,0,0,0,8,14.0
635.0,0,0,0,8,14.0
1118.0,0,0,0,8,14.0
504.0,1,1,1,1,13.0
311.0,1,1,1,1,13.0
1220.0,1,0,0,9,13.0
311.0,0,1,0,1,13.0
311.0,0,1,0,1,13.0
857.0,0,1,0,1,1.0
857.0,0,1,0,1,1.0
857.0,0,1,0,1,1.0
384.0,1,1,1,1,13.0
1148.0,1,1,1,1,1.0
400.0,0,1,0,1,1.0
703.0,0,1,0,1,1.0
1123.0,0,1,0,1,1.0
1157.0,0,1,0,1,1.0
284.0,0,1,0,1,1.0
71.0,0,1,0,1,1.0
310.0,0,1,0,1,1.0
552.0,0,1,0,1,1.0
493.0,0,1,0,1,1.0
636.0,0,1,0,1,1.0
1148.0,1,1,1,1,12.0
1220.0,1,0,0,6,12.0
1220.0,1,0,0,9,12.0
1220.0,1,0,0,8,12.0
1145.0,0,1,0,1,12.0
1089.0,0,1,0,1,12.0
71.0,0,1,0,1,12.0
1148.0,1,1,1,1,12.0
1220.0,1,0,0,6,12.0
1220.0,1,0,0,8,12.0
71.0,0,1,0,1,12.0
1145.0,0,1,0,1,12.0
1089.0,0,1,0,1,12.0
1063.0,0,1,0,1,12.0
1063.0,0,0,0,8,12.0
1063.0,0,1,0,1,12.0
1148.0,1,1,1,1,12.0
1220.0,1,0,0,8,12.0
1145.0,0,1,0,1,12.0
71.0,0,1,0,1,12.0
1089.0,0,1,0,1,12.0
1148.0,1,1,1,1,12.0
1145.0,0,1,0,1,12.0
1089.0,0,1,0,1,12.0
71.0,0,1,0,1,12.0
1148.0,1,1,1,1,12.0
1220.0,1,0,0,8,12.0
1148.0,1,1,1,1,12.0
1220.0,1,0,0,8,12.0
1145.0,0,1,0,1,12.0
71.0,0,1,0,1,12.0
1148.0,1,1,1,1,12.0
1220.0,1,0,0,6,12.0
1220.0,1,0,0,8,12.0
1089.0,0,0,0,8,12.0
1145.0,0,1,0,1,12.0
1089.0,0,1,0,1,12.0
71.0,0,1,0,1,12.0
1148.0,1,1,1,1,12.0
1220.0,1,0,0,8,12.0
1089.0,0,1,0,1,12.0
1148.0,1,1,1,1,12.0
1220.0,1,0,0,8,12.0
1089.0,0,1,0,1,12.0
1148.0,1,1,1,1,12.0
1220.0,1,0,0,8,12.0
1145.0,0,1,0,1,12.0
1089.0,0,1,0,1,12.0
71.0,0,1,0,1,12.0
1148.0,1,1,1,1,12.0
1220.0,1,0,0,8,12.0
1145.0,0,1,0,1,12.0
1089.0,0,1,0,1,12.0
71.0,0,1,0,1,12.0
1148.0,1,1,1,1,12.0
1220.0,1,0,0,8,12.0
1089.0,0,1,0,1,12.0
71.0,0,1,0,1,12.0
1148.0,1,1,1,1,12.0
1220.0,1,0,0,6,12.0
1220.0,1,0,0,8,12.0
1145.0,0,1,0,1,12.0
71.0,0,1,0,1,12.0
1089.0,0,1,0,1,12.0
1063.0,0,1,0,1,12.0
1063.0,0,1,0,1,12.0
1063.0,0,0,0,8,12.0
384.0,1,1,1,1,13.0
384.0,1,1,0,1,13.0
679.0,0,0,0,5,12.0
857.0,0,1,0,1,14.0
857.0,0,1,0,1,14.0
354.0,0,1,0,1,14.0
435.0,1,0,0,8,14.0
857.0,0,1,0,1,14.0
857.0,0,1,0,1,14.0
857.0,0,1,0,1,14.0
1186.0,0,1,0,1,13.0
1186.0,0,1,0,1,
1186.0,0,1,0,1,13.0
1186.0,0,1,0,1,13.0
1186.0,0,1,0,1,13.0
1186.0,0,1,0,1,13.0
1186.0,0,1,0,1,13.0
998.0,0,0,0,8,13.0
631.0,0,1,0,1,14.0
1220.0,1,0,0,6,14.0
797.0,0,0,0,8,14.0
527.0,0,0,0,8,14.0
272.0,0,0,0,8,14.0
850.0,0,0,0,8,14.0
1148.0,1,1,0,1,14.0
527.0,0,1,0,1,14.0
755.0,0,1,0,1,14.0
374.0,0,1,0,1,14.0
999.0,0,1,0,1,14.0
48.0,0,1,0,1,14.0
563.0,0,0,0,7,14.0
1220.0,1,0,0,6,14.0
81.0,0,0,0,8,14.0
512.0,0,1,0,1,14.0
324.0,0,1,0,1,14.0
1123.0,0,1,0,1,14.0
144.0,0,1,0,1,14.0
,0,1,0,1,14.0
868.0,0,1,0,1,14.0
239.0,0,1,0,1,14.0
282.0,0,1,0,1,13.0
282.0,0,1,0,1,13.0
384.0,1,1,1,1,13.0
302.0,0,1,0,1,13.0
1220.0,1,0,0,8,13.0
286.0,0,0,0,8,13.0
144.0,0,0,0,8,13.0
819.0,0,0,0,8,13.0
465.0,0,1,0,1,13.0
76.0,0,1,0,1,13.0
1148.0,1,1,0,1,13.0
297.0,0,1,0,1,1.0
572.0,0,1,0,1,1.0
572.0,0,1,0,1,1.0
1186.0,0,1,0,1,13.0
1186.0,0,1,0,1,13.0
1186.0,0,1,0,1,13.0
1186.0,0,1,0,1,13.0
295.0,0,1,0,1,13.0
144.0,0,0,0,8,13.0
1220.0,1,0,0,9,13.0
1024.0,0,1,0,1,13.0
918.0,0,1,0,1,13.0
302.0,0,1,0,1,13.0
144.0,0,1,0,1,13.0
703.0,0,1,0,1,13.0
795.0,0,1,0,1,13.0
844.0,0,1,0,1,13.0
48.0,0,1,0,1,13.0
311.0,0,1,0,1,13.0
827.0,0,1,0,1,14.0
185.0,0,1,0,1,14.0
1147.0,0,0,0,3,12.0
1196.0,0,0,0,3,12.0
378.0,0,0,0,3,12.0
378.0,0,0,0,4,12.0
504.0,1,1,1,1,13.0
1147.0,0,0,0,3,12.0
287.0,0,0,0,3,12.0
1147.0,0,0,0,2,12.0
534.0,0,0,0,3,12.0
378.0,0,0,0,4,12.0
378.0,0,0,0,3,12.0
378.0,0,0,0,3,12.0
378.0,0,0,0,4,12.0
1122.0,0,0,0,3,12.0
110.0,0,0,0,3,12.0
221.0,0,0,0,2,12.0
662.0,1,0,0,3,12.0
378.0,0,0,0,4,12.0
378.0,0,0,0,3,12.0
1214.0,0,0,0,3,12.0
1122.0,0,0,0,3,12.0
378.0,0,0,0,3,12.0
378.0,0,0,0,4,12.0
378.0,0,0,0,4,12.0
378.0,0,0,0,3,12.0
1122.0,0,0,0,3,12.0
1214.0,0,0,0,4,12.0
931.0,0,0,0,4,12.0
1194.0,0,0,0,4,12.0
1094.0,0,0,0,3,12.0
1214.0,0,0,0,3,12.0
1001.0,0,0,0,2,12.0
925.0,0,0,0,3,12.0
1122.0,0,0,0,4,12.0
662.0,1,0,0,4,12.0
980.0,0,0,0,3,12.0
849.0,0,0,0,3,12.0
720.0,0,0,0,3,12.0
679.0,1,0,0,3,12.0
720.0,0,0,0,4,12.0
849.0,0,0,0,3,12.0
679.0,0,0,0,3,12.0
1022.0,0,0,0,3,12.0
931.0,0,0,0,3,12.0
1194.0,0,0,0,3,12.0
1122.0,0,0,0,3,12.0
378.0,0,0,0,4,12.0
378.0,0,0,0,3,12.0
980.0,0,0,0,3,12.0
849.0,0,0,0,3,12.0
378.0,0,0,0,4,12.0
378.0,0,0,0,3,12.0
1094.0,0,0,0,3,12.0
1214.0,0,0,0,4,12.0
1194.0,0,0,0,3,12.0
110.0,0,0,0,3,12.0
1022.0,0,0,0,3,12.0
931.0,0,0,0,3,12.0
1122.0,0,0,0,3,12.0
662.0,1,0,0,3,12.0
378.0,0,0,0,4,12.0
378.0,0,0,0,3,12.0
849.0,0,0,0,3,12.0
849.0,0,0,0,3,12.0
221.0,0,0,0,3,12.0
110.0,0,0,0,3,12.0
1122.0,0,0,0,3,12.0
662.0,1,0,0,3,12.0
378.0,0,0,0,4,12.0
378.0,0,0,0,3,12.0
441.0,0,0,0,3,12.0
1214.0,0,0,0,4,12.0
110.0,0,0,0,3,12.0
1122.0,0,0,0,3,12.0
378.0,0,0,0,4,12.0
662.0,1,0,0,3,12.0
378.0,0,0,0,3,12.0
679.0,1,0,1,3,12.0
,0,0,0,3,12.0
618.0,0,0,0,3,12.0
1122.0,0,0,0,4,12.0
679.0,0,0,0,3,12.0
1122.0,0,0,0,3,12.0
931.0,0,0,0,3,12.0
1194.0,0,0,0,3,12.0
1022.0,0,0,0,3,12.0
378.0,0,0,0,4,12.0
378.0,0,0,0,3,12.0
1122.0,0,0,0,3,12.0
679.0,1,0,1,3,12.0
287.0,0,0,0,3,12.0
677.0,1,0,0,4,12.0
1194.0,0,0,0,4,12.0
931.0,0,0,0,4,12.0
677.0,1,0,0,3,12.0
679.0,0,0,0,3,12.0
1122.0,0,0,0,3,12.0
1022.0,0,0,0,3,12.0
1194.0,0,0,0,3,12.0
931.0,0,0,0,3,12.0
1122.0,0,0,0,3,12.0
1214.0,0,0,0,2,12.0
1122.0,0,0,0,4,12.0
1094.0,0,0,0,3,12.0
1214.0,0,0,0,3,12.0
822.0,0,0,0,3,12.0
1022.0,0,0,0,3,12.0
1194.0,0,0,0,3,12.0
931.0,0,0,0,3,12.0
662.0,1,0,0,3,12.0
378.0,0,0,0,4,12.0
378.0,0,0,0,4,12.0
1194.0,0,0,0,3,12.0
931.0,0,0,0,3,12.0
1022.0,0,0,0,3,12.0
1063.0,0,0,0,3,12.0
378.0,0,0,0,3,12.0
103.0,0,0,0,3,12.0
849.0,0,0,0,3,12.0
1147.0,0,0,0,3,12.0
221.0,0,0,0,3,12.0
1001.0,0,0,0,2,12.0
1214.0,0,0,0,2,12.0
221.0,0,0,0,4,12.0
110.0,0,0,0,3,12.0
441.0,0,0,0,3,12.0
1214.0,0,0,0,3,12.0
905.0,0,0,0,4,12.0
1022.0,0,0,0,3,12.0
931.0,0,0,0,3,12.0
1194.0,0,0,0,3,12.0
221.0,0,0,0,3,12.0
378.0,0,0,0,4,12.0
662.0,1,0,0,3,12.0
378.0,0,0,0,3,12.0
1074.0,0,0,0,3,12.0
1122.0,0,0,0,3,12.0
378.0,0,0,0,4,12.0
378.0,0,0,0,3,12.0
872.0,0,0,0,3,13.0
834.0,0,1,0,1,13.0
1186.0,0,1,0,1,1.0
1148.0,1,1,1,1,10.0
1220.0,1,0,0,6,10.0
1220.0,1,0,0,9,10.0
1220.0,1,0,0,8,10.0
989.0,1,1,0,1,10.0
679.0,0,0,0,5,12.0
1122.0,0,0,0,4,12.0
1122.0,0,0,0,5,12.0
143.0,0,0,0,8,1.0
184.0,0,0,0,8,13.0
679.0,0,0,0,4,12.0
679.0,0,0,0,4,12.0
679.0,1,0,0,5,12.0
1122.0,0,0,0,4,12.0
1122.0,0,0,0,5,12.0
297.0,0,1,0,1,1.0
797.0,0,0,0,8,1.0
297.0,0,1,0,1,1.0
297.0,0,1,0,1,1.0
496.0,0,1,0,1,1.0
572.0,0,1,0,1,1.0
572.0,0,1,0,1,1.0
572.0,0,1,0,1,1.0
297.0,0,1,0,1,1.0
572.0,0,1,0,1,1.0
496.0,0,1,0,1,1.0
297.0,0,1,0,1,1.0
297.0,0,1,0,1,1.0
572.0,0,1,0,1,1.0
465.0,0,1,0,1,1.0
572.0,0,1,0,1,1.0
297.0,0,1,0,1,1.0
297.0,0,1,0,1,1.0
857.0,0,1,0,1,1.0
572.0,0,0,0,9,1.0
266.0,0,1,0,1,1.0
430.0,0,1,0,1,1.0
572.0,0,1,0,1,1.0
572.0,0,1,0,1,1.0
572.0,0,1,0,1,1.0
465.0,0,1,0,1,1.0
572.0,0,1,0,1,1.0
430.0,0,1,0,1,1.0
1054.0,0,1,0,1,14.0
143.0,0,0,0,8,14.0
647.0,0,1,0,1,14.0
1219.0,0,1,0,1,14.0
674.0,0,1,0,1,14.0
1115.0,0,1,0,1,14.0
674.0,0,1,0,1,14.0
1168.0,0,1,0,1,14.0
442.0,0,1,0,1,14.0
674.0,0,1,0,1,14.0
1054.0,0,1,0,1,14.0
1075.0,0,1,0,1,14.0
1115.0,0,1,0,1,14.0
1219.0,0,1,0,1,14.0
801.0,0,1,0,1,14.0
1168.0,0,1,0,1,14.0
647.0,0,1,0,1,14.0
1146.0,0,1,0,1,14.0
298.0,0,1,0,1,14.0
456.0,0,0,0,8,14.0
1054.0,0,1,0,1,14.0
647.0,0,1,0,1,14.0
1219.0,0,1,0,1,14.0
209.0,0,1,0,1,14.0
1013.0,0,1,0,1,14.0
958.0,0,1,0,1,14.0
138.0,0,1,0,1,14.0
674.0,0,1,0,1,14.0
1168.0,0,1,0,1,14.0
801.0,0,1,0,1,14.0
1054.0,0,1,0,1,14.0
1115.0,0,1,0,1,14.0
1075.0,0,1,0,1,14.0
1219.0,0,1,0,1,14.0
1168.0,0,1,0,1,14.0
647.0,0,1,0,1,14.0
1124.0,0,1,0,1,14.0
674.0,0,1,0,1,14.0
674.0,0,1,0,1,14.0
801.0,0,1,0,1,14.0
608.0,0,1,0,1,14.0
647.0,0,1,0,1,14.0
1054.0,1,1,0,1,14.0
1124.0,0,1,0,1,14.0
1115.0,0,1,0,1,14.0
1219.0,0,1,0,1,14.0
298.0,0,1,0,1,14.0
302.0,0,1,0,1,14.0
442.0,0,1,0,1,14.0
674.0,0,1,0,1,14.0
384.0,1,1,1,1,13.0
384.0,1,1,1,1,13.0
834.0,0,1,0,1,13.0
1148.0,1,1,1,1,13.0
834.0,0,1,0,1,13.0
801.0,0,1,0,1,14.0
245.0,0,1,0,1,14.0
647.0,0,1,0,1,14.0
1075.0,0,1,0,1,14.0
298.0,0,1,0,1,14.0
674.0,0,1,0,1,14.0
1115.0,0,1,0,1,14.0
1219.0,0,1,0,1,14.0
717.0,1,1,0,1,14.0
1146.0,0,1,0,1,14.0
1054.0,0,1,0,1,14.0
298.0,0,1,0,1,14.0
1075.0,0,1,0,1,14.0
958.0,0,1,0,1,14.0
138.0,0,1,0,1,14.0
674.0,0,1,0,1,14.0
1115.0,0,1,0,1,14.0
209.0,0,1,0,1,14.0
647.0,0,1,0,1,14.0
1124.0,0,1,0,1,14.0
717.0,0,1,0,1,14.0
1054.0,0,1,0,1,14.0
717.0,1,1,1,1,14.0
674.0,1,1,0,1,14.0
647.0,0,1,0,1,14.0
831.0,1,1,0,1,14.0
1054.0,0,1,0,1,14.0
747.0,0,1,0,1,14.0
324.0,0,1,0,1,14.0
368.0,0,1,0,1,14.0
831.0,0,1,0,1,14.0
302.0,0,1,0,1,14.0
674.0,0,1,0,1,14.0
647.0,0,1,0,1,14.0
717.0,1,1,0,1,14.0
298.0,0,1,0,1,14.0
1054.0,0,1,0,1,14.0
674.0,0,1,0,1,14.0
717.0,0,1,0,1,14.0
674.0,0,1,0,1,14.0
801.0,0,1,0,1,14.0
1115.0,0,1,0,1,14.0
1075.0,0,1,0,1,14.0
1219.0,0,1,0,1,14.0
647.0,0,1,0,1,14.0
1168.0,0,1,0,1,14.0
1054.0,0,1,0,1,14.0
674.0,0,1,0,1,14.0
1146.0,0,1,0,1,14.0
674.0,0,1,0,1,14.0
286.0,0,1,0,1,13.0
1220.0,1,0,0,8,13.0
218.0,0,0,0,9,13.0
1148.0,1,1,0,1,13.0
1105.0,0,1,0,1,13.0
115.0,0,1,0,1,13.0
647.0,0,1,0,1,13.0
1138.0,0,1,0,1,13.0
886.0,0,1,0,1,13.0
1148.0,1,1,1,1,13.0
209.0,0,0,0,8,13.0
1220.0,1,0,0,8,13.0
209.0,0,0,0,8,13.0
1036.0,0,1,0,1,13.0
286.0,0,1,0,1,13.0
76.0,0,1,0,1,13.0
384.0,1,1,1,1,13.0
801.0,0,1,0,1,
797.0,0,0,0,8,
143.0,0,0,0,8,
647.0,0,1,0,1,
1219.0,0,1,0,1,
1054.0,0,1,0,1,
209.0,0,1,0,1,
674.0,1,1,0,1,
674.0,0,1,0,1,
1168.0,0,1,0,1,
674.0,0,1,0,1,
1168.0,0,1,0,1,14.0
144.0,0,0,0,8,14.0
1219.0,0,1,0,1,14.0
674.0,0,1,0,1,14.0
209.0,0,1,0,1,14.0
647.0,0,1,0,1,14.0
302.0,0,1,0,1,14.0
143.0,0,0,0,8,14.0
747.0,0,0,0,8,14.0
1168.0,0,0,0,8,14.0
797.0,0,0,0,8,14.0
647.0,0,1,0,1,14.0
1124.0,0,1,0,1,14.0
368.0,0,1,0,1,14.0
747.0,0,1,0,1,14.0
145.0,0,1,0,1,14.0
674.0,1,1,0,1,14.0
801.0,0,1,0,1,14.0
797.0,0,0,0,8,14.0
1120.0,0,0,0,8,14.0
1219.0,0,1,0,1,14.0
1124.0,0,1,0,1,14.0
1013.0,0,1,0,1,14.0
674.0,1,1,0,1,14.0
324.0,0,1,0,1,14.0
209.0,0,1,0,1,14.0
144.0,0,1,0,1,14.0
647.0,0,1,0,1,14.0
1186.0,0,1,0,1,
439.0,0,0,0,3,10.0
116.0,0,0,0,3,10.0
1186.0,0,1,0,1,1.0
1138.0,0,1,0,1,1.0
998.0,0,0,0,8,1.0
1148.0,1,1,1,1,13.0
834.0,0,1,0,1,13.0
297.0,0,1,0,1,14.0
1220.0,1,0,0,6,14.0
81.0,0,0,0,8,14.0
295.0,0,0,0,8,14.0
795.0,0,1,0,1,14.0
435.0,0,1,0,1,14.0
445.0,0,1,0,1,14.0
295.0,0,1,0,1,14.0
736.0,0,1,0,1,14.0
354.0,0,1,0,1,14.0
602.0,0,1,0,1,14.0
1148.0,1,1,1,1,13.0
1220.0,1,0,0,9,13.0
1130.0,0,1,0,1,13.0
989.0,1,1,0,1,13.0
1013.0,0,1,0,1,13.0
1024.0,0,1,0,1,13.0
384.0,1,1,1,1,13.0
144.0,0,1,0,1,14.0
1124.0,0,1,0,1,14.0
1115.0,0,1,0,1,14.0
298.0,0,1,0,1,14.0
551.0,0,1,0,1,14.0
1168.0,0,1,0,1,14.0
348.0,0,1,0,1,14.0
1075.0,0,1,0,1,14.0
144.0,0,1,0,1,14.0
144.0,0,0,0,9,14.0
1168.0,0,0,0,8,14.0
298.0,0,0,0,8,14.0
209.0,0,0,0,8,14.0
801.0,0,0,0,8,14.0
1115.0,0,1,0,1,14.0
1219.0,0,1,0,1,14.0
266.0,1,1,0,1,14.0
209.0,0,1,0,1,14.0
1168.0,0,1,0,1,14.0
1151.0,0,1,0,1,14.0
1010.0,0,0,0,8,14.0
26.0,0,1,0,1,14.0
148.0,0,1,0,1,14.0
1013.0,0,1,0,1,14.0
1168.0,0,1,0,1,14.0
144.0,0,1,0,1,14.0
1003.0,0,0,0,7,14.0
171.0,0,0,0,7,14.0
1168.0,0,1,0,1,14.0
1219.0,0,1,0,1,14.0
209.0,0,1,0,1,14.0
1075.0,0,1,0,1,14.0
348.0,0,1,0,1,14.0
857.0,0,1,0,1,13.0
270.0,0,1,0,1,1.0
270.0,0,1,0,1,1.0
270.0,0,1,0,1,1.0
270.0,0,1,0,1,1.0
740.0,0,0,0,8,13.0
404.0,1,1,1,1,14.0
1220.0,1,0,0,6,14.0
927.0,1,1,0,1,14.0
1029.0,1,1,0,1,14.0
404.0,0,1,0,1,14.0
581.0,1,1,0,1,14.0
324.0,0,1,0,1,14.0
1184.0,1,1,0,1,14.0
1086.0,0,1,0,1,14.0
48.0,0,1,0,1,14.0
878.0,0,1,0,1,14.0
311.0,0,1,0,1,13.0
384.0,1,1,1,1,13.0
897.0,0,1,0,1,13.0
572.0,0,1,0,1,
572.0,0,1,0,1,
572.0,0,1,0,1,13.0
572.0,0,1,0,1,13.0
572.0,0,1,0,1,13.0
572.0,0,1,0,1,13.0
465.0,0,1,0,1,13.0
797.0,0,1,0,1,1.0
45.0,0,1,0,1,1.0
45.0,0,1,0,1,1.0
714.0,0,1,0,1,1.0
266.0,0,1,0,1,1.0
1128.0,0,1,0,1,1.0
164.0,0,1,0,1,1.0
411.0,0,1,0,1,1.0
714.0,0,1,0,1,1.0
164.0,0,1,0,1,1.0
411.0,0,1,0,1,1.0
1024.0,0,1,0,1,13.0
980.0,0,0,0,5,12.0
925.0,0,0,0,5,12.0
1122.0,0,0,0,5,12.0
1122.0,0,0,0,4,12.0
678.0,1,0,0,5,12.0
378.0,0,0,0,4,12.0
378.0,0,0,0,5,12.0
1122.0,0,0,0,5,12.0
1122.0,0,0,0,4,12.0
378.0,0,0,0,4,12.0
378.0,0,0,0,5,12.0
1122.0,0,0,0,5,12.0
1122.0,0,0,0,4,12.0
678.0,1,0,0,5,12.0
678.0,0,0,0,5,12.0
378.0,0,0,0,4,12.0
378.0,0,0,0,5,12.0
1122.0,0,0,0,5,12.0
1122.0,0,0,0,4,12.0
679.0,0,0,0,5,12.0
679.0,0,0,0,5,12.0
1122.0,0,0,0,5,12.0
1122.0,0,0,0,4,12.0
1122.0,0,0,0,5,12.0
1122.0,0,0,0,4,12.0
378.0,0,0,0,5,12.0
378.0,0,0,0,4,12.0
679.0,0,0,0,5,12.0
679.0,1,0,0,5,12.0
1122.0,0,0,0,5,12.0
1122.0,0,0,0,5,12.0
1186.0,0,1,0,1,13.0
998.0,0,0,0,8,13.0
572.0,0,1,0,1,13.0
857.0,0,1,0,1,13.0
857.0,0,1,0,1,13.0
572.0,0,0,0,9,13.0
857.0,0,1,0,1,13.0
572.0,0,1,0,1,13.0
857.0,0,1,0,1,13.0
572.0,0,1,0,1,13.0
831.0,0,1,0,1,14.0
1220.0,1,0,0,6,14.0
144.0,0,0,0,8,14.0
93.0,0,1,0,1,14.0
64.0,0,1,0,1,14.0
144.0,0,1,0,1,14.0
795.0,0,1,0,1,14.0
918.0,0,1,0,1,14.0
48.0,0,1,0,1,14.0
304.0,0,1,0,1,14.0
894.0,0,1,0,1,14.0
572.0,0,1,0,1,13.0
1109.0,0,1,0,1,13.0
572.0,0,0,0,9,13.0
740.0,0,0,0,8,13.0
572.0,0,1,0,1,13.0
286.0,0,1,0,1,13.0
903.0,0,1,0,1,13.0
872.0,0,0,0,3,14.0
788.0,1,0,0,3,14.0
914.0,0,0,0,3,14.0
1003.0,0,0,0,3,14.0
1065.0,0,0,0,3,14.0
291.0,0,0,0,3,14.0
148.0,0,1,0,1,10.0
1186.0,0,1,0,1,10.0
1186.0,0,1,0,1,
1186.0,0,1,0,1,1.0
65.0,0,1,0,1,13.0
506.0,0,1,0,1,13.0
41.0,0,1,0,1,13.0
1203.0,0,1,0,1,13.0
310.0,0,1,0,1,13.0
613.0,0,1,0,1,13.0
386.0,0,1,0,1,13.0
552.0,0,1,0,1,13.0
204.0,0,1,0,1,13.0
406.0,0,1,0,1,13.0
411.0,0,1,0,1,13.0
384.0,1,1,1,1,13.0
384.0,1,1,0,1,13.0
384.0,1,1,0,1,13.0
827.0,0,1,0,1,14.0
1057.0,0,1,0,1,14.0
1057.0,0,1,0,1,14.0
1057.0,0,1,0,1,14.0
1186.0,0,1,0,1,13.0
1186.0,0,1,0,1,13.0
998.0,0,0,0,8,13.0
1186.0,0,1,0,1,13.0
64.0,0,1,0,1,13.0
998.0,0,0,0,8,13.0
1186.0,0,1,0,1,13.0
1186.0,0,1,0,1,13.0
998.0,0,0,0,8,13.0
827.0,0,1,0,1,14.0
185.0,0,1,0,1,14.0
504.0,1,1,1,1,13.0
337.0,0,0,0,3,13.0
545.0,0,0,0,3,13.0
957.0,1,0,0,3,13.0
1047.0,0,0,0,3,13.0
384.0,1,0,0,3,13.0
23.0,0,0,0,3,13.0
138.0,0,1,0,1,14.0
143.0,0,0,0,8,14.0
138.0,0,1,0,1,14.0
138.0,0,1,0,1,14.0
138.0,0,1,0,1,14.0
143.0,0,0,0,8,14.0
138.0,0,1,0,1,14.0
138.0,0,1,0,1,14.0
138.0,0,0,0,9,14.0
138.0,0,1,0,1,14.0
138.0,0,1,0,1,14.0
138.0,0,1,0,1,14.0
138.0,0,1,0,1,14.0
138.0,0,1,0,1,14.0
138.0,0,1,0,1,14.0
138.0,0,1,0,1,14.0
138.0,0,0,0,9,14.0
138.0,0,1,0,1,14.0
138.0,1,1,0,1,14.0
857.0,0,1,0,1,14.0
857.0,0,1,0,1,14.0
857.0,0,1,0,1,14.0
857.0,0,1,0,1,14.0
857.0,0,1,0,1,14.0
857.0,0,1,0,1,14.0
857.0,0,1,0,1,14.0
857.0,0,1,0,1,14.0
857.0,0,1,0,1,14.0
857.0,0,1,0,1,14.0
948.0,1,1,1,1,13.0
1148.0,1,1,1,1,13.0
834.0,0,1,0,1,13.0
1148.0,1,1,1,1,13.0
834.0,0,1,0,1,13.0
465.0,0,1,0,1,1.0
1087.0,0,1,0,1,1.0
918.0,0,1,0,1,1.0
144.0,0,1,0,1,1.0
302.0,0,1,0,1,1.0
1024.0,0,1,0,1,1.0
430.0,0,1,0,1,1.0
430.0,0,1,0,1,1.0
572.0,0,1,0,1,1.0
430.0,0,1,0,1,1.0
1070.0,0,1,0,1,14.0
148.0,0,1,0,1,14.0
148.0,0,1,0,1,14.0
1070.0,0,1,0,1,14.0
148.0,0,1,0,1,14.0
1054.0,0,1,0,1,14.0
354.0,0,1,0,1,14.0
1168.0,0,1,0,1,14.0
1070.0,0,1,0,1,14.0
148.0,0,1,0,1,14.0
1168.0,0,1,0,1,14.0
1024.0,0,1,0,1,14.0
1070.0,0,1,0,1,14.0
1186.0,0,1,0,1,1.0
1186.0,0,1,0,1,
1186.0,0,1,0,1,1.0
1186.0,0,1,0,1,
801.0,0,1,0,1,1.0
801.0,0,1,0,1,1.0
682.0,0,1,0,1,1.0
801.0,0,1,0,1,1.0
797.0,0,1,0,1,1.0
797.0,0,1,0,1,1.0
857.0,0,1,0,1,1.0
857.0,0,1,0,1,1.0
857.0,0,1,0,1,1.0
45.0,0,1,0,1,1.0
629.0,0,1,0,1,1.0
801.0,0,1,0,1,14.0
442.0,0,1,0,1,14.0
847.0,1,1,1,1,1.0
65.0,0,1,0,1,1.0
936.0,1,1,1,1,13.0
797.0,0,0,0,8,1.0
430.0,0,1,0,1,1.0
430.0,0,1,0,1,1.0
430.0,0,1,0,1,1.0
1186.0,0,1,0,1,13.0
1186.0,0,1,0,1,13.0
1186.0,0,1,0,1,13.0
1186.0,0,1,0,1,13.0
1186.0,0,1,0,1,13.0
998.0,0,0,0,8,13.0
797.0,0,1,0,1,1.0
496.0,0,1,0,1,1.0
797.0,0,1,0,1,1.0
557.0,0,1,0,1,14.0
557.0,1,1,0,1,14.0
496.0,0,1,0,1,1.0
496.0,0,1,0,1,1.0
286.0,0,1,0,1,1.0
496.0,0,1,0,1,1.0
286.0,0,1,0,1,1.0
797.0,0,0,0,8,14.0
801.0,0,1,0,1,14.0
668.0,0,0,0,8,14.0
850.0,0,0,0,8,14.0
742.0,0,0,0,8,14.0
1168.0,0,1,0,1,14.0
747.0,0,1,0,1,14.0
368.0,0,1,0,1,14.0
1115.0,0,1,0,1,14.0
145.0,0,1,0,1,14.0
710.0,0,1,0,1,14.0
878.0,0,1,0,1,14.0
270.0,0,1,0,1,1.0
857.0,0,1,0,1,1.0
857.0,0,1,0,1,1.0
797.0,0,1,0,1,14.0
144.0,0,1,0,1,14.0
266.0,1,1,0,1,14.0
1209.0,0,1,0,1,14.0
1072.0,0,1,0,1,14.0
674.0,1,1,0,1,14.0
302.0,0,1,0,1,14.0
577.0,0,1,0,1,14.0
318.0,0,1,0,1,14.0
1054.0,0,1,0,1,14.0
824.0,0,1,0,1,14.0
551.0,0,1,0,1,14.0
551.0,0,1,0,1,14.0
465.0,0,1,0,1,1.0
801.0,0,1,0,1,1.0
707.0,0,1,0,1,1.0
707.0,0,1,0,1,1.0
707.0,0,1,0,1,1.0
707.0,0,1,0,1,1.0
1148.0,1,1,1,1,1.0
454.0,0,1,0,1,1.0
797.0,0,1,0,1,1.0
797.0,0,1,0,1,1.0
797.0,0,1,0,1,1.0
797.0,0,1,0,1,1.0
797.0,0,1,0,1,1.0
270.0,0,1,0,1,1.0
998.0,0,0,0,8,
1148.0,1,1,1,1,14.0
1220.0,1,0,0,9,14.0
1220.0,1,0,0,8,14.0
71.0,0,1,0,1,14.0
1145.0,0,1,0,1,14.0
1089.0,0,1,0,1,14.0
1063.0,0,1,0,1,14.0
1063.0,0,1,0,1,14.0
1148.0,1,1,1,1,14.0
1220.0,1,0,0,8,14.0
1145.0,0,1,0,1,14.0
71.0,0,1,0,1,14.0
1089.0,0,1,0,1,14.0
1063.0,0,1,0,1,14.0
1063.0,0,0,0,8,14.0
1063.0,0,1,0,1,14.0
1148.0,1,1,1,1,14.0
1220.0,1,0,0,6,14.0
1220.0,1,0,0,9,14.0
1220.0,1,0,0,8,14.0
71.0,0,1,0,1,14.0
1145.0,0,1,0,1,14.0
1089.0,0,1,0,1,14.0
1063.0,0,1,0,1,14.0
1148.0,1,1,1,1,14.0
1220.0,1,0,0,8,14.0
1089.0,0,1,0,1,14.0
71.0,0,1,0,1,14.0
1148.0,1,1,1,1,14.0
1220.0,1,0,0,8,14.0
1145.0,0,1,0,1,14.0
71.0,0,1,0,1,14.0
1089.0,0,1,0,1,14.0
1063.0,0,1,0,1,14.0
1063.0,0,1,0,1,14.0
71.0,0,1,0,1,14.0
1220.0,1,0,0,8,14.0
1148.0,1,1,0,1,14.0
1145.0,0,1,0,1,14.0
1089.0,0,1,0,1,14.0
1063.0,0,1,0,1,14.0
1063.0,0,1,0,1,14.0
1063.0,0,0,0,8,14.0
848.0,0,1,0,1,13.0
946.0,0,1,0,1,13.0
1186.0,0,1,0,1,13.0
1186.0,0,1,0,1,13.0
1186.0,0,1,0,1,13.0
1186.0,0,1,0,1,13.0
1186.0,0,1,0,1,13.0
1186.0,0,1,0,1,13.0
1186.0,0,1,0,1,13.0
270.0,0,1,0,1,1.0
465.0,0,1,0,1,1.0
801.0,0,1,0,1,1.0
1138.0,0,1,0,1,1.0
801.0,0,1,0,1,1.0
465.0,0,1,0,1,1.0
1186.0,0,1,0,1,1.0
1186.0,0,1,0,1,1.0
266.0,0,1,0,1,1.0
1186.0,0,1,0,1,1.0
1186.0,0,1,0,1,1.0
1186.0,0,1,0,1,1.0
1186.0,0,1,0,1,1.0
465.0,0,1,0,1,1.0
133.0,0,1,0,1,1.0
1024.0,0,1,0,1,1.0
295.0,0,1,0,1,1.0
801.0,0,1,0,1,1.0
797.0,0,1,0,1,1.0
270.0,0,1,0,1,1.0
295.0,0,1,0,1,1.0
337.0,0,0,0,3,13.0
890.0,0,0,0,3,13.0
872.0,0,0,0,3,13.0
700.0,0,0,0,3,13.0
801.0,0,1,0,1,1.0
801.0,0,1,0,1,1.0
