rating_rank,seller_score,seller_id,seller_type_id,total_rating_count,selling_count,stable_positive_pct,review_weight,catalog_weight,is_fba
1,11246.0,202,2,270030,85316,0.792,12.50629204620461,11.354129010223076,1
2,10838.0,495,2,717696,4073,0.9670000000000001,13.48380275338992,8.31238059678675,0
3,10438.0,41,2,23896,40901,0.975,10.081508207028378,10.618934240590841,1
4,10319.0,71,2,582104,5125,0.91,13.274406122812355,8.542080906924017,0
5,10166.0,1203,2,86085,10224,0.9689999999999999,11.363102075568728,9.232590980911002,1
6,9684.0,1063,2,115017,6071,0.9540000000000001,11.652843916836268,8.711443319075466,1
7,9194.0,200,2,241958,2011,0.975,12.396523569297779,7.60688453121963,1
8,8270.0,28,2,356452,1982,0.852,12.783957672838033,7.592366128519796,1
9,8067.0,1195,2,117174,2298,0.893,11.671423822790906,7.740229524763182,1
10,7937.0,515,2,21210,4425,0.9490000000000001,9.962275194019217,8.395251520610994,1
11,7917.0,744,2,27654,2336,0.998,10.227561822428779,7.756623334538858,1
12,7762.0,552,2,187301,13546,0.672,12.140477566431764,9.513920399580737,0
13,7385.0,386,2,25758,20885,0.7310000000000001,10.156539359589003,9.946834357039494,1
14,7359.0,1055,2,18550,76255,0.666,9.828278974938373,11.241851379898469,0
15,7239.0,688,2,25824,2817,0.8969999999999999,10.159098293987839,7.943782692458625,1
16,7224.0,310,2,298473,8538,0.633,12.606438105843624,9.052399183907607,1
17,7082.0,286,2,8932,5875,0.897,9.09750756370184,8.678631537293768,0
18,6922.0,968,2,88619,12899,0.6419999999999999,11.39211284475348,9.464982590349763,0
19,6789.0,414,2,9941,1693,0.992,9.204523486654617,7.434847875211999,1
20,6630.0,1089,2,145164,954,0.813,11.88562630548442,6.86171134048073,0
21,6542.0,266,2,4425,8990,0.8560000000000001,8.395251520610994,9.103979355984773,1
22,6502.0,813,2,22061,2497,0.831,10.001611950529327,7.823245690685523,0
23,6483.0,406,2,134809,35420,0.524,11.81162165868511,10.47506014357522,1
24,6482.0,613,2,504903,1749,0.6609999999999999,13.132123591176489,7.4673710669175595,0
25,6422.0,1133,2,92358,847,0.833,11.433438436211896,6.742880635791903,0
26,6416.0,801,2,13831,2690,0.852,9.534740027363126,7.897668150726906,1
27,6393.0,204,2,113955,1904,0.727,11.643567687960724,7.552237287560802,1
28,6268.0,557,2,8054,2083,0.9119999999999999,8.994048295611075,7.642044402873258,1
29,6136.0,857,2,13284,1065,0.927,9.494390858193913,6.97166860472579,1
30,6048.0,887,2,6382,10061,0.7490000000000001,8.761393485256058,9.216521231051264,0
31,6029.0,1121,2,4600,1367,0.99,8.434028950155469,7.221105098182496,0
32,5991.0,1208,2,3384,3072,0.9179999999999999,8.127109185346375,8.030409562130485,1
33,5978.0,432,2,4774,2215,0.9159999999999999,8.471149252914831,7.703459047867175,1
34,5945.0,881,2,3873,1465,0.987,8.262042843966942,7.290292882446597,1
35,5921.0,572,2,17422,1797,0.809,9.765546451422905,7.494430215031565,1
36,5887.0,637,2,13866,1245,0.866,9.537267195753865,7.1276936993473985,1
37,5875.0,827,2,3036,7353,0.823,8.01862546504575,8.902999661861218,1
38,5852.0,496,2,31654,710,0.86,10.362651392978227,6.566672429803241,1
39,5850.0,431,2,47183,2997,0.679,10.761810131055057,8.005700678662542,1
40,5834.0,484,2,7384,2646,0.8310000000000001,8.90720619496548,7.881182202227102,1
41,5742.0,1122,2,6234,3931,0.794,8.737933858114136,8.276903481267057,0
42,5687.0,229,2,2325,6139,0.841,7.75190533307861,8.722580021141189,1
43,5656.0,344,2,18785,1007,0.831,9.84086719055446,6.915723448631314,1
44,5628.0,989,2,1599,2085,0.998,7.3777589082278725,7.643003635560718,1
45,5625.0,49,2,3721,935,1.0,8.222016437202196,6.841615476477592,0
46,5586.0,966,2,16647,7101,0.648,9.720045368073471,8.868131713503033,0
47,5537.0,184,2,605,16656,0.889,6.406879986069314,9.720585827477107,1
48,5520.0,1141,2,14255,460,0.941,9.56493314971059,6.133398042996649,1
49,5507.0,790,2,2391,2367,0.9109999999999999,7.779885115070522,7.769800996003896,1
50,5476.0,534,2,12977,1215,0.8140000000000001,9.471010895181113,7.103322062526113,1
51,5429.0,250,2,582097,97,0.892,13.274394097418158,4.584967478670572,0
52,5304.0,872,2,7838,1854,0.7859999999999999,8.966866554188723,7.5256399750415355,1
53,5273.0,384,2,15983,416,0.9030000000000001,9.679343500888335,6.0330862217988015,1
54,5263.0,322,2,9350,629,0.893,9.143238568435446,6.4457198193855785,1
55,5228.0,157,2,8596,320,1.0,9.059168584174444,5.771441123130016,1
56,5200.0,526,2,11512,262,0.998,9.351232110673664,5.572154032177765,1
57,5191.0,1008,2,22385,434,0.853,10.016191042449213,6.075346031088684,1
58,5109.0,791,2,7490,511,0.9179999999999999,8.921457578947884,6.238324625039508,0
59,5060.0,693,2,43019,141,0.9570000000000001,10.669420402821721,4.955827057601261,1
60,5043.0,1179,2,10236,1372,0.7559999999999999,9.233763886919771,7.224753405767971,1
61,5031.0,527,2,4036,665,0.932,8.30325712085294,6.501289670540389,1
62,5004.0,174,2,6307,318,0.992,8.74957394808293,5.765191102784844,1
63,4997.0,713,2,7458,519,0.8959999999999999,8.917176635955164,6.253828811575473,0
64,4996.0,448,2,56714,476,0.74,10.945794004993143,6.1675164908883415,0
65,4978.0,442,2,5983,1454,0.786,8.696844519654313,7.282761179605593,1
66,4957.0,842,2,5560,817,0.8569999999999999,8.623533227187563,6.706862336602747,1
67,4954.0,264,2,21212,214,0.9259999999999999,9.96236948027235,5.3706380281276624,1
68,4813.0,700,2,8729,283,0.9390000000000001,9.074520648833648,5.648974238161206,0
69,4760.0,1070,2,10936,1246,0.718,9.299906815335225,7.1284959456800365,1
70,4759.0,1168,2,1016,1142,0.976,6.92461239604856,7.04141166379481,1
71,4735.0,372,2,9403,298,0.9080000000000001,9.14889040965996,5.700443573390687,1
72,4683.0,295,2,7717,495,0.8430000000000001,8.951310542097564,6.206575926724928,0
73,4666.0,1194,2,2751,826,0.877,7.920083199053234,6.717804695023691,1
74,4665.0,435,2,2766,405,0.98,7.925518979786926,6.0063531596017325,1
75,4614.0,930,2,97474,117,0.8419999999999999,11.487351213850799,4.770684624465665,1
76,4603.0,972,2,1288,733,0.9740000000000001,7.161622002939187,6.598509028614515,1
77,4590.0,955,2,1568,992,0.9039999999999999,7.358193752733032,6.900730664045173,1
78,4550.0,507,2,5514,417,0.875,8.615226931687603,6.035481432524756,1
79,4547.0,486,2,5889,247,0.95,8.681011276645632,5.5134287461649825,1
80,4523.0,138,2,1902,505,0.9620000000000001,7.551186867296149,6.226536669287466,1
81,4508.0,167,2,7465,164,0.99,8.91811465947453,5.10594547390058,1
82,4480.0,710,2,12022,926,0.698,9.394576760974909,6.831953565565855,1
83,4468.0,419,2,20339,113,0.951,9.920344669602551,4.736198448394496,1
84,4465.0,1003,2,225,3777,1.0,5.420534999272286,8.236950048061455,0
85,4441.0,766,2,7889,339,0.8490000000000001,8.97335141383992,5.8289456176102075,0
86,4435.0,1137,2,30509,224,0.7929999999999999,10.325809777710715,5.41610040220442,1
87,4410.0,836,2,96394,331,0.662,11.47620961203357,5.805134968916488,0
88,4396.0,116,2,1579,916,0.875,7.365180126021013,6.821107472256465,1
89,4394.0,898,2,8817,134,0.986,9.084550365917883,4.90527477843843,1
90,4331.0,639,2,5116,160,0.998,8.540323608805092,5.081404364984463,1
91,4270.0,411,2,426,1152,1.0,6.056784013228625,7.050122520269059,1
92,4236.0,741,2,74294,112,0.799,11.215798933690447,4.727387818712341,1
93,4184.0,279,2,9831,246,0.8260000000000001,9.19339765124587,5.5093883366279774,1
94,4142.0,862,2,5777,147,0.9570000000000001,8.661812881026181,4.997212273764115,0
95,4141.0,858,2,12221,137,0.8930000000000001,9.410992885454862,4.927253685157205,1
96,4107.0,1180,2,2207,220,0.988,7.699842407396986,5.3981627015177525,1
97,4071.0,1131,2,76396,6410,0.413,11.243698707367935,8.765770543987257,0
98,4066.0,1219,2,1872,275,0.96,7.5352967024440884,5.62040086571715,1
99,4043.0,46,2,9243,169,0.862,9.131729971394272,5.135798437050262,1
100,4034.0,70,2,2467,174,1.0,7.811163385025279,5.1647859739235145,0
101,4022.0,282,2,9704,218,0.8130000000000002,9.18039649560311,5.389071729816501,1
102,4018.0,337,2,1318,753,0.8439999999999999,7.1846291527173145,6.625392368007956,1
103,4015.0,797,2,2330,950,0.755,7.754052639035757,6.85751406254539,1
104,4004.0,998,2,1804,5580,0.619,7.498315870766981,8.627123250788433,1
105,3999.0,561,2,4530,911,0.6970000000000001,8.418697944667139,6.815639990074331,1
106,3998.0,144,2,3385,1138,0.6990000000000001,8.12740456269308,7.037905963447182,1
107,3991.0,1022,2,873,1342,0.8180000000000001,6.773080375655535,7.202661196523238,1
108,3976.0,110,2,2712,528,0.802,7.905810312658931,6.270988431858299,1
109,3954.0,142,2,3972,117,1.0,8.287276755814599,4.770684624465665,1
110,3948.0,95,2,5031,140,0.936,8.523572798380277,4.948759890378168,1
111,3940.0,777,2,4512,107,1.0,8.414717399827001,4.68213122712422,1
112,3939.0,545,2,3969,190,0.905,8.286521373681236,5.25227342804663,1
113,3933.0,698,2,351,1710,0.9009999999999999,5.863631175598097,7.444833273892193,1
114,3912.0,980,2,874,427,0.9530000000000001,6.774223886357614,6.059123195581797,0
115,3895.0,316,2,8472,701,0.6569999999999999,9.044639916198465,6.553933404025811,1
116,3885.0,914,2,13961,946,0.594,9.544094632530348,6.853299093186078,1
117,3878.0,78,2,752,1098,0.8360000000000001,6.6240652277998935,7.002155954403621,0
118,3876.0,191,2,8677,75,0.987,9.068546366358296,4.330733340286331,1
119,3864.0,849,2,1858,225,0.9470000000000001,7.527793987721444,5.420534999272286,1
120,3861.0,786,2,3455,279,0.8410000000000001,8.147867129923947,5.634789603169249,0
121,3859.0,236,2,2548,208,0.9209999999999999,7.8434564043761155,5.342334251964811,1
122,3858.0,189,2,279,1113,0.976,5.634789603169249,7.01571242048723,0
123,3853.0,86,2,18763,131,0.802,9.839695419448349,4.882801922586371,1
124,3847.0,31,2,2284,335,0.855,7.734121303328305,5.817111159963204,1
125,3835.0,478,2,7554,95,0.941,8.92996487470684,4.564348191467836,1
126,3826.0,737,2,6167,157,0.866,8.727129915243166,5.062595033026967,1
127,3815.0,784,2,6305,182,0.8370000000000001,8.749256840105007,5.209486152841421,1
128,3814.0,920,2,9390,899,0.613,9.147507062804614,6.802394763324311,1
129,3770.0,1041,2,1186,458,0.8690000000000001,7.079184394609668,6.129050210060545,0
130,3767.0,977,2,144,2092,0.99,4.976733742420574,7.646353722445999,1
131,3748.0,137,2,6219,72,1.0,8.735525185733225,4.290459441148391,1
132,3742.0,1094,2,2867,330,0.81,7.961370201719511,5.802118375377063,1
133,3740.0,143,2,11337,838,0.595,9.33591519488425,6.732210706467206,1
134,3731.0,943,2,3731,573,0.7140000000000001,8.224699561967235,6.352629396319567,0
135,3718.0,400,2,2578,7315,0.532,7.8551570058813445,8.897819009510757,0
136,3705.0,113,2,949,231,0.992,6.856461984594587,5.44673737166631,1
137,3694.0,1123,2,4397,193,0.8360000000000001,8.388905171114706,5.267858159063328,1
138,3687.0,1145,2,2605,325,0.81,7.8655717576847906,5.786897381366708,1
139,3684.0,1105,2,1787,240,0.8969999999999999,7.488852955733459,5.484796933490655,1
140,3678.0,1211,2,467,553,0.9470000000000001,6.148468295917647,6.317164686747284,0
141,3676.0,753,2,449,469,0.978,6.1092475827643655,6.152732694704104,1
142,3675.0,772,2,1679,140,1.0,7.426549072397305,4.948759890378168,0
143,3674.0,1051,2,318,1466,0.8740000000000001,5.765191102784844,7.2909747781429814,0
144,3661.0,1213,2,994,288,0.936,6.902742737158593,5.666426688112432,1
145,3651.0,708,2,1029,192,1.0,6.937314081223682,5.262690188904886,1
146,3649.0,581,2,2096,160,0.9390000000000001,7.64826303090192,5.081404364984463,1
147,3640.0,843,2,4671,217,0.8,8.449342524508063,5.384495062789089,1
148,3635.0,1054,2,1137,209,0.966,7.037027614686276,5.3471075307174685,1
149,3632.0,404,2,2149,148,0.946,7.673223121121708,5.003946305945459,1
150,3632.0,678,2,5545,184,0.807,8.620832226175724,5.220355825078324,1
151,3627.0,25,2,7233,68,0.9640000000000001,8.886547412512042,4.23410650459726,1
152,3614.0,135,2,9612,117,0.8260000000000001,9.170871628065816,4.770684624465665,0
153,3609.0,209,2,7338,850,0.601,8.900957872545062,6.7464121285733745,1
154,3604.0,347,2,1558,224,0.905,7.351799869057777,5.41610040220442,1
155,3585.0,931,2,1008,830,0.7709999999999999,6.9167150203536085,6.7226297948554485,1
156,3582.0,631,2,8562,1031,0.57,9.055205875026193,6.939253946041508,1
157,3549.0,511,2,1399,140,0.99,7.24422751560335,4.948759890378168,1
158,3541.0,532,2,5517,73,0.955,8.615770754777232,4.30406509320417,1
159,3528.0,679,2,9181,200,0.7290000000000001,9.125000324809168,5.303304908059076,1
160,3513.0,618,2,697,250,0.9710000000000001,6.548219102762372,5.5254529391317835,1
161,3509.0,884,2,1102,760,0.755,7.005789019253503,6.634633357861686,1
162,3505.0,765,2,2495,94,0.9840000000000001,7.822444729489319,4.553876891600541,0
163,3502.0,1013,2,727,439,0.873,6.590301048196686,6.0867747269123065,1
164,3485.0,1074,2,3819,152,0.84,8.24800570160062,5.030437921392435,1
165,3479.0,265,2,921,255,0.9189999999999999,6.826545223556594,5.545177444479562,0
166,3467.0,855,2,4665,114,0.865,8.448057452581375,4.74493212836325,1
167,3458.0,18,2,5575,622,0.623,8.62622695244036,6.434546518787453,1
168,3450.0,117,2,4265,199,0.779,8.358431899031295,5.298317366548036,1
169,3449.0,1196,2,1400,565,0.7510000000000001,7.244941546337007,6.338594078203183,1
170,3443.0,1017,2,4210,192,0.7839999999999999,8.345455428161928,5.262690188904886,1
171,3439.0,942,2,510,11835,0.588,6.236369590203704,9.3789010135201,0
172,3432.0,1078,2,3225,69,1.0,8.078998258685154,4.248495242049359,1
173,3432.0,696,2,7212,267,0.6910000000000001,8.883640232503673,5.5909869805108565,1
174,3427.0,945,2,1464,125,0.972,7.289610521451167,4.836281906951478,1
175,3425.0,151,2,6919,615,0.603,8.842171048611716,6.423246963533519,0
176,3406.0,221,2,26347,350,0.5710000000000001,10.179147649760584,5.860786223465865,1
177,3402.0,410,2,1154,431,0.795,7.051855622955894,6.068425588244111,1
178,3394.0,1167,2,1387,108,1.0,7.23561914106675,4.6913478822291435,1
179,3389.0,261,2,9120,165,0.727,9.118334726180159,5.111987788356544,1
180,3380.0,215,2,1024,130,1.0,6.932447891572509,4.875197323201151,1
181,3365.0,633,2,554,274,0.948,6.318968113746434,5.616771097666572,1
182,3364.0,933,2,1798,93,0.988,7.4949862339505335,4.543294782270004,1
183,3356.0,164,2,146,832,1.0,4.990432586778736,6.725033642166843,0
184,3355.0,1020,2,968,189,0.93,6.876264611890766,5.247024072160486,1
185,3353.0,1115,2,450,1935,0.725,6.111467339502679,7.568379267836522,1
186,3346.0,114,2,6529,193,0.723,8.784162222270476,5.267858159063328,0
187,3343.0,313,2,388,1969,0.7390000000000001,5.963579343618446,7.585788821732034,0
188,3335.0,441,2,1078,143,0.961,6.983789965258135,4.969813299576001,1
189,3321.0,82,2,1235,380,0.785,7.119635638017636,5.942799375126701,0
190,3315.0,1127,2,189,605,0.986,5.247024072160486,6.406879986069314,1
191,3309.0,89,2,4325,586,0.62,8.372398606513004,6.375024819828097,0
192,3300.0,270,2,306,865,0.852,5.726847747587197,6.763884908562435,1
193,3300.0,249,2,6444,1826,0.501,8.771059915373288,7.510430556378006,1
194,3297.0,100,2,2906,63,0.9940000000000001,7.9748769005588755,4.1588830833596715,1
195,3274.0,251,2,5510,3669,0.463,8.614501373883236,8.207946941048617,0
196,3268.0,1073,2,445,255,0.966,6.100318952020064,5.545177444479562,0
197,3267.0,622,2,2949,99,0.888,7.989560449333865,4.605170185988092,0
198,3266.0,483,2,1784,187,0.833,7.487173694213739,5.236441962829949,0
199,3259.0,1065,2,570,252,0.9279999999999999,6.3473892096560105,5.53338948872752,0
200,3258.0,834,2,821,327,0.838,6.71174039505618,5.793013608384144,1
201,3258.0,26,2,1082,4954,0.5479999999999999,6.9874902470009905,8.508152446764088,1
202,3257.0,443,2,6366,73,0.8639999999999999,8.758883680017025,4.30406509320417,0
203,3250.0,521,2,1398,240,0.8180000000000001,7.243512974665482,5.484796933490655,0
204,3243.0,918,2,667,233,0.914,6.504288173536645,5.455321115357702,1
205,3238.0,762,2,2122,117,0.8860000000000001,7.660585461703256,4.770684624465665,1
206,3236.0,720,2,1010,125,0.9670000000000001,6.918695219020472,4.836281906951478,0
207,3227.0,63,2,705,140,0.9940000000000001,6.559615237493242,4.948759890378168,0
208,3227.0,207,2,1286,196,0.8530000000000001,7.160069207596127,5.2832037287379885,1
209,3222.0,216,2,3937,48,1.0,8.278428259199071,3.8918202981106265,1
210,3220.0,965,2,764,128,0.998,6.639875833826536,4.859812404361672,1
211,3220.0,16,2,8641,72,0.828,9.064389316491878,4.290459441148391,1
212,3217.0,1053,2,2234,101,0.902,7.711996507047669,4.624972813284271,1
213,3217.0,96,2,1619,148,0.87,7.3901814282264295,5.003946305945459,0
214,3217.0,194,2,763,2479,0.62,6.638567789166521,7.8160138391590275,0
215,3215.0,51,2,986,105,1.0,6.894670039433482,4.663439094112067,1
216,3214.0,1186,2,1577,1192,0.616,7.363913501405819,7.084226422097916,1
217,3207.0,546,2,534,186,0.976,6.282266746896006,5.231108616854587,1
218,3204.0,799,2,2277,289,0.731,7.731053144007127,5.66988092298052,1
219,3189.0,513,2,838,249,0.8580000000000001,6.732210706467206,5.521460917862246,1
220,3185.0,599,2,5890,185,0.7020000000000001,8.681181041521688,5.225746673713202,0
221,3182.0,222,2,1891,133,0.8610000000000001,7.545389749611823,4.897839799950911,1
222,3176.0,1036,2,1855,86,0.945,7.526178913346146,4.465908118654584,1
223,3174.0,564,2,1468,78,0.996,7.292337176173877,4.3694478524670215,1
224,3173.0,172,2,617,188,0.9420000000000001,6.42648845745769,5.241747015059643,0
225,3167.0,677,2,601,140,1.0,6.400257445308821,4.948759890378168,1
226,3163.0,850,2,1520,545,0.685,7.327123292259293,6.302618975744905,1
227,3161.0,66,2,1853,116,0.8819999999999999,7.5251007461258,4.762173934797756,1
228,3144.0,775,2,934,115,0.9670000000000001,6.840546529288687,4.7535901911063645,0
229,3105.0,13,2,523,206,0.93,6.261491684321042,5.332718793265369,1
230,3090.0,224,2,1389,139,0.8640000000000001,7.237059026124737,4.941642422609304,1
231,3086.0,671,2,2296,113,0.8420000000000001,7.739359202689098,4.736198448394496,1
232,3079.0,684,2,314,269,0.956,5.752572638825633,5.598421958998375,1
233,3071.0,1029,2,481,149,0.992,6.1779441140506,5.0106352940962555,1
234,3062.0,907,2,8786,614,0.525,9.081028635495842,6.421622267806518,1
235,3055.0,160,2,327,194,1.0,5.793013608384144,5.272999558563747,1
236,3027.0,646,2,1729,57,1.0,7.455876687491824,4.060443010546419,1
237,3026.0,769,2,2440,71,0.907,7.80016307039296,4.276666119016055,1
238,3024.0,636,2,37443,2609,0.365,10.530601762491635,7.867105500316739,1
239,3011.0,544,2,1282,247,0.763,7.1569563646156364,5.5134287461649825,1
240,3009.0,422,2,1483,320,0.7140000000000001,7.302496423727326,5.771441123130016,1
241,3007.0,1057,2,4598,172,0.6920000000000001,8.433594167539924,5.153291594497779,1
242,2993.0,1052,2,3959,303,0.632,8.283999304248526,5.717027701406222,1
243,2982.0,973,2,6292,190,0.649,8.747193183526933,5.25227342804663,1
244,2980.0,1097,2,588,109,0.9940000000000001,6.3784261836515865,4.700480365792417,1
245,2980.0,132,2,343,243,0.9279999999999999,5.840641657373398,5.497168225293202,1
246,2970.0,935,2,160,418,0.968,5.081404364984463,6.037870919922137,0
247,2962.0,1216,2,554,141,0.946,6.318968113746434,4.955827057601261,1
248,2952.0,409,2,385,141,1.0,5.955837369464831,4.955827057601261,1
249,2951.0,917,2,813,114,0.9279999999999999,6.70196036600254,4.74493212836325,1
250,2950.0,430,2,1296,165,0.805,7.167809184316444,5.111987788356544,1
251,2940.0,81,2,319,544,0.809,5.768320995793772,6.300785794663244,1
252,2929.0,1113,2,330,3769,0.613,5.802118375377063,8.234830280442056,0
253,2913.0,148,2,3071,131,0.743,8.030084094267563,4.882801922586371,1
254,2912.0,1215,2,2156,177,0.732,7.676473646389156,5.181783550292085,1
255,2905.0,725,2,3405,58,0.8760000000000001,8.133293861222633,4.07753744390572,1
256,2895.0,1169,2,9050,23,1.0,9.11063052782717,3.1780538303479458,1
257,2887.0,284,2,6570,712,0.5,8.790421306897867,6.569481420414296,1
258,2886.0,57,2,816,73,1.0,6.705639094860003,4.30406509320417,1
259,2882.0,479,2,3406,234,0.649,8.133587417660966,5.459585514144159,1
260,2879.0,821,2,188,242,1.0,5.241747015059643,5.493061443340548,1
261,2879.0,193,2,3219,99,0.774,8.077136638538454,4.605170185988092,1
262,2877.0,1106,2,356,156,0.968,5.877735781779639,5.056245805348308,0
263,2859.0,952,2,330,3349,0.607,5.802118375377063,8.116715624819111,1
264,2844.0,767,2,198,217,0.998,5.293304824724492,5.384495062789089,1
265,2842.0,1217,2,408,115,0.9940000000000001,6.013715156042802,4.7535901911063645,1
266,2836.0,314,2,411,344,0.8059999999999999,6.021023349349527,5.84354441703136,1
267,2832.0,133,2,243,181,0.99,5.497168225293202,5.204006687076795,0
268,2825.0,10,2,738,189,0.815,6.6052979209482015,5.247024072160486,0
269,2825.0,949,2,886,183,0.7979999999999999,6.787844982309579,5.214935757608986,0
270,2815.0,424,2,167,367,0.93,5.123963979403259,5.908082938168931,1
271,2808.0,742,2,2368,199,0.6819999999999999,7.7702232041587855,5.298317366548036,0
272,2807.0,792,2,158,280,0.982,5.0689042022202315,5.638354669333745,0
273,2805.0,845,2,494,123,0.938,6.20455776256869,4.820281565605037,1
274,2791.0,1160,2,702,76,0.98,6.555356891810665,4.343805421853684,1
275,2791.0,183,2,753,330,0.726,6.625392368007956,5.802118375377063,0
276,2789.0,1045,2,1846,143,0.746,7.52131798019924,4.969813299576001,1
277,2789.0,331,2,139,3286,0.6970000000000001,4.941642422609304,8.097730573664219,0
278,2787.0,108,2,9869,70,0.711,9.197255132427527,4.2626798770413155,1
279,2784.0,929,2,490,97,0.98,6.19644412779452,4.584967478670572,0
280,2782.0,690,2,1030,81,0.91,6.93828448401696,4.406719247264253,1
281,2781.0,124,2,16607,17,0.99,9.717639785965615,2.8903717578961645,1
282,2780.0,27,2,390,180,0.8959999999999999,5.968707559985366,5.198497031265826,1
283,2776.0,882,2,1940,39,0.9940000000000001,7.57095858316901,3.6888794541139363,1
284,2774.0,668,2,151,434,0.9089999999999999,5.0238805208462765,6.075346031088684,1
285,2768.0,922,2,4299,44,0.8689999999999999,8.366370301681654,3.8066624897703196,0
286,2766.0,1218,2,256,166,0.9740000000000001,5.54907608489522,5.117993812416755,1
287,2763.0,1025,2,3415,110,0.7210000000000001,8.13622555490846,4.709530201312334,1
288,2763.0,324,2,1378,589,0.599,7.229113877793302,6.380122536899765,1
289,2758.0,11,2,4224,93,0.727,8.348774539791274,4.543294782270004,0
290,2755.0,48,2,2521,578,0.5529999999999999,7.8328075165248645,6.361302477572996,0
291,2754.0,709,2,1994,170,0.705,7.598399329323964,5.14166355650266,1
292,2741.0,358,2,1166,83,0.8760000000000001,7.062191632286556,4.430816798843313,1
293,2740.0,890,2,978,148,0.795,6.88653164253051,5.003946305945459,0
294,2739.0,1128,2,647,81,0.96,6.473890696352274,4.406719247264253,1
295,2735.0,247,2,373,137,0.9369999999999998,5.924255797414532,4.927253685157205,1
296,2735.0,542,2,2570,491,0.562,7.852050207265889,6.198478716492308,1
297,2734.0,73,2,783,179,0.79,6.664409020350408,5.19295685089021,1
298,2727.0,302,2,330,714,0.715,5.802118375377063,6.5722825426940075,0
299,2712.0,1009,2,447,84,1.0,6.104793232414985,4.442651256490317,1
300,2709.0,104,2,755,1056,0.5870000000000001,6.628041376179533,6.963189985870238,1
301,2706.0,466,2,915,164,0.777,6.82001636467413,5.10594547390058,1
302,2702.0,938,2,3884,26,0.992,8.264878262801748,3.295836866004329,1
303,2700.0,354,2,1562,655,0.5660000000000001,7.354362330421477,6.486160788944089,1
304,2691.0,1038,2,1191,44,0.998,7.083387847625295,3.8066624897703196,1
305,2681.0,1205,2,386,116,0.945,5.958424693029782,4.762173934797756,1
306,2680.0,712,2,2859,28,1.0,7.958576903813898,3.367295829986474,1
307,2678.0,1214,2,1673,51,0.9130000000000001,7.422971251049421,3.9512437185814275,1
308,2678.0,416,2,845,148,0.794,6.740519359606223,5.003946305945459,1
309,2675.0,388,2,1494,39,0.992,7.3098814858247865,3.6888794541139363,1
310,2674.0,717,2,284,159,0.932,5.652489180268651,5.075173815233827,1
311,2668.0,203,2,576,303,0.7340000000000001,6.3578422665081,5.717027701406222,1
312,2666.0,682,2,421,591,0.691,6.045005314036012,6.3835066348840055,1
313,2663.0,1081,2,970,47,1.0,6.878326468291325,3.871201010907891,1
314,2663.0,593,2,442,78,1.0,6.093569770045136,4.3694478524670215,1
315,2659.0,1072,2,647,1492,0.562,6.473890696352274,7.30854279753919,0
316,2655.0,1124,2,978,449,0.631,6.88653164253051,6.1092475827643655,1
317,2655.0,958,2,1794,585,0.556,7.492760300922379,6.373319789577012,1
318,2652.0,45,2,938,120,0.8079999999999999,6.844815479208263,4.795790545596741,1
319,2645.0,866,2,143,292,0.937,4.969813299576001,5.680172609017068,1
320,2636.0,904,2,1480,772,0.543,7.300472814267799,6.650279048587422,0
321,2633.0,658,2,2071,441,0.566,7.6362696033793735,6.091309882077698,1
322,2625.0,326,2,3713,59,0.78,8.219864741912652,4.0943445622221,1
323,2624.0,519,2,1356,37,1.0,7.213031659834869,3.6375861597263857,1
324,2620.0,293,2,1369,514,0.581,7.222566018822171,6.244166900663736,1
325,2604.0,83,2,5557,89,0.6709999999999999,8.62299361030245,4.499809670330265,1
326,2597.0,629,2,1074,99,0.8080000000000002,6.980075940561763,4.605170185988092,1
327,2597.0,341,2,775,203,0.7340000000000001,6.654152520183219,5.318119993844216,0
328,2594.0,134,2,254,247,0.8490000000000001,5.541263545158426,5.5134287461649825,1
329,2580.0,1157,2,986,176,0.723,6.894670039433482,5.176149732573829,1
330,2577.0,610,2,219,180,0.919,5.393627546352362,5.198497031265826,1
331,2576.0,957,2,274,98,0.998,5.616771097666572,4.59511985013459,1
332,2576.0,1187,2,328,125,0.919,5.796057750765372,4.836281906951478,0
333,2572.0,37,2,827,45,1.0,6.71901315438526,3.828641396489095,1
334,2571.0,205,2,717,114,0.8240000000000001,6.576469569048224,4.74493212836325,1
335,2570.0,375,2,1482,34,0.99,7.301822342137932,3.5553480614894135,1
336,2563.0,699,2,485,62,1.0,6.186208623900494,4.143134726391533,1
337,2559.0,650,2,875,81,0.8569999999999999,6.775366090936392,4.406719247264253,0
338,2544.0,376,2,280,131,0.924,5.638354669333745,4.882801922586371,1
339,2528.0,1001,2,1740,174,0.6560000000000001,7.462214939768189,5.1647859739235145,0
340,2526.0,188,2,202,197,0.899,5.313205979041787,5.288267030694535,1
341,2523.0,464,2,327,117,0.9129999999999999,5.793013608384144,4.770684624465665,1
342,2511.0,602,2,209,127,0.968,5.3471075307174685,4.852030263919617,0
343,2511.0,277,2,1419,171,0.672,7.258412150595307,5.147494476813453,0
344,2500.0,854,2,212,105,1.0,5.3612921657094255,4.663439094112067,1
345,2498.0,35,2,226,119,0.9620000000000001,5.424950017481403,4.787491742782046,1
346,2494.0,333,2,47,1272,0.9009999999999999,3.871201010907891,7.149131598557407,0
347,2493.0,806,2,3127,82,0.7010000000000001,8.048149101665201,4.418840607796598,1
348,2487.0,551,2,2324,134,0.654,7.751475318021456,4.90527477843843,1
349,2485.0,647,2,354,909,0.621,5.872117789475416,6.813444599510896,1
350,2482.0,925,2,263,178,0.858,5.575949103146316,5.187385805840755,0
351,2477.0,740,2,454,286,0.715,6.12029741895095,5.659482215759621,1
352,2471.0,859,2,6858,97,0.61,8.83331693749932,4.584967478670572,0
353,2459.0,585,2,1380,766,0.512,7.2305631534092925,6.642486801367256,0
354,2452.0,757,2,784,346,0.629,6.665683717782408,5.849324779946859,0
355,2451.0,23,2,105,513,0.8420000000000001,4.663439094112067,6.2422232654551655,0
356,2450.0,598,2,159,124,1.0,5.075173815233827,4.8283137373023015,1
357,2442.0,844,2,153,145,0.973,5.0369526024136295,4.983606621708336,0
358,2442.0,493,2,110,317,0.9,4.709530201312334,5.762051382780177,1
359,2439.0,756,2,587,57,0.9420000000000001,6.376726947898627,4.060443010546419,1
360,2433.0,444,2,111,178,0.9940000000000001,4.718498871295094,5.187385805840755,1
361,2429.0,141,2,5990,316,0.485,8.698013622083925,5.75890177387728,1
362,2422.0,239,2,3082,254,0.544,8.03365842788615,5.541263545158426,1
363,2419.0,824,2,373,129,0.8390000000000001,5.924255797414532,4.867534450455582,1
364,2416.0,612,2,3159,249,0.5429999999999999,8.058327306580958,5.521460917862246,1
365,2413.0,1006,2,1393,36,0.9229999999999999,7.2399325913204695,3.6109179126442243,1
366,2411.0,694,2,234,93,0.972,5.459585514144159,4.543294782270004,0
367,2407.0,1047,2,738,104,0.7829999999999999,6.6052979209482015,4.653960350157523,0
368,2403.0,789,2,641,127,0.7659999999999999,6.464588303689961,4.852030263919617,1
369,2403.0,597,2,430,318,0.687,6.066108090103747,5.765191102784844,0
370,2398.0,525,2,1793,88,0.713,7.492203042618741,4.48863636973214,1
371,2396.0,233,2,202,573,0.71,5.313205979041787,6.352629396319567,0
372,2389.0,506,2,2193,1746,0.41600000000000004,7.693481640835175,7.465655310134056,0
373,2385.0,961,2,176,102,0.9940000000000001,5.176149732573829,4.634728988229636,1
374,2379.0,67,2,681,47,0.9420000000000001,6.525029657843462,3.871201010907891,1
375,2365.0,1069,2,5457,387,0.461,8.604837701268284,5.961005339623274,1
376,2363.0,981,2,875,36,0.966,6.775366090936392,3.6109179126442243,0
377,2361.0,1039,2,1429,71,0.76,7.265429723253953,4.276666119016055,0
378,2359.0,437,2,3023,134,0.6,8.014335737299424,4.90527477843843,1
379,2347.0,701,2,3098,32,0.835,8.038834757787749,3.4965075614664802,1
380,2346.0,746,2,2007,69,0.726,7.60489448081162,4.248495242049359,1
381,2344.0,1004,2,920,30,1.0,6.825460036255307,3.4339872044851463,1
382,2339.0,1110,2,8888,16,0.9080000000000001,9.092569836241674,2.833213344056216,1
383,2338.0,38,2,263,80,0.954,5.575949103146316,4.394449154672439,1
384,2337.0,635,2,84,985,0.763,4.442651256490317,6.893656354602635,0
385,2336.0,298,2,569,846,0.546,6.345636360828596,6.741700694652055,0
386,2335.0,518,2,199,81,1.0,5.298317366548036,4.406719247264253,1
387,2333.0,420,2,534,83,0.8380000000000001,6.282266746896006,4.430816798843313,1
388,2332.0,181,2,2830,133,0.5989999999999999,7.9483852851118995,4.897839799950911,1
389,2330.0,1166,2,464,100,0.8220000000000001,6.142037405587356,4.61512051684126,0
390,2324.0,1191,2,2051,21,0.986,7.62657020629066,3.091042453358316,1
391,2319.0,103,2,199,538,0.696,5.298317366548036,6.289715570908998,0
392,2318.0,454,2,82,222,0.97,4.418840607796598,5.407171771460119,1
393,2311.0,831,2,1771,332,0.5319999999999999,7.4798641311650265,5.808142489980444,1
394,2286.0,211,2,472,223,0.686,6.159095388491933,5.4116460518550396,0
395,2284.0,170,2,325,453,0.645,5.786897381366708,6.118097198041348,1
396,2279.0,667,2,1137,449,0.53,7.037027614686276,6.1092475827643655,1
397,2273.0,891,2,521,65,0.8669999999999999,6.257667587882639,4.189654742026425,1
398,2264.0,596,2,207,71,0.992,5.337538079701318,4.276666119016055,1
399,2262.0,398,2,4898,93,0.586,8.496786381638575,4.543294782270004,1
400,2255.0,665,2,221,125,0.8630000000000001,5.402677381872279,4.836281906951478,1
401,2249.0,22,2,1126,26,0.9710000000000001,7.027314514039777,3.295836866004329,1
402,2248.0,692,2,250,77,0.934,5.5254529391317835,4.356708826689592,1
403,2245.0,231,2,1717,110,0.64,7.4489161025442,4.709530201312334,1
404,2234.0,735,2,198,67,1.0,5.293304824724492,4.219507705176107,1
405,2230.0,974,2,594,60,0.8489999999999999,6.38856140554563,4.110873864173311,1
406,2227.0,1060,2,1187,33,0.8919999999999999,7.080026499922591,3.5263605246161616,1
407,2219.0,503,2,253,54,1.0,5.537334267018537,4.007333185232471,1
408,2219.0,865,2,414,122,0.765,6.028278520230698,4.812184355372417,1
409,2218.0,660,2,785,104,0.715,6.666956792429207,4.653960350157523,1
410,2217.0,1019,2,363,52,0.9470000000000001,5.8971538676367405,3.970291913552122,1
411,2216.0,1140,2,20141,11,0.9,9.91056246620809,2.4849066497880004,0
412,2206.0,371,2,290,2177,0.506,5.673323267171493,7.686162303492906,1
413,2202.0,355,2,348,42,1.0,5.855071922202427,3.7612001156935624,0
414,2195.0,686,2,355,1151,0.53,5.87493073085203,7.049254841255837,0
415,2187.0,297,2,327,76,0.8690000000000001,5.793013608384144,4.343805421853684,1
416,2185.0,748,2,273,48,1.0,5.6131281063880705,3.8918202981106265,1
417,2179.0,669,2,1426,53,0.7519999999999999,7.2633296174768365,3.9889840465642745,1
418,2178.0,387,2,166,100,0.922,5.117993812416755,4.61512051684126,0
419,2176.0,1201,2,715,37,0.91,6.573680166960646,3.6375861597263857,1
420,2170.0,15,2,468,40,0.95,6.150602768446279,3.713572066704308,1
421,2163.0,115,2,4782,53,0.64,8.472823243680297,3.9889840465642745,1
422,2159.0,169,2,693,95,0.723,6.542471960506805,4.564348191467836,1
423,2158.0,391,2,1458,102,0.639,7.285506548522785,4.634728988229636,0
424,2155.0,523,2,373,37,1.0,5.924255797414532,3.6375861597263857,1
425,2145.0,405,2,209,60,0.976,5.3471075307174685,4.110873864173311,1
426,2145.0,102,2,735,118,0.68,6.601230118728877,4.77912349311153,1
427,2138.0,465,2,455,281,0.619,6.1224928095143865,5.641907070938114,1
428,2136.0,447,2,33,5871,0.698,3.5263605246161616,8.677950570294351,0
429,2134.0,500,2,235,98,0.85,5.4638318050256105,4.59511985013459,1
430,2131.0,305,2,231,49,1.0,5.44673737166631,3.912023005428146,1
431,2129.0,986,2,1206,92,0.662,7.095893221097532,4.532599493153256,1
432,2128.0,800,2,417,69,0.83,6.035481432524756,4.248495242049359,1
433,2128.0,603,2,1144,84,0.68,7.0431599159883405,4.442651256490317,1
434,2126.0,1112,2,411,93,0.777,6.021023349349527,4.543294782270004,1
435,2121.0,580,2,1185,1154,0.425,7.078341579557671,7.051855622955894,1
436,2119.0,304,2,164,115,0.8730000000000001,5.10594547390058,4.7535901911063645,1
437,2117.0,332,2,115,85,1.0,4.7535901911063645,4.454347296253507,1
438,2115.0,867,2,118,103,0.9530000000000001,4.77912349311153,4.6443908991413725,1
439,2111.0,272,2,198,161,0.784,5.293304824724492,5.087596335232384,0
440,2106.0,641,2,78,234,0.883,4.3694478524670215,5.459585514144159,0
441,2104.0,733,2,393,125,0.728,5.976350909297934,4.836281906951478,1
442,2096.0,666,2,240,230,0.7019999999999998,5.484796933490655,5.442417710521793,0
443,2086.0,1143,2,845,57,0.762,6.740519359606223,4.060443010546419,1
444,2068.0,125,2,1813,208,0.516,7.503289630675082,5.342334251964811,0
445,2061.0,99,2,256,40,1.0,5.54907608489522,3.713572066704308,1
446,2060.0,159,2,1083,251,0.533,6.988413181999592,5.529429087511423,1
447,2055.0,232,2,3329,15,0.914,8.110727582974489,2.772588722239781,0
448,2052.0,394,2,373,68,0.818,5.924255797414532,4.23410650459726,1
449,2049.0,377,2,8753,4280,0.27,9.07726601775084,8.361941906144946,1
450,2047.0,747,2,51,398,0.865,3.9512437185814275,5.988961416889864,1
451,2027.0,228,2,305,135,0.721,5.723585101952381,4.912654885736052,0
452,2018.0,788,2,116,70,0.9940000000000001,4.762173934797756,4.2626798770413155,1
453,2008.0,475,2,120,98,0.9109999999999999,4.795790545596741,4.59511985013459,1
454,2004.0,339,2,519,35,0.894,6.253828811575473,3.58351893845611,0
455,2002.0,899,2,841,136,0.6040000000000001,6.7357800142423265,4.919980925828125,0
456,1998.0,755,2,809,126,0.616,6.697034247666484,4.844187086458591,1
457,1997.0,1153,2,274,44,0.934,5.616771097666572,3.8066624897703196,1
458,1989.0,1159,2,86,94,0.978,4.465908118654584,4.553876891600541,1
459,1989.0,1103,2,697,110,0.645,6.548219102762372,4.709530201312334,1
460,1977.0,87,2,64,113,1.0,4.174387269895637,4.736198448394496,1
461,1973.0,502,2,336,31,0.978,5.820082930352362,3.4657359027997265,1
462,1972.0,1027,2,121,65,0.98,4.804021044733257,4.189654742026425,0
463,1971.0,296,2,68,104,1.0,4.23410650459726,4.653960350157523,1
464,1971.0,634,2,914,34,0.8130000000000002,6.818924065275521,3.5553480614894135,0
465,1970.0,707,2,100,411,0.7090000000000001,4.61512051684126,6.021023349349527,1
466,1956.0,1172,2,1215,332,0.47400000000000003,7.103322062526113,5.808142489980444,1
467,1945.0,323,2,170,48,0.972,5.14166355650266,3.8918202981106265,1
468,1937.0,763,2,96,68,1.0,4.574710978503383,4.23410650459726,1
469,1937.0,1108,2,724,357,0.5,6.586171654854675,5.8805329864007,0
470,1928.0,1150,2,3714,12812,0.248,8.220133957151859,9.458215559509576,1
471,1916.0,1101,2,886,252,0.5099999999999999,6.787844982309579,5.53338948872752,1
472,1914.0,289,2,124,314,0.689,4.8283137373023015,5.752572638825633,0
473,1913.0,680,2,1933,274,0.45,7.56734567601324,5.616771097666572,0
474,1910.0,1118,2,45,963,0.726,3.828641396489095,6.871091294610546,0
475,1908.0,615,2,67,91,1.0,4.219507705176107,4.5217885770490405,1
476,1907.0,716,2,476,26,0.938,6.1675164908883415,3.295836866004329,0
477,1901.0,822,2,360,51,0.8170000000000001,5.8888779583328805,3.9512437185814275,1
478,1901.0,374,2,211,109,0.755,5.356586274672012,4.700480365792417,1
479,1900.0,547,2,160,47,0.966,5.081404364984463,3.871201010907891,0
480,1900.0,368,2,100,376,0.6940000000000001,4.61512051684126,5.932245187448011,1
481,1893.0,1085,2,694,137,0.587,6.543911845564792,4.927253685157205,1
482,1890.0,1138,2,2535,136,0.49,7.8383433155571165,4.919980925828125,1
483,1885.0,92,2,1055,14,1.0,6.962243464266207,2.70805020110221,1
484,1883.0,645,2,151,980,0.544,5.0238805208462765,6.8885724595653635,0
485,1882.0,1077,2,108,191,0.763,4.6913478822291435,5.2574953720277815,1
486,1878.0,798,2,476,20,1.0,6.1675164908883415,3.044522437723423,1
487,1878.0,531,2,354,54,0.7979999999999999,5.872117789475416,4.007333185232471,1
488,1874.0,30,2,1920,174,0.48,7.560601162768557,5.1647859739235145,1
489,1864.0,230,2,1204,48,0.675,7.094234845924755,3.8918202981106265,0
490,1857.0,670,2,469,51,0.764,6.152732694704104,3.9512437185814275,1
491,1852.0,760,2,110,50,1.0,4.709530201312334,3.9318256327243257,1
492,1850.0,1088,2,115,48,1.0,4.7535901911063645,3.8918202981106265,1
493,1849.0,802,2,2252,219,0.44400000000000006,7.720017940432244,5.393627546352362,0
494,1836.0,1043,2,236,83,0.758,5.4680601411351315,4.430816798843313,1
495,1834.0,900,2,797,241,0.5,6.682108597449809,5.488937726156687,1
496,1834.0,804,2,47442,1321,0.23700000000000002,10.767284269446213,7.186901020411631,0
497,1831.0,7,2,625,17,0.9840000000000001,6.439350371100098,2.8903717578961645,1
498,1830.0,702,2,325,1058,0.45399999999999996,5.786897381366708,6.9650803456014065,0
499,1823.0,93,2,149,37,1.0,5.0106352940962555,3.6375861597263857,1
500,1818.0,683,2,308,76,0.73,5.733341276897746,4.343805421853684,1
501,1814.0,583,2,426,19,1.0,6.056784013228625,2.995732273553991,1
502,1808.0,997,2,5015,29,0.624,8.520388082312756,3.4011973816621555,1
503,1804.0,285,2,181,31,1.0,5.204006687076795,3.4657359027997265,1
504,1801.0,916,2,434,239,0.541,6.075346031088684,5.480638923341991,0
505,1799.0,616,2,60,160,0.861,4.110873864173311,5.081404364984463,0
506,1795.0,601,2,1788,14,0.885,7.489412083508719,2.70805020110221,1
507,1787.0,893,2,432,18,1.0,6.07073772800249,2.9444389791664403,1
508,1785.0,861,2,105,45,1.0,4.663439094112067,3.828641396489095,1
509,1785.0,885,2,71,64,1.0,4.276666119016055,4.174387269895637,1
510,1769.0,736,2,24,284,0.972,3.2188758248682006,5.652489180268651,1
511,1769.0,474,2,116,287,0.6559999999999999,4.762173934797756,5.662960480135946,1
512,1765.0,353,2,116,96,0.81,4.762173934797756,4.574710978503383,1
513,1756.0,902,2,227,46,0.84,5.429345628954441,3.8501476017100584,1
514,1750.0,1139,2,231,44,0.8440000000000001,5.44673737166631,3.8066624897703196,1
515,1745.0,617,2,211,25,1.0,5.356586274672012,3.258096538021482,1
516,1739.0,24,2,104,41,1.0,4.653960350157523,3.7376696182833684,1
517,1737.0,878,2,4505,281,0.366,8.41316512099219,5.641907070938114,1
518,1735.0,1000,2,354,25,0.907,5.872117789475416,3.258096538021482,1
519,1733.0,868,2,203,69,0.7669999999999999,5.318119993844216,4.248495242049359,0
520,1732.0,362,2,598,14,1.0,6.395261598115449,2.70805020110221,1
521,1726.0,724,2,1039,11,1.0,6.946975992135418,2.4849066497880004,1
522,1726.0,345,2,2560,111,0.466,7.848153086199526,4.718498871295094,1
523,1723.0,291,2,550,40,0.735,6.311734809152915,3.713572066704308,1
524,1720.0,795,2,259,218,0.574,5.560681631015528,5.389071729816501,0
525,1715.0,56,2,991,11,1.0,6.899723107284872,2.4849066497880004,1
526,1710.0,168,2,750,27,0.775,6.621405651764134,3.332204510175204,1
527,1708.0,50,2,23,227,0.99,3.1780538303479458,5.429345628954441,0
528,1702.0,988,2,227,28,0.9309999999999999,5.429345628954441,3.367295829986474,1
529,1692.0,361,2,273,221,0.5579999999999999,5.6131281063880705,5.402677381872279,1
530,1692.0,176,2,3418,63,0.5,8.137103389639302,4.1588830833596715,1
531,1690.0,809,2,310,18,1.0,5.739792912179234,2.9444389791664403,1
532,1685.0,131,2,1017,13,0.922,6.925595197110468,2.6390573296152584,0
533,1680.0,794,2,234,73,0.715,5.459585514144159,4.30406509320417,1
534,1676.0,438,2,318,40,0.7829999999999999,5.765191102784844,3.713572066704308,1
535,1675.0,54,2,1344,75,0.537,7.20414929203594,4.330733340286331,0
536,1672.0,2,2,17,7041,0.653,2.8903717578961645,8.859647499714997,0
537,1664.0,512,2,655,12,1.0,6.486160788944089,2.5649493574615367,1
538,1660.0,19,2,254,2879,0.376,5.541263545158426,7.965545573129992,0
539,1656.0,703,2,264,245,0.539,5.579729825986222,5.5053315359323625,1
540,1655.0,199,2,779,11,1.0,6.659293919683638,2.4849066497880004,1
541,1655.0,88,2,1207,40,0.628,7.0967213784947605,3.713572066704308,1
542,1653.0,990,2,227,83,0.687,5.429345628954441,4.430816798843313,1
543,1649.0,267,2,404,491,0.44299999999999995,6.003887067106539,6.198478716492308,1
544,1647.0,578,2,851,11,0.982,6.747586526829315,2.4849066497880004,1
545,1635.0,214,2,64,63,0.9420000000000001,4.174387269895637,4.1588830833596715,1
546,1633.0,1209,2,127,974,0.489,4.852030263919617,6.882437470997847,0
547,1626.0,642,2,523,47,0.6709999999999999,6.261491684321042,3.871201010907891,0
548,1611.0,1147,2,839,121,0.498,6.733401891837359,4.804021044733257,0
549,1609.0,562,2,489,92,0.573,6.194405391104672,4.532599493153256,1
550,1608.0,652,2,237,38,0.802,5.472270673671475,3.6635616461296463,1
551,1602.0,185,2,2007,258,0.379,7.60489448081162,5.556828061699537,0
552,1602.0,1024,2,740,1358,0.33599999999999997,6.608000625296087,7.214504414151143,1
553,1598.0,1082,2,114,28,1.0,4.74493212836325,3.367295829986474,1
554,1598.0,880,2,155,55,0.7859999999999999,5.049856007249537,4.02535169073515,0
555,1597.0,1098,2,287,477,0.457,5.662960480135946,6.169610732491456,1
556,1595.0,571,2,323,16,0.9740000000000001,5.780743515792329,2.833213344056216,1
557,1595.0,1048,2,115,1423,0.462,4.7535901911063645,7.261225091971921,0
558,1590.0,274,2,1232,125,0.462,7.117205503164344,4.836281906951478,1
559,1589.0,681,2,163,22,0.9940000000000001,5.099866427824199,3.1354942159291497,1
560,1578.0,208,2,761,167,0.4640000000000001,6.635946555686647,5.123963979403259,1
561,1565.0,366,2,33,106,0.95,3.5263605246161616,4.672828834461906,0
562,1564.0,632,2,136,23,1.0,4.919980925828125,3.1780538303479458,1
563,1559.0,875,2,367,13,1.0,5.908082938168931,2.6390573296152584,1
564,1557.0,731,2,385,24,0.812,5.955837369464831,3.2188758248682006,1
565,1546.0,812,2,642,17,0.8270000000000001,6.466144724237619,2.8903717578961645,1
566,1521.0,959,2,240,15,1.0,5.484796933490655,2.772588722239781,0
567,1514.0,20,2,112,26,0.972,4.727387818712341,3.295836866004329,1
568,1510.0,586,2,34,69,1.0,3.5553480614894135,4.248495242049359,1
569,1510.0,253,2,79,31,0.9940000000000001,4.382026634673881,3.4657359027997265,1
570,1508.0,12,2,80,96,0.75,4.394449154672439,4.574710978503383,1
571,1506.0,1023,2,121,527,0.5,4.804021044733257,6.269096283706261,1
572,1500.0,1200,2,311,38,0.713,5.7430031878094825,3.6635616461296463,1
573,1499.0,619,2,84,57,0.831,4.442651256490317,4.060443010546419,0
574,1494.0,218,2,718,104,0.488,6.577861357721047,4.653960350157523,1
575,1487.0,919,2,155,18,1.0,5.049856007249537,2.9444389791664403,0
576,1484.0,139,2,239,14,1.0,5.480638923341991,2.70805020110221,1
577,1480.0,654,2,1384,15,0.7380000000000001,7.233455418621439,2.772588722239781,0
578,1470.0,781,2,1705,100,0.428,7.441906728051625,4.61512051684126,0
579,1464.0,469,2,299,69,0.6040000000000001,5.703782474656201,4.248495242049359,0
580,1455.0,1188,2,1812,54,0.48400000000000004,7.502738210754851,4.007333185232471,1
581,1449.0,456,2,206,267,0.486,5.332718793265369,5.5909869805108565,1
582,1443.0,158,2,75,27,1.0,4.330733340286331,3.332204510175204,1
583,1441.0,252,2,103,31,0.895,4.6443908991413725,3.4657359027997265,1
584,1437.0,467,2,590,15,0.812,6.3818160174060985,2.772588722239781,1
585,1436.0,751,2,2202,120,0.389,7.697575346802343,4.795790545596741,1
586,1423.0,722,2,944,8,0.945,6.851184927493743,2.1972245773362196,1
587,1416.0,569,2,2254,40,0.49400000000000005,7.720905251936779,3.713572066704308,1
588,1412.0,835,2,311,14,0.9080000000000001,5.7430031878094825,2.70805020110221,1
589,1407.0,121,2,134,26,0.87,4.90527477843843,3.295836866004329,1
590,1406.0,14,2,859,17,0.72,6.756932389247553,2.8903717578961645,0
591,1402.0,1181,2,129,18,0.978,4.867534450455582,2.9444389791664403,0
592,1400.0,768,2,177,224,0.499,5.181783550292085,5.41610040220442,1
593,1389.0,97,2,73,70,0.757,4.30406509320417,4.2626798770413155,1
594,1387.0,975,2,191,13,1.0,5.2574953720277815,2.6390573296152584,1
595,1387.0,373,2,50,42,0.938,3.9318256327243257,3.7612001156935624,1
596,1387.0,1007,2,474,23,0.708,6.163314804034641,3.1780538303479458,0
597,1387.0,846,2,205,67,0.617,5.327876168789581,4.219507705176107,1
598,1375.0,774,2,816,16595,0.21100000000000002,6.705639094860003,9.716916981452759,0
599,1374.0,98,2,97,20,0.9840000000000001,4.584967478670572,3.044522437723423,1
600,1371.0,385,2,69,31,0.931,4.248495242049359,3.4657359027997265,0
601,1367.0,695,2,621,175,0.41100000000000003,6.432940092739179,5.170483995038151,0
602,1364.0,3,2,120,80,0.647,4.795790545596741,4.394449154672439,1
603,1360.0,61,2,296,13,0.905,5.6937321388027,2.6390573296152584,0
604,1347.0,1010,2,47,129,0.715,3.871201010907891,4.867534450455582,0
605,1345.0,201,2,65,29,0.9440000000000001,4.189654742026425,3.4011973816621555,1
606,1343.0,676,2,107,30,0.835,4.68213122712422,3.4339872044851463,1
607,1340.0,105,2,140,14,1.0,4.948759890378168,2.70805020110221,1
608,1339.0,271,2,8923,18,0.5,9.096499555552423,2.9444389791664403,1
609,1336.0,909,2,531,29,0.6259999999999999,6.2766434893416445,3.4011973816621555,1
610,1330.0,927,2,382,143,0.45,5.948034989180646,4.969813299576001,1
611,1328.0,471,2,2468,41,0.455,7.81156848934518,3.7376696182833684,1
612,1324.0,524,2,916,186,0.37099999999999994,6.821107472256465,5.231108616854587,1
613,1321.0,273,2,3104,33,0.466,8.040768994367578,3.5263605246161616,1
614,1314.0,796,2,36,37,1.0,3.6109179126442243,3.6375861597263857,1
615,1313.0,749,2,113,15,1.0,4.736198448394496,2.772588722239781,1
616,1311.0,926,2,112,15,1.0,4.727387818712341,2.772588722239781,1
617,1311.0,573,2,237,20,0.7869999999999999,5.472270673671475,3.044522437723423,1
618,1294.0,818,2,164,26,0.769,5.10594547390058,3.295836866004329,1
619,1290.0,146,2,187,41,0.659,5.236441962829949,3.7376696182833684,1
620,1289.0,1086,2,157,286,0.45,5.062595033026967,5.659482215759621,1
621,1286.0,1012,2,484,7,1.0,6.184148890937483,2.0794415416798357,1
622,1286.0,554,2,442,67,0.5,6.093569770045136,4.219507705176107,1
623,1278.0,805,2,740,6,0.9940000000000001,6.608000625296087,1.9459101490553132,1
624,1274.0,1068,2,42,68,0.8,3.7612001156935624,4.23410650459726,1
625,1268.0,1076,2,48,25,1.0,3.8918202981106265,3.258096538021482,1
626,1268.0,662,2,921,40,0.5,6.826545223556594,3.713572066704308,1
627,1264.0,379,2,523,8,0.919,6.261491684321042,2.1972245773362196,1
628,1257.0,819,2,23,74,0.9159999999999999,3.1780538303479458,4.31748811353631,0
629,1249.0,992,2,322,4355,0.258,5.777652323222656,8.37930948405285,1
630,1248.0,147,2,177,11,0.9690000000000001,5.181783550292085,2.4849066497880004,1
631,1242.0,1037,2,44,51,0.826,3.8066624897703196,3.9512437185814275,0
632,1242.0,934,2,194,110,0.5,5.272999558563747,4.709530201312334,1
633,1240.0,1034,2,72,17,1.0,4.290459441148391,2.8903717578961645,1
634,1236.0,1190,2,178,37,0.655,5.187385805840755,3.6375861597263857,1
635,1235.0,69,2,88,15,0.992,4.48863636973214,2.772588722239781,1
636,1231.0,663,2,120,18,0.8719999999999999,4.795790545596741,2.9444389791664403,1
637,1230.0,589,2,215,9,0.9940000000000001,5.375278407684165,2.302585092994046,1
638,1228.0,260,2,138,24,0.773,4.9344739331306915,3.2188758248682006,1
639,1228.0,620,2,2406,146,0.316,7.786136437783072,4.990432586778736,1
640,1226.0,664,2,106,13,0.9940000000000001,4.672828834461906,2.6390573296152584,1
641,1222.0,459,2,58,19,1.0,4.07753744390572,2.995732273553991,1
642,1219.0,192,2,674,35,0.5219999999999999,6.51471269087253,3.58351893845611,1
643,1216.0,287,2,33,50,0.8769999999999999,3.5263605246161616,3.9318256327243257,0
644,1216.0,729,2,855,43,0.47600000000000003,6.752270376141742,3.784189633918261,1
645,1213.0,122,2,127,27,0.75,4.852030263919617,3.332204510175204,0
646,1212.0,563,2,55,854,0.446,4.02535169073515,6.75110146893676,0
647,1204.0,334,2,486,6,1.0,6.18826412308259,1.9459101490553132,1
648,1204.0,764,2,69,16,1.0,4.248495242049359,2.833213344056216,1
649,1199.0,311,2,189,29,0.6719999999999999,5.247024072160486,3.4011973816621555,1
650,1198.0,816,2,252,5757,0.25,5.53338948872752,8.65834547117212,1
651,1197.0,307,2,74,81,0.629,4.31748811353631,4.406719247264253,0
652,1196.0,498,2,204,28,0.667,5.3230099791384085,3.367295829986474,1
653,1196.0,674,2,82,409,0.45,4.418840607796598,6.016157159698354,1
654,1194.0,449,2,580,59,0.45799999999999996,6.364750756851911,4.0943445622221,1
655,1192.0,575,2,32,31,0.9840000000000001,3.4965075614664802,3.4657359027997265,1
656,1189.0,609,2,513,63,0.45799999999999996,6.2422232654551655,4.1588830833596715,1
657,1177.0,672,2,102,37,0.698,4.634728988229636,3.6375861597263857,1
658,1175.0,381,2,108,41,0.67,4.6913478822291435,3.7376696182833684,1
659,1170.0,1142,2,249,10,0.884,5.521460917862246,2.3978952727983707,1
660,1166.0,1192,2,760,11,0.7070000000000001,6.634633357861686,2.4849066497880004,1
661,1166.0,217,2,651,116,0.37799999999999995,6.480044561926653,4.762173934797756,1
662,1159.0,856,2,44,20,1.0,3.8066624897703196,3.044522437723423,1
663,1152.0,453,2,727,32,0.5,6.590301048196686,3.4965075614664802,1
664,1150.0,1182,2,75,30,0.773,4.330733340286331,3.4339872044851463,1
665,1148.0,319,2,31,27,0.9940000000000001,3.4657359027997265,3.332204510175204,1
666,1135.0,402,2,99,11,0.992,4.605170185988092,2.4849066497880004,1
667,1127.0,1197,2,168,8,1.0,5.1298987149230735,2.1972245773362196,1
668,1126.0,533,2,3356,3,1.0,8.118802996980035,1.3862943611198906,0
669,1117.0,150,2,105,13,0.9079999999999999,4.663439094112067,2.6390573296152584,1
670,1116.0,529,2,146,11,0.9,4.990432586778736,2.4849066497880004,0
671,1113.0,984,2,213,195,0.39299999999999996,5.365976015021851,5.278114659230517,1
672,1111.0,55,2,208,7,1.0,5.342334251964811,2.0794415416798357,1
673,1105.0,154,2,126,122,0.47400000000000003,4.844187086458591,4.812184355372417,1
674,1103.0,1144,2,76,311,0.442,4.343805421853684,5.7430031878094825,1
675,1101.0,162,2,285,6,1.0,5.655991810819852,1.9459101490553132,1
676,1095.0,335,2,972,29,0.46799999999999997,6.880384082186005,3.4011973816621555,0
677,1094.0,1206,2,120,11,0.9179999999999999,4.795790545596741,2.4849066497880004,0
678,1090.0,932,2,270,6,1.0,5.602118820879701,1.9459101490553132,1
679,1088.0,219,2,98,552,0.375,4.59511985013459,6.315358001522335,0
680,1084.0,32,2,157,25,0.657,5.062595033026967,3.258096538021482,1
681,1082.0,590,2,23,34,0.958,3.1780538303479458,3.5553480614894135,1
682,1075.0,528,2,132,80,0.5,4.890349128221754,4.394449154672439,1
683,1074.0,290,2,33,20,1.0,3.5263605246161616,3.044522437723423,1
684,1073.0,153,2,71,28,0.745,4.276666119016055,3.367295829986474,0
685,1071.0,359,2,361,128,0.374,5.8916442118257715,4.859812404361672,1
686,1069.0,1109,2,421,70,0.415,6.045005314036012,4.2626798770413155,0
687,1062.0,451,2,6265,432,0.2,8.742893471512136,6.07073772800249,1
688,1060.0,370,2,96,29,0.6809999999999999,4.574710978503383,3.4011973816621555,0
689,1049.0,477,2,729,13,0.603,6.593044534142437,2.6390573296152584,1
690,1047.0,714,2,41,109,0.5960000000000001,3.7376696182833684,4.700480365792417,0
691,1046.0,6,2,58,12,1.0,4.07753744390572,2.5649493574615367,1
692,1045.0,1162,2,22,27,1.0,3.1354942159291497,3.332204510175204,1
693,1045.0,848,2,669,90,0.35600000000000004,6.507277712385012,4.51085950651685,0
694,1040.0,1171,2,209,48,0.5,5.3471075307174685,3.8918202981106265,1
695,1038.0,1075,2,100,2039,0.295,4.61512051684126,7.620705086838262,0
696,1032.0,472,2,55,12,1.0,4.02535169073515,2.5649493574615367,1
697,1028.0,457,2,207,30,0.561,5.337538079701318,3.4339872044851463,0
698,1023.0,258,2,682,22,0.5,6.52649485957079,3.1354942159291497,1
699,1015.0,657,2,81,9,1.0,4.406719247264253,2.302585092994046,1
700,1013.0,1002,2,657,18,0.53,6.489204931325317,2.9444389791664403,0
701,1008.0,450,2,12,50,1.0,2.5649493574615367,3.9318256327243257,1
702,1008.0,501,2,554,35,0.445,6.318968113746434,3.58351893845611,0
703,1005.0,559,2,105,10,0.899,4.663439094112067,2.3978952727983707,1
704,1002.0,627,2,547,23,0.5,6.306275286948016,3.1780538303479458,1
705,1000.0,656,2,23,34,0.885,3.1780538303479458,3.5553480614894135,1
706,999.0,126,2,1126,767,0.214,7.027314514039777,6.643789733147672,1
707,998.0,401,2,14,63,0.8859999999999999,2.70805020110221,4.1588830833596715,1
708,995.0,838,2,5659,9,0.5,8.641179171197228,2.302585092994046,0
709,988.0,886,2,187,355,0.321,5.236441962829949,5.87493073085203,0
710,985.0,649,2,64,26,0.716,4.174387269895637,3.295836866004329,1
711,984.0,1015,2,141,24,0.617,4.955827057601261,3.2188758248682006,0
712,983.0,864,2,112,7,1.0,4.727387818712341,2.0794415416798357,1
713,976.0,212,2,87,29,0.6410000000000001,4.477336814478207,3.4011973816621555,1
714,971.0,1149,2,36,45,0.7020000000000001,3.6109179126442243,3.828641396489095,0
715,966.0,1114,2,80,8,1.0,4.394449154672439,2.1972245773362196,1
716,965.0,240,2,583,111,0.32099999999999995,6.369900982828227,4.718498871295094,1
717,962.0,759,2,139,6,1.0,4.941642422609304,1.9459101490553132,1
718,960.0,758,2,37,13,1.0,3.6375861597263857,2.6390573296152584,1
719,957.0,832,2,53,10,1.0,3.9889840465642745,2.3978952727983707,1
720,944.0,259,2,127,6,1.0,4.852030263919617,1.9459101490553132,1
721,943.0,206,2,1540,3,0.927,7.340186835320115,1.3862943611198906,0
722,939.0,120,2,170,47,0.47200000000000003,5.14166355650266,3.871201010907891,1
723,938.0,433,2,34,13,1.0,3.5553480614894135,2.6390573296152584,1
724,938.0,537,2,31,30,0.7879999999999999,3.4657359027997265,3.4339872044851463,1
725,933.0,346,2,446,51,0.387,6.102558594613569,3.9512437185814275,1
726,929.0,1080,2,47,69,0.565,3.871201010907891,4.248495242049359,1
727,928.0,59,2,259,30,0.486,5.560681631015528,3.4339872044851463,1
728,924.0,1152,2,196,32,0.5,5.2832037287379885,3.4965075614664802,1
729,921.0,77,2,255,83,0.375,5.545177444479562,4.430816798843313,0
730,916.0,171,2,2011,934,0.17600000000000002,7.60688453121963,6.840546529288687,0
731,913.0,1067,2,268,42,0.43400000000000005,5.594711379601839,3.7612001156935624,1
732,910.0,140,2,25,16,0.986,3.258096538021482,2.833213344056216,0
733,910.0,1011,2,122,231,0.34700000000000003,4.812184355372417,5.44673737166631,0
734,906.0,591,2,739,4265,0.16399999999999998,6.606650186198215,8.358431899031295,0
735,903.0,555,2,60,8,1.0,4.110873864173311,2.1972245773362196,1
736,900.0,951,2,106,16,0.68,4.672828834461906,2.833213344056216,1
737,899.0,877,2,150,5,1.0,5.017279836814924,1.791759469228055,1
738,899.0,841,2,113,24,0.59,4.736198448394496,3.2188758248682006,1
739,899.0,145,2,132,262,0.33,4.890349128221754,5.572154032177765,1
740,898.0,8,2,426,32,0.424,6.056784013228625,3.4965075614664802,1
741,895.0,1059,2,105,12,0.748,4.663439094112067,2.5649493574615367,0
742,894.0,399,2,971,96,0.284,6.879355804460439,4.574710978503383,0
743,892.0,1026,2,24,15,1.0,3.2188758248682006,2.772588722239781,0
744,889.0,582,2,2019,551,0.185,7.61085279039525,6.313548046277095,1
745,884.0,889,2,106,6,0.972,4.672828834461906,1.9459101490553132,1
746,881.0,651,2,30,12,1.0,3.4339872044851463,2.5649493574615367,1
747,880.0,550,2,29,13,0.98,3.4011973816621555,2.6390573296152584,0
748,880.0,427,2,24,42,0.727,3.2188758248682006,3.7612001156935624,1
749,876.0,262,2,16,21,1.0,2.833213344056216,3.091042453358316,1
750,875.0,301,2,172,49,0.434,5.153291594497779,3.912023005428146,1
751,874.0,242,2,1271,109,0.26,7.148345743900068,4.700480365792417,0
752,870.0,365,2,138,34,0.49599999999999994,4.9344739331306915,3.5553480614894135,1
753,869.0,999,2,197,51,0.41600000000000004,5.288267030694535,3.9512437185814275,1
754,868.0,382,2,1101,190,0.23600000000000002,7.004881989712859,5.25227342804663,1
755,866.0,911,2,347,13,0.561,5.8522024797744745,2.6390573296152584,0
756,864.0,393,2,338,8,0.675,5.82600010738045,2.1972245773362196,1
757,857.0,719,2,21,15,1.0,3.091042453358316,2.772588722239781,1
758,850.0,43,2,864,12,0.49,6.762729506931879,2.5649493574615367,0
759,849.0,697,2,113,5,1.0,4.736198448394496,1.791759469228055,1
760,846.0,576,2,648,3,0.9420000000000001,6.47543271670409,1.3862943611198906,0
761,846.0,356,2,103,28,0.5409999999999999,4.6443908991413725,3.367295829986474,1
762,845.0,661,2,51,26,0.649,3.9512437185814275,3.295836866004329,1
763,833.0,905,2,90,57,0.455,4.51085950651685,4.060443010546419,0
764,829.0,109,2,910,76,0.28,6.814542897259958,4.343805421853684,1
765,815.0,994,2,183,11,0.629,5.214935757608986,2.4849066497880004,1
766,811.0,421,2,178,23,0.49200000000000005,5.187385805840755,3.1780538303479458,1
767,807.0,1177,2,58,101,0.428,4.07753744390572,4.624972813284271,0
768,797.0,704,2,198,17,0.521,5.293304824724492,2.8903717578961645,0
769,797.0,64,2,2949,94,0.21899999999999997,7.989560449333865,4.553876891600541,1
770,796.0,413,2,207,4,0.927,5.337538079701318,1.6094379124341003,0
771,793.0,1031,2,380,3,0.9620000000000001,5.942799375126701,1.3862943611198906,1
772,793.0,327,2,75,38,0.5,4.330733340286331,3.6635616461296463,0
773,792.0,535,2,213,37,0.406,5.365976015021851,3.6375861597263857,1
774,785.0,530,2,97,5,0.956,4.584967478670572,1.791759469228055,1
775,772.0,177,2,40,7,1.0,3.713572066704308,2.0794415416798357,1
776,772.0,1035,2,726,35,0.327,6.588926477533519,3.58351893845611,0
777,766.0,1164,2,5,71,1.0,1.791759469228055,4.276666119016055,1
778,765.0,730,2,7572,5,0.478,8.932344569113823,1.791759469228055,1
779,762.0,288,2,38,7,1.0,3.6635616461296463,2.0794415416798357,1
780,758.0,1040,2,234,22,0.44299999999999995,5.459585514144159,3.1354942159291497,1
781,756.0,196,2,16,92,0.589,2.833213344056216,4.532599493153256,1
782,747.0,190,2,14,104,0.593,2.70805020110221,4.653960350157523,1
783,746.0,727,2,284,13,0.5,5.652489180268651,2.6390573296152584,1
784,745.0,294,2,947,152,0.21600000000000003,6.854354502255021,5.030437921392435,0
785,741.0,624,2,24,9,1.0,3.2188758248682006,2.302585092994046,1
786,740.0,978,2,20,11,0.978,3.044522437723423,2.4849066497880004,1
787,740.0,1111,2,102,7,0.768,4.634728988229636,2.0794415416798357,1
788,740.0,783,2,74,33,0.486,4.31748811353631,3.5263605246161616,0
789,739.0,1090,2,275,228,0.24200000000000002,5.62040086571715,5.43372200355424,0
790,737.0,128,2,72,30,0.5,4.290459441148391,3.4339872044851463,1
791,735.0,226,2,290,4,0.805,5.673323267171493,1.6094379124341003,1
792,733.0,1102,2,59,48,0.46,4.0943445622221,3.8918202981106265,0
793,731.0,971,2,2269,16,0.33399999999999996,7.727535110475448,2.833213344056216,0
794,712.0,248,2,1434,23,0.308,7.268920128193722,3.1780538303479458,0
795,706.0,1117,2,243,14,0.47400000000000003,5.497168225293202,2.70805020110221,1
796,703.0,928,2,29,7,0.9940000000000001,3.4011973816621555,2.0794415416798357,1
797,702.0,155,2,233,39,0.349,5.455321115357702,3.6888794541139363,0
798,701.0,58,2,198,18,0.45,5.293304824724492,2.9444389791664403,0
799,697.0,436,2,25,282,0.379,3.258096538021482,5.645446897643238,1
800,688.0,378,2,8,1724,0.42,2.1972245773362196,7.45298232946546,0
801,684.0,833,2,665,34,0.29600000000000004,6.501289670540389,3.5553480614894135,0
802,681.0,338,2,56,28,0.5,4.04305126783455,3.367295829986474,0
803,671.0,941,2,187,3,0.924,5.236441962829949,1.3862943611198906,1
804,669.0,592,2,14,25,0.758,2.70805020110221,3.258096538021482,0
805,669.0,395,2,86,19,0.5,4.465908118654584,2.995732273553991,0
806,668.0,320,2,435,2,1.0,6.077642243349034,1.0986122886681098,1
807,667.0,1163,2,122,3,1.0,4.812184355372417,1.3862943611198906,1
808,666.0,924,2,45,5,0.9710000000000001,3.828641396489095,1.791759469228055,1
809,666.0,874,2,1851,143,0.17800000000000002,7.524021415206125,4.969813299576001,1
810,662.0,745,2,275,18,0.4,5.62040086571715,2.9444389791664403,1
811,661.0,1028,2,25,7,0.976,3.258096538021482,2.0794415416798357,1
812,659.0,828,2,60,4,0.996,4.110873864173311,1.6094379124341003,1
813,658.0,407,2,72,5,0.856,4.290459441148391,1.791759469228055,1
814,658.0,594,2,271,9,0.51,5.605802066295998,2.302585092994046,0
815,652.0,42,2,22,7,1.0,3.1354942159291497,2.0794415416798357,1
816,649.0,595,2,865,34,0.27,6.763884908562435,3.5553480614894135,0
817,645.0,76,2,453,194,0.2,6.118097198041348,5.272999558563747,0
818,644.0,152,2,98,52,0.353,4.59511985013459,3.970291913552122,1
819,627.0,44,2,391,4,0.652,5.971261839790462,1.6094379124341003,0
820,627.0,726,2,87,35,0.391,4.477336814478207,3.58351893845611,0
821,626.0,705,2,298,2,1.0,5.700443573390687,1.0986122886681098,0
822,626.0,275,2,48,4,1.0,3.8918202981106265,1.6094379124341003,1
823,621.0,227,2,212,34,0.326,5.3612921657094255,3.5553480614894135,0
824,621.0,1151,2,175,4728,0.14200000000000002,5.170483995038151,8.461469042643875,1
825,616.0,47,2,116,13,0.49,4.762173934797756,2.6390573296152584,1
826,614.0,953,2,146,3,0.888,4.990432586778736,1.3862943611198906,1
827,612.0,112,2,2016,4,0.5,7.6093665379542115,1.6094379124341003,1
828,611.0,241,2,83,3,0.9940000000000001,4.430816798843313,1.3862943611198906,1
829,606.0,517,2,16,71,0.5,2.833213344056216,4.276666119016055,1
830,605.0,244,2,993,13,0.332,6.901737206656574,2.6390573296152584,1
831,602.0,1184,2,1170,58,0.209,7.065613363597717,4.07753744390572,1
832,595.0,1079,2,273,15,0.382,5.6131281063880705,2.772588722239781,1
833,592.0,445,2,2510,43,0.2,7.828436359157585,3.784189633918261,0
834,589.0,520,2,69,3,1.0,4.248495242049359,1.3862943611198906,1
835,588.0,415,2,319,2,0.9280000000000002,5.768320995793772,1.0986122886681098,1
836,584.0,689,2,1440,90,0.17800000000000002,7.273092595999522,4.51085950651685,0
837,583.0,888,2,83,205,0.247,4.430816798843313,5.327876168789581,0
838,581.0,509,2,56,7,0.691,4.04305126783455,2.0794415416798357,1
839,577.0,895,2,90153,10,0.21100000000000002,11.409274598140744,2.3978952727983707,0
840,577.0,1155,2,113,443,0.2,4.736198448394496,6.095824562432225,1
841,572.0,1099,2,9,11,1.0,2.302585092994046,2.4849066497880004,1
842,572.0,65,2,3,61,1.0,1.3862943611198906,4.127134385045092,1
843,572.0,940,2,190,2,0.992,5.25227342804663,1.0986122886681098,0
844,569.0,490,2,201,8,0.488,5.308267697401205,2.1972245773362196,1
845,564.0,1046,2,249,9122,0.11200000000000002,5.521460917862246,9.118553976345474,1
846,562.0,1198,2,182,2,0.982,5.209486152841421,1.0986122886681098,0
847,560.0,321,2,710,51,0.21600000000000003,6.566672429803241,3.9512437185814275,1
848,557.0,549,2,474,380,0.15200000000000002,6.163314804034641,5.942799375126701,0
849,554.0,565,2,965,77,0.185,6.873163834212518,4.356708826689592,1
850,552.0,937,2,289,39,0.264,5.66988092298052,3.6888794541139363,0
851,549.0,808,2,13,7,1.0,2.6390573296152584,2.0794415416798357,1
852,547.0,1174,2,580,5,0.48,6.364750756851911,1.791759469228055,0
853,539.0,84,2,88,22,0.38299999999999995,4.48863636973214,3.1354942159291497,0
854,538.0,960,2,75,11,0.5,4.330733340286331,2.4849066497880004,0
855,535.0,873,2,2982,1,0.965,8.000684784514748,0.6931471805599453,1
856,531.0,446,2,53,14,0.49200000000000005,3.9889840465642745,2.70805020110221,1
857,521.0,197,2,109,3,0.8,4.700480365792417,1.3862943611198906,1
858,518.0,655,2,5,17,1.0,1.791759469228055,2.8903717578961645,1
859,512.0,238,2,26,92,0.34299999999999997,3.295836866004329,4.532599493153256,1
860,511.0,343,2,3910,21,0.2,8.271548374755515,3.091042453358316,0
861,506.0,1091,2,21,3598,0.2,3.091042453358316,8.188411308079031,0
862,504.0,118,2,37,3,1.0,3.6375861597263857,1.3862943611198906,1
863,504.0,853,2,606,50,0.2,6.408528791059498,3.9318256327243257,0
864,498.0,1044,2,23,22,0.5,3.1780538303479458,3.1354942159291497,1
865,497.0,380,2,118,180,0.2,4.77912349311153,5.198497031265826,0
866,494.0,136,2,3097,59,0.15,8.038512020976814,4.0943445622221,1
867,493.0,1014,2,23,5,0.8660000000000001,3.1780538303479458,1.791759469228055,0
868,493.0,107,2,1918,3,0.47,7.5595594960077,1.3862943611198906,1
869,490.0,166,2,20,4,1.0,3.044522437723423,1.6094379124341003,1
870,487.0,936,2,9,20,0.695,2.302585092994046,3.044522437723423,1
871,487.0,80,2,6,42,0.665,1.9459101490553132,3.7612001156935624,0
872,485.0,659,2,217,9,0.391,5.384495062789089,2.302585092994046,1
873,483.0,954,2,8,8,1.0,2.1972245773362196,2.1972245773362196,1
874,482.0,213,2,168,7,0.452,5.1298987149230735,2.0794415416798357,1
875,481.0,106,2,501,47,0.2,6.218600119691729,3.871201010907891,0
876,465.0,896,2,17,4,1.0,2.8903717578961645,1.6094379124341003,0
877,460.0,423,2,65,2,1.0,4.189654742026425,1.0986122886681098,1
878,459.0,195,2,101,3,0.716,4.624972813284271,1.3862943611198906,1
879,458.0,1158,2,39,11,0.5,3.6888794541139363,2.4849066497880004,1
880,454.0,33,2,138,8,0.41900000000000004,4.9344739331306915,2.1972245773362196,1
881,452.0,879,2,88,27,0.30200000000000005,4.48863636973214,3.332204510175204,0
882,450.0,621,2,26,3,0.9840000000000001,3.295836866004329,1.3862943611198906,1
883,448.0,161,2,7182,2,0.4590000000000001,8.879472402074802,1.0986122886681098,1
884,446.0,894,2,881,109,0.14,6.782192056006791,4.700480365792417,1
885,443.0,548,2,673,29,0.2,6.513230110912307,3.4011973816621555,1
886,441.0,36,2,513,195,0.134,6.2422232654551655,5.278114659230517,0
887,436.0,303,2,13,77,0.379,2.6390573296152584,4.356708826689592,1
888,433.0,996,2,47,11,0.45,3.871201010907891,2.4849066497880004,1
889,431.0,178,2,54,2,0.98,4.007333185232471,1.0986122886681098,1
890,431.0,912,2,25,41,0.354,3.258096538021482,3.7376696182833684,0
891,428.0,892,2,6,8,1.0,1.9459101490553132,2.1972245773362196,0
892,428.0,1042,2,6,8,1.0,1.9459101490553132,2.1972245773362196,1
893,427.0,60,2,116,5,0.5,4.762173934797756,1.791759469228055,1
894,427.0,606,2,162,215,0.15600000000000003,5.093750200806762,5.375278407684165,0
895,427.0,761,2,245,472,0.126,5.5053315359323625,6.159095388491933,0
896,426.0,1210,2,22,6,0.698,3.1354942159291497,1.9459101490553132,1
897,424.0,815,2,13,32,0.46,2.6390573296152584,3.4965075614664802,0
898,423.0,348,2,34,2800,0.15,3.5553480614894135,7.937731775260109,0
899,420.0,540,2,3153,2,0.47400000000000003,8.056426767522984,1.0986122886681098,1
900,416.0,948,2,48,2,0.972,3.8918202981106265,1.0986122886681098,1
901,413.0,1193,2,119,180,0.166,4.787491742782046,5.198497031265826,0
902,408.0,967,2,811,20,0.2,6.699500340161678,3.044522437723423,1
903,405.0,9,2,1543,2,0.502,7.342131730584722,1.0986122886681098,0
904,405.0,560,2,471,5,0.36700000000000005,6.156978985585555,1.791759469228055,1
905,404.0,536,2,605,70,0.14800000000000002,6.406879986069314,4.2626798770413155,0
906,403.0,604,2,89,5,0.5,4.499809670330265,1.791759469228055,1
907,403.0,823,2,352,30,0.2,5.8664680569332965,3.4339872044851463,1
908,402.0,497,2,38,2,1.0,3.6635616461296463,1.0986122886681098,1
909,402.0,309,2,88,5,0.5,4.48863636973214,1.791759469228055,1
910,400.0,1050,2,11,4,1.0,2.4849066497880004,1.6094379124341003,1
911,399.0,417,2,627,26,0.188,6.4425401664681985,3.295836866004329,0
912,399.0,946,2,5076,26,0.14200000000000002,8.532475814947395,3.295836866004329,1
913,397.0,1202,2,919,11,0.23399999999999999,6.824373670043086,2.4849066497880004,0
914,396.0,1126,2,18,19,0.449,2.9444389791664403,2.995732273553991,0
915,386.0,504,2,10,4,1.0,2.3978952727983707,1.6094379124341003,1
916,384.0,130,2,202,36,0.2,5.313205979041787,3.6109179126442243,1
917,382.0,1212,2,3010,70,0.11200000000000002,8.010027528481734,4.2626798770413155,1
918,380.0,995,2,363,1,0.929,5.8971538676367405,0.6931471805599453,0
919,380.0,785,2,103,6,0.42100000000000004,4.6443908991413725,1.9459101490553132,1
920,380.0,839,2,112,23,0.253,4.727387818712341,3.1780538303479458,1
921,378.0,608,2,1034,93,0.12,6.942156705699469,4.543294782270004,0
922,377.0,964,2,78,29,0.254,4.3694478524670215,3.4011973816621555,1
923,375.0,351,2,7,36,0.5,2.0794415416798357,3.6109179126442243,0
924,375.0,187,2,200,399,0.11800000000000001,5.303304908059076,5.991464547107982,1
925,373.0,711,2,5,7,1.0,1.791759469228055,2.0794415416798357,1
926,373.0,983,2,781,20,0.18400000000000002,6.661854740545311,3.044522437723423,1
927,372.0,428,2,1434,2,0.466,7.268920128193722,1.0986122886681098,0
928,369.0,468,2,40,10,0.414,3.713572066704308,2.3978952727983707,0
929,369.0,913,2,668,16,0.2,6.505784060128229,2.833213344056216,0
930,369.0,308,2,389,21,0.2,5.966146739123692,3.091042453358316,0
931,366.0,223,2,175,7,0.34,5.170483995038151,2.0794415416798357,1
932,362.0,254,2,30,29,0.31,3.4339872044851463,3.4011973816621555,1
933,359.0,1049,2,54,5,0.5,4.007333185232471,1.791759469228055,1
934,359.0,648,2,806,2,0.488,6.693323668269949,1.0986122886681098,1
935,359.0,614,2,145,4367,0.086,4.983606621708336,8.38206051742474,0
936,357.0,1064,2,471,1,0.8370000000000001,6.156978985585555,0.6931471805599453,0
937,354.0,390,2,24,2,1.0,3.2188758248682006,1.0986122886681098,1
938,354.0,1170,2,61,2,0.78,4.127134385045092,1.0986122886681098,1
939,354.0,567,2,1084,43,0.134,6.98933526597456,3.784189633918261,0
940,350.0,198,2,107,4,0.4640000000000001,4.68213122712422,1.6094379124341003,1
941,350.0,1107,2,753,13,0.2,6.625392368007956,2.6390573296152584,0
942,349.0,863,2,599,2,0.496,6.396929655216146,1.0986122886681098,1
943,349.0,488,2,173,11,0.272,5.159055299214529,2.4849066497880004,0
944,347.0,738,2,8,10,0.6579999999999999,2.1972245773362196,2.3978952727983707,0
945,342.0,605,2,69,4,0.5,4.248495242049359,1.6094379124341003,1
946,338.0,165,2,1747,7,0.21799999999999997,7.466227556215481,2.0794415416798357,0
947,334.0,734,2,537,8,0.242,6.2878585601617845,2.1972245773362196,0
948,329.0,897,2,52,8,0.377,3.970291913552122,2.1972245773362196,0
949,326.0,91,2,12,4,0.79,2.5649493574615367,1.6094379124341003,0
950,325.0,318,2,71,244,0.138,4.276666119016055,5.501258210544727,1
951,324.0,903,2,567,12,0.19899999999999998,6.342121418721152,2.5649493574615367,1
952,323.0,94,2,2,18,1.0,1.0986122886681098,2.9444389791664403,1
953,321.0,1154,2,145,5,0.36,4.983606621708336,1.791759469228055,0
954,320.0,269,2,481,176,0.1,6.1779441140506,5.176149732573829,1
955,315.0,673,2,441,27,0.155,6.091309882077698,3.332204510175204,0
956,314.0,278,2,17,2,0.988,2.8903717578961645,1.0986122886681098,1
957,313.0,675,2,4,6,1.0,1.6094379124341003,1.9459101490553132,1
958,310.0,163,2,346,82,0.12,5.849324779946859,4.418840607796598,1
959,309.0,276,2,11,11,0.5,2.4849066497880004,2.4849066497880004,1
960,307.0,750,2,333,33,0.15,5.811140992976701,3.5263605246161616,1
961,305.0,328,2,15,2,1.0,2.772588722239781,1.0986122886681098,1
962,304.0,53,2,9,13,0.5,2.302585092994046,2.6390573296152584,1
963,304.0,364,2,28,23,0.284,3.367295829986474,3.1780538303479458,1
964,301.0,299,2,18,6,0.526,2.9444389791664403,1.9459101490553132,1
965,300.0,245,2,118,73,0.14600000000000002,4.77912349311153,4.30406509320417,1
966,298.0,773,2,44,49,0.2,3.8066624897703196,3.912023005428146,0
967,293.0,793,2,176,16,0.2,5.176149732573829,2.833213344056216,0
968,285.0,350,2,23,5,0.5,3.1780538303479458,1.791759469228055,1
969,281.0,5,2,2201,2,0.33199999999999996,7.697121317282625,1.0986122886681098,0
970,274.0,876,2,180,13,0.2,5.198497031265826,2.6390573296152584,0
971,274.0,175,2,22,674,0.134,3.1354942159291497,6.51471269087253,1
972,270.0,492,2,167,16,0.18600000000000003,5.123963979403259,2.833213344056216,0
973,265.0,653,2,37,269,0.13,3.6375861597263857,5.598421958998375,1
974,263.0,180,2,11,28,0.314,2.4849066497880004,3.367295829986474,1
975,260.0,315,2,361,9,0.19200000000000003,5.8916442118257715,2.302585092994046,0
976,257.0,179,2,40,1,1.0,3.713572066704308,0.6931471805599453,1
977,257.0,1093,2,19,10,0.358,2.995732273553991,2.3978952727983707,0
978,254.0,906,2,12,8,0.45,2.5649493574615367,2.1972245773362196,1
979,254.0,429,2,912,11,0.15,6.816735880594968,2.4849066497880004,0
980,249.0,186,2,399,7,0.2,5.991464547107982,2.0794415416798357,1
981,248.0,963,2,64,40,0.16,4.174387269895637,3.713572066704308,1
982,243.0,1176,2,340,7,0.2,5.831882477283517,2.0794415416798357,1
983,243.0,1161,2,20,53,0.2,3.044522437723423,3.9889840465642745,0
984,241.0,489,2,152,10,0.2,5.030437921392435,2.3978952727983707,1
985,240.0,1071,2,78,2,0.5,4.3694478524670215,1.0986122886681098,0
986,238.0,268,2,26,36,0.2,3.295836866004329,3.6109179126442243,0
987,238.0,182,2,270,19,0.14200000000000002,5.602118820879701,2.995732273553991,1
988,237.0,300,2,4,18,0.5,1.6094379124341003,2.9444389791664403,1
989,231.0,566,2,15,5,0.4640000000000001,2.772588722239781,1.791759469228055,1
990,231.0,962,2,10,16,0.34,2.3978952727983707,2.833213344056216,1
991,226.0,1016,2,25,1,1.0,3.258096538021482,0.6931471805599453,1
992,226.0,837,2,349,2,0.35100000000000003,5.857933154483459,1.0986122886681098,0
993,226.0,860,2,12,203,0.166,2.5649493574615367,5.318119993844216,0
994,225.0,458,2,658,1,0.5,6.490723534502507,0.6931471805599453,1
995,223.0,778,2,24,1,1.0,3.2188758248682006,0.6931471805599453,1
996,223.0,584,2,24,3,0.5,3.2188758248682006,1.3862943611198906,1
997,219.0,220,2,157,75,0.1,5.062595033026967,4.330733340286331,0
998,218.0,1087,2,337,41,0.1,5.823045895483019,3.7376696182833684,1
999,215.0,460,2,161,1,0.611,5.087596335232384,0.6931471805599453,0
1000,213.0,257,2,522,1,0.49200000000000005,6.259581464064923,0.6931471805599453,1
1001,212.0,439,2,155,19,0.14,5.049856007249537,2.995732273553991,1
1002,211.0,776,2,29,11,0.25,3.4011973816621555,2.4849066497880004,0
1003,206.0,485,2,12,4,0.5,2.5649493574615367,1.6094379124341003,1
1004,205.0,1173,2,9,85,0.2,2.302585092994046,4.454347296253507,1
1005,204.0,408,2,362,1,0.5,5.8944028342648505,0.6931471805599453,0
1006,201.0,505,2,1428,3,0.2,7.264730177929867,1.3862943611198906,1
1007,200.0,1116,2,444,1,0.47300000000000003,6.09807428216624,0.6931471805599453,0
1008,199.0,721,2,140,10,0.168,4.948759890378168,2.3978952727983707,0
1009,198.0,127,2,109,3,0.304,4.700480365792417,1.3862943611198906,0
1010,197.0,1061,2,43,24,0.162,3.784189633918261,3.2188758248682006,1
1011,194.0,225,2,14,35,0.2,2.70805020110221,3.58351893845611,0
1012,192.0,625,2,60,26,0.14200000000000002,4.110873864173311,3.295836866004329,0
1013,188.0,577,2,1,228,0.5,0.6931471805599453,5.43372200355424,0
1014,187.0,434,2,1154,6,0.136,7.051855622955894,1.9459101490553132,1
1015,186.0,510,2,5,7,0.5,1.791759469228055,2.0794415416798357,1
1016,185.0,119,2,897,60,0.066,6.8001700683022,4.110873864173311,0
1017,177.0,568,2,178,9,0.14800000000000002,5.187385805840755,2.302585092994046,0
1018,174.0,685,2,5,6,0.5,1.791759469228055,1.9459101490553132,1
1019,174.0,481,2,202,9,0.14200000000000002,5.313205979041787,2.302585092994046,0
1020,173.0,840,2,5,3,0.696,1.791759469228055,1.3862943611198906,0
1021,172.0,640,2,345,8,0.134,5.846438775057725,2.1972245773362196,0
1022,169.0,987,2,131,1,0.5,4.882801922586371,0.6931471805599453,1
1023,169.0,1156,2,26,2,0.466,3.295836866004329,1.0986122886681098,1
1024,167.0,129,2,68,2,0.358,4.23410650459726,1.0986122886681098,0
1025,165.0,1066,2,4,12,0.4,1.6094379124341003,2.5649493574615367,0
1026,165.0,340,2,6,68,0.2,1.9459101490553132,4.23410650459726,1
1027,165.0,739,2,24,40,0.138,3.2188758248682006,3.713572066704308,1
1028,163.0,352,2,40,8,0.2,3.713572066704308,2.1972245773362196,1
1029,162.0,847,2,18,2,0.5,2.9444389791664403,1.0986122886681098,1
1030,159.0,1119,2,17,2,0.5,2.8903717578961645,1.0986122886681098,1
1031,159.0,412,2,4,13,0.375,1.6094379124341003,2.6390573296152584,0
1032,159.0,72,2,11,16,0.226,2.4849066497880004,2.833213344056216,0
1033,154.0,718,2,51,6,0.2,3.9512437185814275,1.9459101490553132,1
1034,154.0,803,2,50,8,0.17800000000000002,3.9318256327243257,2.1972245773362196,1
1035,151.0,852,2,78,314,0.06,4.3694478524670215,5.752572638825633,1
1036,150.0,939,2,1108,3,0.154,7.011213987350367,1.3862943611198906,1
1037,145.0,392,2,42,8,0.17600000000000002,3.7612001156935624,2.1972245773362196,0
1038,145.0,1120,2,10,152,0.12,2.3978952727983707,5.030437921392435,0
1039,144.0,1083,2,62,1,0.5,4.143134726391533,0.6931471805599453,0
1040,144.0,1129,2,4,5,0.5,1.6094379124341003,1.791759469228055,1
1041,141.0,723,2,615,2,0.2,6.423246963533519,1.0986122886681098,1
1042,140.0,556,2,9,20,0.2,2.302585092994046,3.044522437723423,0
1043,139.0,600,2,151,3,0.2,5.0238805208462765,1.3862943611198906,0
1044,137.0,461,2,233,3,0.18100000000000002,5.455321115357702,1.3862943611198906,1
1045,132.0,539,2,4,16,0.29,1.6094379124341003,2.833213344056216,0
1046,132.0,826,2,59,4,0.2,4.0943445622221,1.6094379124341003,0
1047,132.0,255,2,19,26,0.134,2.995732273553991,3.295836866004329,0
1048,132.0,1030,2,2071,31,0.05,7.6362696033793735,3.4657359027997265,1
1049,130.0,336,2,109,3,0.2,4.700480365792417,1.3862943611198906,1
1050,130.0,976,2,16,9,0.2,2.833213344056216,2.302585092994046,1
1051,125.0,397,2,36,1,0.5,3.6109179126442243,0.6931471805599453,1
1052,125.0,514,2,295,8,0.1,5.69035945432406,2.1972245773362196,1
1053,121.0,487,2,2,8,0.5,1.0986122886681098,2.1972245773362196,1
1054,116.0,787,2,632,5,0.1,6.450470422144176,1.791759469228055,0
1055,113.0,283,2,2,12,0.4,1.0986122886681098,2.5649493574615367,0
1056,113.0,1165,2,168,2,0.2,5.1298987149230735,1.0986122886681098,1
1057,113.0,235,2,8,12,0.2,2.1972245773362196,2.5649493574615367,0
1058,113.0,979,2,158,28,0.066,5.0689042022202315,3.367295829986474,1
1059,112.0,522,2,301,1,0.284,5.71042701737487,0.6931471805599453,1
1060,110.0,462,2,9,10,0.2,2.302585092994046,2.3978952727983707,0
1061,110.0,985,2,338,2,0.172,5.82600010738045,1.0986122886681098,0
1062,107.0,494,2,7,12,0.2,2.0794415416798357,2.5649493574615367,1
1063,106.0,915,2,2027,1,0.2,7.614805364711073,0.6931471805599453,0
1064,105.0,369,2,68,2,0.226,4.23410650459726,1.0986122886681098,0
1065,105.0,473,2,2010,1,0.2,7.606387389772652,0.6931471805599453,1
1066,105.0,817,2,6,14,0.2,1.9459101490553132,2.70805020110221,0
1067,104.0,814,2,15,3,0.27,2.772588722239781,1.3862943611198906,0
1068,102.0,779,2,202,2,0.17400000000000002,5.313205979041787,1.0986122886681098,1
1069,100.0,570,2,6,12,0.2,1.9459101490553132,2.5649493574615367,1
1070,94.0,538,2,151,109,0.04,5.0238805208462765,4.700480365792417,0
1071,93.0,349,2,17,4,0.2,2.8903717578961645,1.6094379124341003,0
1072,92.0,871,2,65,2,0.2,4.189654742026425,1.0986122886681098,0
1073,92.0,516,2,224,12,0.066,5.41610040220442,2.5649493574615367,0
1074,91.0,1058,2,23,1,0.4109999999999999,3.1780538303479458,0.6931471805599453,1
1075,90.0,1175,2,25,4,0.172,3.258096538021482,1.6094379124341003,1
1076,89.0,752,2,56,2,0.2,4.04305126783455,1.0986122886681098,0
1077,88.0,85,2,4,2,0.5,1.6094379124341003,1.0986122886681098,1
1078,88.0,329,2,2,4,0.5,1.0986122886681098,1.6094379124341003,1
1079,86.0,611,2,9,15,0.134,2.302585092994046,2.772588722239781,1
1080,82.0,780,2,375,1,0.2,5.929589143389895,0.6931471805599453,1
1081,82.0,807,2,147,2,0.15,4.997212273764115,1.0986122886681098,0
1082,78.0,4,2,534,1,0.18,6.282266746896006,0.6931471805599453,0
1083,77.0,62,2,10,4,0.2,2.3978952727983707,1.6094379124341003,0
1084,77.0,1207,2,10,4,0.2,2.3978952727983707,1.6094379124341003,0
1085,75.0,950,2,221,1,0.2,5.402677381872279,0.6931471805599453,0
1086,75.0,418,2,4,21,0.15,1.6094379124341003,3.091042453358316,0
1087,73.0,79,2,13,3,0.2,2.6390573296152584,1.3862943611198906,1
1088,72.0,1136,2,7,1,0.5,2.0794415416798357,0.6931471805599453,1
1089,72.0,1135,2,183,1,0.2,5.214935757608986,0.6931471805599453,1
1090,71.0,34,2,12,3,0.2,2.5649493574615367,1.3862943611198906,1
1091,71.0,587,2,430,18,0.04,6.066108090103747,2.9444389791664403,0
1092,69.0,1092,2,146,1,0.2,4.990432586778736,0.6931471805599453,1
1093,68.0,687,2,135,1,0.2,4.912654885736052,0.6931471805599453,1
1094,68.0,1084,2,683,1,0.15,6.52795791762255,0.6931471805599453,0
1095,67.0,541,2,128,1,0.2,4.859812404361672,0.6931471805599453,1
1096,67.0,508,2,1286,1,0.134,7.160069207596127,0.6931471805599453,0
1097,65.0,74,2,18,2,0.2,2.9444389791664403,1.0986122886681098,1
1098,65.0,1018,2,42,2,0.158,3.7612001156935624,1.0986122886681098,1
1099,63.0,491,2,6,4,0.2,1.9459101490553132,1.6094379124341003,0
1100,62.0,607,2,88,1,0.2,4.48863636973214,0.6931471805599453,0
1101,62.0,1204,2,308,14,0.04,5.733341276897746,2.70805020110221,1
1102,60.0,1199,2,73,1,0.2,4.30406509320417,0.6931471805599453,0
1103,59.0,482,2,865,1,0.126,6.763884908562435,0.6931471805599453,0
1104,58.0,306,2,66,1,0.2,4.204692619390966,0.6931471805599453,1
1105,56.0,52,2,90,1,0.18,4.51085950651685,0.6931471805599453,0
1106,55.0,754,2,53,1,0.2,3.9889840465642745,0.6931471805599453,1
1107,54.0,715,2,3,6,0.2,1.3862943611198906,1.9459101490553132,1
1108,54.0,732,2,119,1,0.162,4.787491742782046,0.6931471805599453,1
1109,54.0,1178,2,49,3,0.1,3.912023005428146,1.3862943611198906,1
1110,50.0,1062,2,247,1,0.132,5.5134287461649825,0.6931471805599453,0
1111,50.0,944,2,422,1,0.12,6.0473721790462776,0.6931471805599453,1
1112,49.0,869,2,128,1,0.14400000000000002,4.859812404361672,0.6931471805599453,0
1113,47.0,628,2,413,1,0.11200000000000002,6.025865973825314,0.6931471805599453,1
1114,45.0,870,2,9,1,0.283,2.302585092994046,0.6931471805599453,0
1115,44.0,991,2,32,1,0.182,3.4965075614664802,0.6931471805599453,0
1116,44.0,993,2,114,1,0.134,4.74493212836325,0.6931471805599453,1
1117,39.0,396,2,2,5,0.2,1.0986122886681098,1.791759469228055,1
1118,38.0,123,2,2,1,0.5,1.0986122886681098,0.6931471805599453,1
1119,38.0,237,2,2,1,0.5,1.0986122886681098,0.6931471805599453,0
1120,38.0,480,2,1,15,0.2,0.6931471805599453,2.772588722239781,0
1121,35.0,883,2,2,4,0.2,1.0986122886681098,1.6094379124341003,1
1122,35.0,75,2,8,7,0.07600000000000001,2.1972245773362196,2.0794415416798357,0
1123,34.0,292,2,11,1,0.2,2.4849066497880004,0.6931471805599453,1
1124,34.0,425,2,21,1,0.16,3.091042453358316,0.6931471805599453,1
1125,33.0,243,2,7,3,0.114,2.0794415416798357,1.3862943611198906,0
1126,32.0,830,2,9,1,0.2,2.302585092994046,0.6931471805599453,0
1127,32.0,829,2,56,2,0.07200000000000001,4.04305126783455,1.0986122886681098,0
1128,31.0,770,2,43,1,0.12,3.784189633918261,0.6931471805599453,1
1129,31.0,383,2,2,16,0.1,1.0986122886681098,2.833213344056216,0
1130,30.0,691,2,8,1,0.2,2.1972245773362196,0.6931471805599453,1
1131,30.0,825,2,2,3,0.2,1.0986122886681098,1.3862943611198906,1
1132,30.0,1104,2,10,1,0.18,2.3978952727983707,0.6931471805599453,1
1133,27.0,325,2,165,1,0.07600000000000001,5.111987788356544,0.6931471805599453,0
1134,27.0,643,2,6,7,0.066,1.9459101490553132,2.0794415416798357,1
1135,27.0,1132,2,862,26,0.012000000000000002,6.760414691083428,3.295836866004329,0
1136,26.0,40,2,11,1,0.15,2.4849066497880004,0.6931471805599453,1
1137,25.0,1032,2,5,1,0.2,1.791759469228055,0.6931471805599453,1
1138,22.0,1100,2,4,1,0.2,1.6094379124341003,0.6931471805599453,0
1139,22.0,623,2,4,1,0.2,1.6094379124341003,0.6931471805599453,1
1140,20.0,588,2,80,1,0.066,4.394449154672439,0.6931471805599453,0
1141,19.0,630,2,2,1,0.25,1.0986122886681098,0.6931471805599453,0
1142,19.0,21,2,1,3,0.2,0.6931471805599453,1.3862943611198906,0
1143,18.0,810,2,42,1,0.068,3.7612001156935624,0.6931471805599453,0
1144,16.0,357,2,9,1,0.1,2.302585092994046,0.6931471805599453,1
1145,15.0,728,2,1,2,0.2,0.6931471805599453,1.0986122886681098,1
1146,15.0,499,2,1,2,0.2,0.6931471805599453,1.0986122886681098,1
1147,10.0,403,2,1,1,0.2,0.6931471805599453,0.6931471805599453,1
1148,10.0,156,2,3,2,0.066,1.3862943611198906,1.0986122886681098,1
1149,0.0,101,2,3704,26,0.0,8.217438537730187,3.295836866004329,1
1150,0.0,29,2,3258,7,0.0,8.089175678837561,2.0794415416798357,0
1151,0.0,1056,2,1975,1,0.0,7.588829878307813,0.6931471805599453,0
1152,0.0,908,2,1570,38,0.0,7.359467638255621,3.6635616461296463,0
1153,0.0,579,2,1050,1,0.0,6.957497370876951,0.6931471805599453,0
1154,0.0,317,2,840,46,0.0,6.734591659972948,3.8501476017100584,1
1155,0.0,1146,2,785,29,0.0,6.666956792429207,3.4011973816621555,0
1156,0.0,111,2,665,8,0.0,6.501289670540389,2.1972245773362196,1
1157,0.0,463,2,592,100,0.0,6.385194398997726,4.61512051684126,1
1158,0.0,851,2,380,5,0.0,5.942799375126701,1.791759469228055,1
1159,0.0,1096,2,195,4,0.0,5.278114659230517,1.6094379124341003,0
1160,0.0,367,2,171,178,0.0,5.147494476813453,5.187385805840755,0
1161,0.0,626,2,169,16,0.0,5.135798437050262,2.833213344056216,0
1162,0.0,452,2,105,6,0.0,4.663439094112067,1.9459101490553132,0
1163,0.0,947,2,104,3,0.0,4.653960350157523,1.3862943611198906,1
1164,0.0,923,2,81,1,0.0,4.406719247264253,0.6931471805599453,1
1165,0.0,342,2,68,21,0.0,4.23410650459726,3.091042453358316,0
1166,0.0,330,2,52,11,0.0,3.970291913552122,2.4849066497880004,0
1167,0.0,263,2,46,128,0.0,3.8501476017100584,4.859812404361672,1
1168,0.0,553,2,40,3,0.0,3.713572066704308,1.3862943611198906,1
1169,0.0,426,2,38,3,0.0,3.6635616461296463,1.3862943611198906,1
1170,0.0,1095,2,33,8,0.0,3.5263605246161616,2.1972245773362196,0
1171,0.0,470,2,27,25,0.0,3.332204510175204,3.258096538021482,0
1172,0.0,970,2,27,3,0.0,3.332204510175204,1.3862943611198906,0
1173,0.0,1183,2,20,123,0.0,3.044522437723423,4.820281565605037,1
1174,0.0,558,2,16,1,0.0,2.833213344056216,0.6931471805599453,1
1175,0.0,149,2,15,16,0.0,2.772588722239781,2.833213344056216,0
1176,0.0,782,2,14,44,0.0,2.70805020110221,3.8066624897703196,0
1177,0.0,455,2,13,62,0.0,2.6390573296152584,4.143134726391533,0
1178,0.0,246,2,12,6,0.0,2.5649493574615367,1.9459101490553132,1
1179,0.0,1005,2,11,1,0.0,2.4849066497880004,0.6931471805599453,0
1180,0.0,910,2,10,1,0.0,2.3978952727983707,0.6931471805599453,1
1181,0.0,1033,2,9,29,0.0,2.302585092994046,3.4011973816621555,0
1182,0.0,440,2,7,22,0.0,2.0794415416798357,3.1354942159291497,0
1183,0.0,1021,2,7,19,0.0,2.0794415416798357,2.995732273553991,0
1184,0.0,234,2,6,36,0.0,1.9459101490553132,3.6109179126442243,0
1185,0.0,1125,2,5,1,0.0,1.791759469228055,0.6931471805599453,0
1186,0.0,90,2,4,2,0.0,1.6094379124341003,1.0986122886681098,0
1187,0.0,39,2,4,1,0.0,1.6094379124341003,0.6931471805599453,1
1188,0.0,1,2,3,7,0.0,1.3862943611198906,2.0794415416798357,1
1189,0.0,173,2,2,234,0.0,1.0986122886681098,5.459585514144159,0
1190,0.0,1130,2,2,6,0.0,1.0986122886681098,1.9459101490553132,0
1191,0.0,476,2,2,2,0.0,1.0986122886681098,1.0986122886681098,0
1192,0.0,956,2,1,555,0.0,0.6931471805599453,6.320768294250582,1
1193,0.0,281,2,1,44,0.0,0.6931471805599453,3.8066624897703196,0
1194,0.0,1185,2,1,9,0.0,0.6931471805599453,2.302585092994046,1
1195,0.0,210,2,1,5,0.0,0.6931471805599453,1.791759469228055,0
1196,0.0,389,2,1,4,0.0,0.6931471805599453,1.6094379124341003,1
1197,0.0,543,2,1,3,0.0,0.6931471805599453,1.3862943611198906,1
1198,0.0,982,2,1,1,0.0,0.6931471805599453,0.6931471805599453,0
1199,0.0,1148,1,0,3529853,0.0,0.0,15.07676706828077,1
1200,0.0,743,2,0,28,0.0,0.0,3.367295829986474,0
1201,0.0,256,2,0,18,0.0,0.0,2.9444389791664403,1
1202,0.0,820,2,0,11,0.0,0.0,2.4849066497880004,1
1203,0.0,811,2,0,8,0.0,0.0,2.1972245773362196,1
1204,0.0,901,2,0,6,0.0,0.0,1.9459101490553132,0
1205,0.0,360,2,0,5,0.0,0.0,1.791759469228055,0
1206,0.0,17,2,0,4,0.0,0.0,1.6094379124341003,0
1207,0.0,706,2,0,3,0.0,0.0,1.3862943611198906,0
1208,0.0,1134,2,0,3,0.0,0.0,1.3862943611198906,1
1209,0.0,969,2,0,3,0.0,0.0,1.3862943611198906,1
1210,0.0,1189,2,0,2,0.0,0.0,1.0986122886681098,0
1211,0.0,363,2,0,2,0.0,0.0,1.0986122886681098,1
1212,0.0,921,2,0,2,0.0,0.0,1.0986122886681098,1
1213,0.0,574,2,0,1,0.0,0.0,0.6931471805599453,1
1214,0.0,68,2,0,1,0.0,0.0,0.6931471805599453,0
1215,0.0,312,2,0,1,0.0,0.0,0.6931471805599453,1
1216,0.0,644,2,0,1,0.0,0.0,0.6931471805599453,0
1217,0.0,280,2,0,1,0.0,0.0,0.6931471805599453,1
1218,0.0,771,2,0,1,0.0,0.0,0.6931471805599453,0
1219,0.0,638,2,0,1,0.0,0.0,0.6931471805599453,1
