product_id,recent_month_sale,month_before_day_sales,sales_trend_id,sales_rank,buy_box_price,rating,rating_rank,condition_id,availability_id,is_new,is_fba,is_prime,rating_range_id,leaf_category,brand_id
720,0,0,3,706,1449.0,4.0,674,1.0,1,1,0,0,2,1.0,27
721,0,0,3,705,0.0,4.0,673,,3,1,0,1,2,1.0,27
722,0,0,3,702,1379.0,4.0,670,1.0,1,1,0,0,2,1.0,27
723,0,0,3,704,1163.99,4.0,672,1.0,1,1,0,0,2,1.0,27
724,0,0,3,807,1279.99,4.5,800,1.0,1,1,0,0,1,1.0,27
725,0,0,3,758,1589.99,3.9,738,1.0,1,1,0,0,3,1.0,27
726,0,0,3,762,1250.99,3.9,742,1.0,1,1,0,0,3,1.0,27
727,0,0,3,763,1149.99,3.9,743,,1,1,0,0,3,1.0,27
728,0,0,3,427,349.0,4.2,197,1.0,1,1,0,0,2,14.0,27
729,0,0,3,426,273.0,4.2,196,1.0,1,1,0,0,2,14.0,27
730,0,0,3,415,0.0,4.2,185,,3,1,0,1,2,14.0,27
731,0,0,3,416,273.0,4.2,186,1.0,1,1,0,0,2,14.0,27
732,0,0,3,417,339.0,4.2,187,1.0,1,1,0,0,2,14.0,27
733,100,0,1,187,598.49,4.0,628,1.0,1,1,1,1,2,13.0,34
734,100,50,1,183,474.99,4.0,613,1.0,1,1,1,1,2,13.0,11
735,0,0,3,607,0.0,3.6,516,,3,1,0,1,3,13.0,36
736,100,0,1,195,1379.99,4.1,746,1.0,1,1,1,1,2,13.0,36
737,0,0,3,418,299.0,4.2,188,1.0,1,1,0,0,2,14.0,27
738,0,0,3,419,270.0,4.2,189,1.0,1,1,0,0,2,14.0,27
739,0,0,3,420,299.0,4.2,190,1.0,1,1,1,1,2,14.0,27
740,0,0,3,421,349.0,4.2,191,1.0,1,1,0,0,2,14.0,27
741,0,0,3,428,329.0,4.2,198,,1,1,0,0,2,14.0,6
742,0,0,3,414,0.0,4.2,184,,3,1,0,1,2,14.0,27
743,100,5350,2,184,2779.0,4.2,621,1.0,1,1,0,0,2,13.0,22
744,100,0,1,194,1458.16,4.4,728,1.0,1,1,1,1,2,13.0,22
745,0,0,3,860,0.0,3.5,856,,2,1,0,1,3,13.0,34
746,0,0,3,851,0.0,3.5,847,,2,1,0,1,3,13.0,34
747,50,100,2,310,599.99,4.1,653,1.0,1,1,1,1,2,13.0,34
748,0,0,3,423,339.0,4.2,193,1.0,1,1,0,0,2,,27
749,0,0,3,422,289.0,4.2,192,1.0,1,1,0,0,2,14.0,27
750,0,0,3,424,340.99,4.2,194,1.0,1,1,0,0,2,14.0,27
751,0,0,3,425,329.0,4.2,195,1.0,1,1,0,0,2,14.0,27
752,0,0,3,821,449.99,4.6,816,1.0,1,1,0,0,1,,29
753,0,0,3,699,0.0,4.3,663,,2,1,0,1,2,,29
754,0,0,3,932,669.0,0.0,931,3.0,1,1,0,0,5,10.0,8
755,0,0,3,866,0.0,5.0,862,,2,1,0,1,1,,29
756,50,0,1,322,549.99,4.2,729,1.0,1,1,0,0,2,1.0,29
757,0,0,3,948,0.0,0.0,948,,2,1,0,1,5,,29
758,50,150,2,288,1379.99,3.6,518,1.0,1,1,1,1,3,13.0,36
759,0,0,3,663,0.0,4.2,600,,2,1,0,1,2,1.0,5
760,100,4500,2,188,567.98,4.4,640,1.0,1,1,0,0,2,14.0,26
761,50,300,2,314,2297.34,4.3,664,1.0,1,1,1,1,2,13.0,22
762,0,0,3,667,579.49,4.0,608,1.0,1,1,1,1,2,13.0,34
763,0,0,3,871,895.0,5.0,867,,1,1,0,0,1,14.0,26
764,0,0,3,854,733.0,5.0,850,1.0,1,1,0,0,1,14.0,26
765,0,0,3,957,559.0,0.0,957,1.0,1,1,0,0,5,14.0,26
766,200,2000,2,121,629.99,4.0,770,1.0,1,1,0,0,2,14.0,26
767,0,0,3,955,879.0,0.0,955,1.0,1,1,0,0,5,14.0,26
768,0,0,3,711,1299.0,4.3,682,1.0,1,1,0,0,2,13.0,29
769,0,0,3,795,1899.99,5.0,786,1.0,1,1,0,0,1,1.0,26
770,0,0,3,794,2099.99,5.0,785,1.0,1,1,0,0,1,1.0,26
771,0,0,3,793,1799.99,5.0,784,1.0,1,1,0,0,1,1.0,26
772,0,0,3,953,1699.99,0.0,953,1.0,1,1,0,0,5,1.0,26
773,0,0,3,712,859.97,4.3,683,8.0,1,0,0,0,2,13.0,29
774,300,2500,2,78,374.97,4.4,260,1.0,1,1,1,1,2,14.0,26
775,0,0,3,626,1199.99,4.2,548,1.0,1,1,0,0,2,13.0,38
776,50,50,3,252,560.49,3.7,303,1.0,1,1,1,1,3,13.0,34
777,100,150,2,175,629.99,4.4,575,1.0,1,1,0,0,2,13.0,31
778,50,0,1,331,202.99,3.0,793,,1,1,0,0,3,9.0,27
779,0,0,3,952,779.99,0.0,952,1.0,1,1,0,0,5,,27
780,0,0,3,756,1959.99,4.5,736,1.0,1,1,0,0,1,13.0,27
781,0,0,3,755,1259.99,4.5,735,1.0,1,1,0,0,1,13.0,27
782,0,0,3,680,849.99,4.3,634,1.0,1,1,0,0,2,1.0,27
783,50,50,3,335,0.0,2.4,880,,2,1,0,1,4,13.0,16
784,0,0,3,697,589.99,4.0,659,1.0,1,1,0,0,2,1.0,29
785,50,0,1,313,599.99,4.0,660,1.0,1,1,0,0,2,1.0,29
786,0,0,3,677,1089.0,4.1,631,1.0,1,1,0,0,2,1.0,29
787,0,0,3,676,1399.0,4.1,630,1.0,1,1,0,0,2,1.0,29
788,0,0,3,808,0.0,4.7,801,,2,1,0,1,1,13.0,27
789,0,0,3,884,889.99,2.5,881,1.0,1,1,0,0,4,13.0,27
790,0,0,3,791,0.0,4.8,782,,2,1,0,1,1,13.0,27
791,0,50,2,630,0.0,4.5,554,,2,1,0,1,1,13.0,27
792,200,800,2,110,409.99,4.6,455,5.0,1,1,0,0,1,12.0,23
793,0,0,3,564,459.97,4.6,456,5.0,1,1,0,0,1,12.0,23
794,300,200,1,84,419.97,4.6,457,5.0,1,1,0,0,1,12.0,23
795,0,0,3,566,579.97,4.6,461,5.0,1,1,0,0,1,12.0,23
796,100,0,1,169,379.99,4.6,458,5.0,1,1,0,0,1,12.0,23
797,0,0,3,565,459.97,4.6,460,5.0,1,1,0,0,1,12.0,23
798,50,0,1,281,369.99,4.6,459,5.0,1,1,0,0,1,12.0,23
799,0,0,3,562,729.97,4.6,451,5.0,1,1,0,0,1,12.0,23
800,0,0,3,563,729.97,4.6,454,5.0,1,1,0,0,1,12.0,23
801,100,600,2,177,699.99,4.7,592,1.0,1,1,0,0,1,13.0,27
802,0,0,3,506,0.0,4.1,358,,2,1,0,1,2,14.0,26
803,0,0,3,687,1119.99,4.2,642,1.0,1,1,0,0,2,13.0,27
804,0,0,3,688,979.0,4.2,643,1.0,1,1,0,0,2,13.0,27
805,0,0,3,689,0.0,4.2,644,,3,1,0,1,2,13.0,27
806,0,0,3,690,929.99,4.2,645,1.0,1,1,0,0,2,13.0,27
807,0,0,3,691,769.99,4.2,646,1.0,1,1,0,0,2,13.0,27
808,100,2900,2,147,350.0,4.4,261,1.0,1,1,0,0,2,14.0,26
809,0,0,3,942,1189.99,0.0,942,1.0,1,1,0,0,5,13.0,27
810,0,0,3,908,1299.0,5.0,906,1.0,1,1,0,0,1,13.0,27
811,50,50,3,265,0.0,4.1,357,,3,1,0,1,2,14.0,26
812,50,3050,2,311,488.88,4.1,654,1.0,1,1,0,0,2,10.0,29
813,0,0,3,946,949.99,0.0,946,1.0,1,1,0,0,5,,29
814,0,0,3,943,0.0,0.0,943,,2,1,0,1,5,,29
815,0,0,3,857,0.0,3.8,853,,3,1,0,1,3,1.0,29
816,0,0,3,685,0.0,4.1,639,,2,1,0,1,2,13.0,29
817,0,0,3,833,2299.99,4.6,828,1.0,1,1,0,0,1,13.0,39
818,100,0,1,191,664.99,4.0,680,1.0,1,1,1,1,2,13.0,34
819,0,0,3,951,1541.24,0.0,951,1.0,1,1,0,0,5,14.0,29
820,100,1400,2,168,305.1,4.2,450,1.0,1,1,0,0,2,14.0,27
821,100,2800,2,167,305.1,4.2,449,1.0,1,1,0,0,2,14.0,27
822,100,1400,2,166,305.1,4.2,448,1.0,1,1,0,0,2,14.0,27
823,0,0,3,788,439.99,4.4,774,1.0,1,1,0,0,2,13.0,39
824,0,0,3,787,699.99,4.4,772,1.0,1,1,0,0,2,13.0,39
825,100,50,1,197,399.99,4.4,773,1.0,1,1,0,0,2,13.0,39
826,0,0,3,786,1039.99,4.4,771,1.0,1,1,0,0,2,13.0,39
827,0,0,3,862,599.99,3.2,858,1.0,1,1,0,0,3,13.0,39
828,0,0,3,956,1251.24,0.0,956,1.0,1,1,0,0,5,14.0,29
829,0,0,3,660,1819.99,4.3,594,1.0,1,1,1,1,2,13.0,20
830,200,900,2,119,163.33,3.9,658,3.0,1,0,0,0,3,13.0,26
831,50,0,1,289,269.99,4.5,526,1.0,1,1,0,0,1,14.0,27
832,0,0,3,611,249.99,4.5,524,1.0,1,1,0,0,1,14.0,27
833,100,0,1,172,279.99,4.5,523,1.0,1,1,0,0,1,14.0,27
834,50,50,3,291,299.99,4.5,530,1.0,1,1,0,0,1,14.0,27
835,0,0,3,610,319.99,4.5,522,1.0,1,1,0,0,1,14.0,27
836,0,0,3,612,249.99,4.5,525,1.0,1,1,0,0,1,14.0,27
837,50,50,3,290,269.99,4.5,527,1.0,1,1,0,0,1,14.0,27
838,0,0,3,613,249.99,4.5,528,1.0,1,1,0,0,1,14.0,27
839,100,300,2,173,251.99,4.5,529,1.0,1,1,0,0,1,14.0,27
600,0,0,3,770,1458.99,4.2,752,1.0,1,1,0,0,2,1.0,26
601,0,0,3,768,1789.99,4.2,750,1.0,1,1,0,0,2,1.0,26
602,0,0,3,766,1358.99,4.2,748,1.0,1,1,0,0,2,1.0,26
603,0,0,3,765,1128.99,4.2,747,1.0,1,1,0,0,2,1.0,26
604,0,0,3,767,858.99,4.2,749,1.0,1,1,0,0,2,1.0,26
605,0,0,3,769,1238.99,4.2,751,1.0,1,1,0,0,2,1.0,26
606,0,0,3,864,0.0,5.0,860,,2,1,0,1,1,13.0,27
607,0,0,3,401,699.99,4.5,148,1.0,1,1,0,0,1,13.0,27
608,0,0,3,682,0.0,4.1,636,,2,1,0,1,2,13.0,29
609,0,0,3,858,0.0,3.7,854,,2,1,0,1,3,13.0,19
610,0,0,3,861,0.0,3.2,857,,2,1,0,1,3,13.0,19
611,50,50,3,277,635.0,4.5,431,1.0,1,1,0,0,1,14.0,29
612,100,2500,2,163,507.99,4.5,430,1.0,1,1,0,0,1,14.0,29
613,300,3600,2,82,444.0,4.5,429,1.0,1,1,0,0,1,14.0,29
614,200,600,2,115,589.99,4.4,556,1.0,1,1,1,1,2,13.0,15
615,100,600,2,162,1899.99,4.3,425,1.0,1,1,1,1,2,13.0,36
616,200,5400,2,107,2399.99,4.4,330,1.0,1,1,1,1,2,14.0,21
617,0,0,3,452,0.0,4.5,237,,2,1,0,1,1,13.0,25
618,0,0,3,453,0.0,4.5,238,,2,1,0,1,1,13.0,25
619,0,0,3,450,1289.99,4.5,234,1.0,1,1,0,0,1,13.0,25
620,0,0,3,451,1279.0,4.5,235,1.0,1,1,0,0,1,13.0,25
621,0,0,3,931,1149.99,0.0,930,1.0,1,1,0,0,5,14.0,29
622,0,0,3,638,1229.99,4.4,565,1.0,1,1,0,0,2,14.0,29
623,0,0,3,637,0.0,4.4,564,,3,1,0,1,2,14.0,29
624,0,0,3,642,1039.99,4.4,569,1.0,1,1,0,0,2,14.0,29
625,0,50,2,710,589.99,3.9,681,1.0,1,1,1,1,3,13.0,19
626,500,39500,2,57,553.7,4.4,396,1.0,1,1,1,1,2,14.0,27
627,500,43500,2,53,511.81,4.4,356,1.0,1,1,1,1,2,14.0,27
628,0,0,3,929,0.0,0.0,928,,2,1,0,1,5,14.0,30
629,0,0,3,928,0.0,0.0,927,,2,1,0,1,5,14.0,30
630,0,0,3,664,0.0,4.5,603,,2,1,0,1,1,1.0,29
631,100,250,2,178,549.99,4.3,595,1.0,1,1,1,1,2,13.0,20
632,0,0,3,623,999.99,4.2,544,1.0,1,1,1,1,2,13.0,38
633,50,50,3,293,1249.99,4.2,547,1.0,1,1,0,0,2,13.0,38
634,0,0,3,625,1624.99,4.2,546,1.0,1,1,0,0,2,13.0,38
635,0,0,3,843,1549.0,5.0,839,1.0,1,1,0,0,1,1.0,27
636,0,0,3,844,1649.0,5.0,840,1.0,1,1,0,0,1,1.0,27
637,0,0,3,839,0.0,5.0,835,,3,1,0,1,1,1.0,27
638,0,0,3,748,674.49,4.0,725,1.0,1,1,1,1,2,13.0,34
639,50,50,3,333,699.99,4.3,810,1.0,1,1,1,1,2,1.0,27
640,1000,205500,2,17,559.99,4.8,55,1.0,1,1,1,1,1,12.0,4
641,1000,238600,2,16,562.99,4.8,54,1.0,1,1,1,1,1,12.0,4
642,200,1100,2,93,689.2,4.8,53,1.0,1,1,1,1,1,12.0,4
643,50,150,2,203,789.0,4.8,52,1.0,1,1,1,1,1,12.0,4
644,0,0,3,359,1099.0,4.8,45,1.0,1,1,1,1,1,12.0,4
645,200,300,2,92,849.0,4.8,51,1.0,1,1,1,1,1,12.0,4
646,2000,178000,2,10,551.0,4.8,50,1.0,1,1,1,1,1,12.0,4
647,0,0,3,361,1166.0,4.8,48,1.0,1,1,1,1,1,12.0,4
648,0,0,3,360,991.44,4.8,47,1.0,1,1,1,1,1,12.0,4
649,400,6600,2,61,649.0,4.8,46,1.0,1,1,1,1,1,12.0,4
650,100,1400,2,125,779.73,4.8,49,1.0,1,1,1,1,1,12.0,4
651,0,0,3,362,982.0,4.8,56,1.0,1,1,1,1,1,12.0,4
652,1000,32000,2,15,656.99,4.8,44,1.0,1,1,1,1,1,12.0,4
653,100,0,1,198,588.99,4.0,781,1.0,1,1,1,1,2,13.0,34
654,0,0,3,508,614.99,4.6,366,5.0,1,1,0,0,1,12.0,23
655,0,0,3,462,559.0,4.2,251,1.0,1,1,0,0,2,14.0,29
656,0,0,3,443,519.0,4.1,227,1.0,1,1,0,0,2,14.0,8
657,0,0,3,439,579.0,4.1,222,1.0,1,1,0,0,2,14.0,29
658,0,0,3,460,519.0,4.2,249,1.0,1,1,0,0,2,14.0,29
659,0,0,3,400,0.0,4.5,147,,3,1,0,1,1,13.0,27
660,0,0,3,399,1999.99,4.5,146,1.0,1,1,0,0,1,13.0,27
661,0,0,3,398,649.99,4.5,145,1.0,1,1,0,0,1,13.0,27
662,50,50,3,225,749.99,4.5,144,1.0,1,1,0,0,1,13.0,27
663,500,32500,2,51,1398.0,4.4,329,1.0,1,1,0,0,2,14.0,21
664,200,26100,2,102,547.0,4.4,259,1.0,1,1,0,0,2,14.0,26
665,0,0,3,887,0.0,5.0,885,,2,1,0,1,1,14.0,30
666,0,0,3,672,1209.95,4.4,618,1.0,1,1,0,0,2,13.0,32
667,0,0,3,878,1349.95,4.5,874,1.0,1,1,0,0,1,13.0,32
668,50,50,3,279,544.99,3.7,443,1.0,1,1,1,1,3,13.0,34
669,50,0,1,319,1150.0,4.1,693,1.0,1,1,0,0,2,13.0,26
670,0,0,3,707,1389.0,4.0,675,1.0,1,1,0,0,2,1.0,27
671,0,0,3,703,1066.99,4.0,671,,1,1,0,0,2,1.0,27
672,50,50,3,332,1049.99,4.1,803,1.0,1,1,0,0,2,13.0,27
673,0,0,3,809,899.99,4.1,802,1.0,1,1,0,0,2,13.0,27
674,0,0,3,701,599.99,4.2,668,1.0,1,1,0,0,2,13.0,27
675,0,0,3,700,649.99,4.2,667,1.0,1,1,0,0,2,13.0,27
676,200,500,2,120,899.99,4.2,666,,1,1,0,0,2,13.0,27
677,200,0,1,109,649.0,4.5,394,1.0,1,1,0,0,1,13.0,26
678,0,0,3,627,1199.99,4.2,549,1.0,1,1,0,0,2,13.0,38
679,0,0,3,915,911.24,5.0,913,1.0,1,1,0,0,1,14.0,8
680,0,0,3,888,0.0,5.0,886,,2,1,0,1,1,14.0,30
681,50,300,2,312,649.0,5.0,655,3.0,1,1,0,0,1,12.0,23
682,0,0,3,920,0.0,1.0,919,,2,1,0,1,4,1.0,10
683,0,0,3,659,1869.99,4.3,593,1.0,1,1,1,1,2,13.0,20
684,50,300,2,287,409.0,4.6,511,3.0,1,1,0,0,1,12.0,23
685,300,300,3,86,549.97,4.6,513,3.0,1,1,0,0,1,12.0,23
686,0,0,3,604,499.0,4.6,510,3.0,1,1,0,0,1,12.0,23
687,0,0,3,606,609.0,4.6,514,4.0,1,1,0,0,1,12.0,23
688,300,4200,2,85,394.97,4.6,505,3.0,1,1,0,0,1,12.0,23
689,0,0,3,600,0.0,4.6,502,,3,1,0,1,1,12.0,23
690,50,0,1,285,339.85,4.6,495,3.0,1,1,0,0,1,12.0,23
691,0,0,3,595,539.99,4.6,496,3.0,1,1,0,0,1,12.0,23
692,0,0,3,596,425.93,4.6,497,3.0,1,1,0,0,1,12.0,23
693,0,0,3,597,537.15,4.6,499,3.0,1,1,0,0,1,12.0,23
694,0,0,3,598,630.41,4.6,500,3.0,1,1,0,0,1,12.0,23
695,0,0,3,599,512.59,4.6,501,3.0,1,1,0,0,1,12.0,23
696,400,0,1,69,329.99,4.6,509,3.0,1,1,1,0,1,12.0,23
697,0,0,3,594,709.97,4.6,494,3.0,1,1,0,0,1,12.0,23
698,400,50,1,68,349.99,4.6,506,3.0,1,1,1,0,1,12.0,23
699,100,50,1,171,394.97,4.6,508,3.0,1,1,0,0,1,12.0,23
700,0,0,3,603,539.0,4.6,507,4.0,1,1,0,0,1,12.0,23
701,0,0,3,605,419.99,4.6,512,3.0,1,1,0,0,1,12.0,23
702,50,150,2,286,388.11,4.6,498,3.0,1,1,0,0,1,12.0,23
703,0,0,3,602,524.98,4.6,504,3.0,1,1,0,0,1,12.0,23
704,0,0,3,601,599.0,4.6,503,3.0,1,1,0,0,1,12.0,23
705,0,0,3,880,0.0,2.9,876,,2,1,0,1,4,1.0,27
706,0,0,3,881,0.0,2.9,877,,2,1,0,1,4,1.0,27
707,0,0,3,882,0.0,2.9,878,,2,1,0,1,4,1.0,27
708,0,0,3,879,0.0,2.9,875,,2,1,0,1,4,1.0,27
709,0,0,3,883,0.0,2.9,879,,2,1,0,1,4,1.0,27
710,0,0,3,895,0.0,5.0,893,,2,1,0,1,1,14.0,30
711,50,50,3,239,0.0,4.6,242,,2,1,0,1,1,1.0,27
712,0,0,3,650,511.96,4.0,582,3.0,1,1,0,0,2,13.0,26
713,100,0,1,189,0.0,4.4,662,,3,1,0,1,2,13.0,36
714,0,0,3,782,1399.99,4.2,765,1.0,1,1,0,0,2,1.0,29
715,500,15600,2,36,992.48,4.2,141,1.0,1,1,1,1,2,10.0,21
716,1000,3900,2,28,379.99,4.6,452,5.0,1,1,0,0,1,12.0,23
717,0,50,2,686,339.0,4.2,641,8.0,1,0,0,0,2,1.0,27
718,50,150,2,323,0.0,4.2,732,,3,1,0,1,2,13.0,26
719,500,3100,2,58,379.99,4.6,453,4.0,1,1,0,0,1,12.0,23
120,0,0,3,392,459.0,4.2,127,3.0,1,1,0,0,2,14.0,23
121,0,0,3,774,0.0,4.5,757,,2,1,0,1,1,14.0,6
122,0,0,3,454,429.99,3.7,239,3.0,1,1,1,0,3,13.0,26
123,500,1600,2,31,168.96,4.4,58,1.0,1,1,1,1,2,14.0,27
124,50,0,1,206,299.0,4.2,69,4.0,1,1,0,0,2,12.0,4
125,50,100,2,300,206.78,4.3,596,3.0,1,1,0,0,2,13.0,26
126,0,0,3,551,0.0,4.3,428,,2,1,0,1,2,13.0,36
127,0,0,3,480,575.0,4.3,309,3.0,1,1,0,0,2,1.0,23
128,100,100,3,154,0.0,4.3,308,,3,1,0,1,2,1.0,23
129,100,250,2,153,554.99,4.3,306,3.0,1,1,0,0,2,1.0,23
130,0,0,3,772,0.0,4.7,754,,2,1,0,1,1,14.0,27
131,0,0,3,364,379.0,4.2,65,3.0,1,1,0,0,2,12.0,4
132,0,0,3,874,0.0,5.0,870,,2,1,0,1,1,,29
133,0,0,3,505,0.0,4.5,354,,2,1,0,1,1,1.0,27
134,300,3000,2,75,68.0,4.2,165,3.0,1,1,0,0,2,14.0,26
135,0,0,3,771,0.0,4.7,753,,2,1,0,1,1,14.0,27
136,0,0,3,872,0.0,5.0,868,,2,1,0,1,1,13.0,27
137,500,1300,2,43,78.0,4.1,274,3.0,1,1,0,0,2,14.0,27
138,200,2700,2,111,90.0,4.2,476,3.0,1,1,0,0,2,12.0,35
139,0,0,3,671,919.95,4.4,617,1.0,1,1,0,0,2,13.0,32
140,50,50,3,303,749.95,4.4,614,1.0,1,1,0,0,2,13.0,32
141,0,0,3,670,699.95,4.4,616,1.0,1,1,1,1,2,13.0,32
142,50,0,1,235,403.0,3.9,199,3.0,1,1,0,0,3,12.0,13
143,0,0,3,853,0.0,5.0,849,,2,1,0,1,1,1.0,26
144,0,0,3,745,669.99,4.4,720,9.0,1,0,0,0,2,13.0,36
145,50,0,1,255,575.0,4.3,315,3.0,1,0,0,0,2,1.0,23
146,0,0,3,483,569.95,4.3,312,3.0,1,1,0,0,2,1.0,23
147,0,0,3,899,0.0,5.0,897,,2,1,0,1,1,13.0,26
148,0,0,3,897,0.0,5.0,895,,2,1,0,1,1,13.0,26
149,0,0,3,550,0.0,4.3,427,,2,1,0,1,2,13.0,36
150,0,0,3,814,0.0,3.7,808,,2,1,0,1,3,1.0,27
151,100,0,1,185,418.99,4.3,625,3.0,1,0,1,1,2,13.0,26
152,0,0,3,405,99.99,4.2,164,3.0,1,1,0,0,2,14.0,26
153,3000,111000,2,8,299.99,4.4,262,1.0,1,1,1,1,2,14.0,26
154,300,2200,2,83,171.74,4.2,444,3.0,1,1,0,0,2,13.0,26
155,500,1400,2,37,75.0,4.0,143,3.0,1,1,0,0,2,14.0,29
156,400,300,1,66,463.99,4.0,294,,1,1,0,0,2,14.0,23
157,0,0,3,482,560.95,4.3,311,3.0,1,1,0,0,2,1.0,23
158,100,500,2,145,299.99,3.7,240,3.0,1,1,0,0,3,13.0,26
159,0,0,3,457,645.0,4.3,245,1.0,1,1,0,0,2,13.0,39
160,100,1600,2,133,549.0,4.2,130,3.0,1,1,0,0,2,14.0,23
161,0,0,3,476,563.0,4.0,293,3.0,1,1,0,0,2,14.0,23
162,50,50,3,247,1089.0,4.0,286,,1,1,0,0,2,14.0,23
163,0,0,3,394,569.0,4.2,133,3.0,1,1,0,0,2,14.0,23
164,0,0,3,474,1100.0,4.0,291,4.0,1,1,0,0,2,14.0,23
165,100,1100,2,135,1099.0,4.2,134,4.0,1,1,0,0,2,14.0,23
166,0,0,3,673,814.0,4.3,619,,1,1,0,0,2,14.0,29
167,50,50,3,248,543.4,4.0,290,4.0,1,1,0,0,2,14.0,23
168,500,3200,2,46,353.0,4.0,289,3.0,1,1,0,0,2,14.0,23
169,2000,7500,2,11,359.67,4.0,288,3.0,1,1,0,0,2,14.0,23
170,0,0,3,470,715.9,4.2,268,1.0,1,1,0,0,2,14.0,27
171,200,0,1,103,769.99,4.2,267,1.0,1,1,0,0,2,14.0,27
172,50,150,2,242,949.0,4.2,269,1.0,1,1,0,0,2,14.0,27
173,0,0,3,471,718.0,4.2,270,1.0,1,1,0,0,2,14.0,27
174,50,0,1,243,889.0,4.2,271,1.0,1,1,0,0,2,14.0,27
175,0,0,3,472,718.0,4.2,272,1.0,1,1,0,0,2,14.0,27
176,50,0,1,282,84.99,4.2,475,3.0,1,1,1,0,2,12.0,35
177,0,0,3,473,1619.0,4.0,287,4.0,1,1,0,0,2,14.0,23
178,200,700,2,116,291.85,4.0,581,3.0,1,1,1,0,2,13.0,26
179,0,0,3,696,395.0,4.1,657,3.0,1,1,0,0,2,13.0,26
180,0,0,3,674,300.0,4.2,622,3.0,1,1,0,0,2,13.0,26
181,0,0,3,847,304.35,3.6,843,3.0,1,1,0,0,3,13.0,26
182,50,50,3,316,0.0,3.5,669,,3,1,0,1,3,13.0,26
183,50,50,3,269,407.99,4.2,395,3.0,1,1,1,0,2,13.0,26
184,50,50,3,231,389.0,4.3,171,3.0,1,1,0,0,2,12.0,23
185,200,300,2,99,329.85,4.3,168,3.0,1,1,0,0,2,12.0,23
186,200,1200,2,100,309.0,4.3,169,3.0,1,1,0,0,2,12.0,23
187,50,50,3,232,386.17,4.3,172,3.0,1,0,1,1,2,12.0,23
188,100,50,1,139,329.0,4.3,174,3.0,1,1,0,0,2,12.0,23
189,100,50,1,140,399.42,4.3,175,3.0,1,0,0,0,2,12.0,23
190,0,0,3,561,0.0,4.1,446,,3,1,0,1,2,13.0,26
191,0,0,3,560,0.0,4.1,445,,3,1,0,1,2,13.0,26
192,50,50,3,233,399.45,4.3,176,3.0,1,1,0,0,2,12.0,23
193,0,0,3,408,379.97,4.3,177,3.0,1,1,0,0,2,12.0,23
194,0,0,3,409,0.0,4.3,178,,2,1,0,1,2,12.0,23
195,0,0,3,410,449.0,4.3,179,3.0,1,1,0,0,2,12.0,23
196,0,0,3,411,449.0,4.3,180,3.0,1,1,0,0,2,12.0,23
197,0,0,3,413,439.0,4.3,182,3.0,1,1,0,0,2,12.0,23
198,0,0,3,412,449.0,4.3,181,3.0,1,1,0,0,2,12.0,23
199,0,0,3,445,349.0,4.2,229,8.0,1,0,0,0,2,1.0,27
200,0,0,3,446,469.99,4.2,230,8.0,1,0,0,0,2,1.0,27
201,0,0,3,448,615.0,4.2,232,1.0,1,1,0,0,2,1.0,27
202,0,0,3,449,0.0,4.2,233,,2,1,0,1,2,1.0,27
203,0,0,3,447,457.0,4.2,231,8.0,1,0,0,0,2,1.0,27
204,0,0,3,444,0.0,4.2,228,,2,1,0,1,2,1.0,27
205,50,0,1,334,409.98,4.7,830,1.0,1,1,0,0,1,1.0,27
206,0,0,3,539,279.0,4.2,403,8.0,1,0,0,0,2,1.0,27
207,0,0,3,538,399.0,4.2,402,8.0,1,0,0,0,2,1.0,27
208,0,0,3,537,329.0,4.2,401,8.0,1,0,0,0,2,1.0,27
209,0,0,3,536,291.0,4.2,400,8.0,1,0,0,0,2,1.0,27
210,0,0,3,535,429.99,4.2,399,1.0,1,1,0,0,2,1.0,27
211,0,0,3,481,0.0,4.3,310,,3,1,0,1,2,1.0,23
212,50,200,2,336,0.0,5.0,883,,2,1,0,1,1,13.0,26
213,0,200,2,783,0.0,4.1,767,,3,1,0,1,2,13.0,26
214,300,1100,2,88,599.99,4.4,647,1.0,1,1,0,0,2,13.0,26
215,0,0,3,784,1989.0,4.1,768,1.0,1,1,0,0,2,13.0,26
216,0,0,3,785,0.0,4.1,769,,3,1,0,1,2,13.0,26
217,0,0,3,933,0.0,0.0,932,,2,1,0,1,5,1.0,26
218,0,0,3,959,0.0,0.0,959,,2,1,0,1,5,1.0,26
219,0,0,3,930,1193.0,0.0,929,1.0,1,1,0,0,5,1.0,26
220,0,0,3,934,1249.0,0.0,933,1.0,1,1,0,0,5,1.0,26
221,50,50,3,315,0.0,4.1,665,,2,1,0,1,2,13.0,26
222,0,0,3,534,329.99,4.2,398,8.0,1,0,0,0,2,1.0,27
223,0,0,3,916,2199.0,2.5,914,1.0,1,1,0,0,4,13.0,26
224,50,50,3,264,235.42,4.5,353,,3,1,1,1,1,12.0,23
226,50,50,3,259,341.18,4.4,328,,1,1,1,1,2,12.0,23
227,50,3000,2,263,169.0,4.5,352,5.0,1,1,0,0,1,12.0,23
228,0,0,3,587,0.0,4.6,486,,2,1,0,1,1,12.0,23
229,0,0,3,593,0.0,4.6,493,,2,1,0,1,1,12.0,23
230,500,5000,2,48,139.69,4.3,304,5.0,1,1,0,0,2,12.0,23
231,200,600,2,108,200.5,4.5,351,,3,1,1,1,1,12.0,23
232,50,0,1,284,0.0,4.6,488,,2,1,0,1,1,12.0,23
233,500,2700,2,49,188.41,4.4,320,,3,1,1,1,2,12.0,23
234,50,50,3,257,207.46,4.4,324,5.0,1,1,0,0,2,12.0,23
235,0,0,3,490,341.18,4.4,326,,3,1,1,1,2,12.0,23
236,50,150,2,258,194.26,4.4,325,,1,1,1,1,2,12.0,23
237,50,150,2,256,208.9,4.4,322,,1,1,1,1,2,12.0,23
238,50,0,1,283,0.0,4.6,485,,2,1,0,1,1,12.0,23
239,0,0,3,489,382.35,4.4,323,5.0,1,1,1,1,2,12.0,23
240,500,0,1,50,180.85,4.4,321,5.0,1,1,0,0,2,12.0,23
241,0,0,3,592,399.99,4.6,492,5.0,1,1,0,0,1,12.0,23
242,0,0,3,590,0.0,4.6,490,,2,1,0,1,1,12.0,23
243,0,0,3,589,0.0,4.6,489,,2,1,0,1,1,12.0,23
244,0,0,3,586,309.99,4.6,484,5.0,1,1,0,0,1,12.0,23
245,200,1100,2,117,439.99,4.3,601,3.0,1,1,1,0,2,13.0,26
246,0,0,3,342,0.0,4.8,4,,2,1,0,1,1,12.0,4
247,1000,2750,2,12,499.99,4.8,5,1.0,1,1,0,0,1,12.0,4
248,0,0,3,343,0.0,4.8,6,,3,1,0,1,1,12.0,4
249,100,150,2,122,0.0,4.8,7,,3,1,0,1,1,12.0,4
250,0,0,3,347,0.0,4.8,13,,2,1,0,1,1,12.0,4
251,0,0,3,339,0.0,4.8,1,,3,1,0,1,1,12.0,4
252,0,0,3,348,0.0,4.8,14,,2,1,0,1,1,12.0,4
253,0,0,3,346,0.0,4.8,12,,2,1,0,1,1,12.0,4
254,0,0,3,345,0.0,4.8,11,,3,1,0,1,1,12.0,4
255,100,200,2,123,0.0,4.8,10,,2,1,0,1,1,12.0,4
256,50,0,1,199,0.0,4.8,9,,3,1,0,1,1,12.0,4
257,0,0,3,344,0.0,4.8,8,,3,1,0,1,1,12.0,4
258,0,0,3,341,525.72,4.8,3,8.0,1,0,1,0,1,12.0,4
259,0,0,3,340,0.0,4.8,2,,2,1,0,1,1,12.0,4
260,100,50,1,165,639.99,3.7,442,1.0,1,1,1,1,3,13.0,34
261,300,3600,2,87,349.99,3.6,520,3.0,1,1,0,0,3,13.0,26
262,50,0,1,234,395.25,4.3,183,3.0,1,1,0,0,2,12.0,23
263,500,1800,2,59,249.99,4.4,515,3.0,1,1,1,0,2,13.0,26
264,100,400,2,170,286.67,4.0,478,3.0,1,1,0,0,2,13.0,26
265,0,0,3,533,436.0,4.2,397,8.0,1,0,0,0,2,1.0,27
266,100,0,1,155,669.95,4.3,348,3.0,1,1,0,0,2,12.0,23
267,0,0,3,863,0.0,5.0,859,,2,1,0,1,1,14.0,30
268,0,0,3,629,541.49,3.8,553,,1,1,1,1,3,13.0,34
269,100,0,1,159,342.3,4.2,405,3.0,1,1,0,0,2,12.0,23
270,0,0,3,540,319.85,4.2,406,3.0,1,1,0,0,2,12.0,23
271,50,200,2,270,341.5,4.2,407,3.0,1,1,0,0,2,12.0,23
272,50,50,3,271,0.0,4.2,408,,3,1,0,1,2,12.0,23
273,500,3500,2,32,285.9,4.3,59,1.0,1,1,0,0,2,14.0,2
274,100,50,1,138,349.0,4.3,170,3.0,1,1,0,0,2,12.0,23
275,0,0,3,544,229.99,4.1,419,3.0,1,1,1,0,2,13.0,27
276,50,0,1,272,1239.57,4.5,410,1.0,1,1,0,0,1,1.0,26
277,3000,119000,2,7,167.99,4.3,149,1.0,1,1,0,0,2,14.0,29
278,0,0,3,498,654.95,4.3,342,3.0,1,1,0,0,2,12.0,23
279,0,0,3,504,654.95,4.3,349,3.0,1,1,0,0,2,12.0,23
280,0,0,3,497,719.95,4.3,341,3.0,1,1,0,0,2,12.0,23
281,50,0,1,260,659.96,4.3,334,3.0,1,1,0,0,2,12.0,23
282,0,0,3,493,714.95,4.3,335,3.0,1,1,0,0,2,12.0,23
283,0,0,3,494,655.41,4.3,336,3.0,1,1,0,0,2,12.0,23
284,2000,86000,2,9,39.99,4.6,43,1.0,1,1,1,1,1,3.0,3
285,0,0,3,495,638.95,4.3,337,3.0,1,1,0,0,2,12.0,23
286,0,0,3,496,699.95,4.3,338,3.0,1,1,0,0,2,12.0,23
287,50,0,1,261,599.95,4.3,339,3.0,1,1,0,0,2,12.0,23
288,50,0,1,262,699.95,4.3,340,3.0,1,1,0,0,2,12.0,23
289,200,50,1,113,569.99,3.8,536,1.0,1,1,1,1,3,13.0,34
290,0,0,3,886,0.0,5.0,884,,2,1,0,1,1,1.0,29
291,0,0,3,503,669.95,4.3,347,3.0,1,1,0,0,2,12.0,23
292,0,0,3,499,749.95,4.3,343,3.0,1,1,0,0,2,12.0,23
293,0,0,3,500,789.95,4.3,344,3.0,1,1,0,0,2,12.0,23
294,0,0,3,501,759.95,4.3,345,3.0,1,1,0,0,2,12.0,23
295,0,0,3,407,411.23,4.3,173,3.0,1,1,0,0,2,12.0,23
296,50,50,3,253,779.99,4.3,305,3.0,1,1,1,0,2,1.0,23
297,0,0,3,484,799.0,4.3,313,4.0,1,1,0,0,2,1.0,23
298,50,50,3,254,775.99,4.3,314,3.0,1,1,1,0,2,1.0,23
299,0,0,3,485,759.99,4.3,316,3.0,1,1,1,0,2,1.0,23
300,0,0,3,488,771.19,4.3,319,,1,1,0,0,2,1.0,23
301,0,0,3,487,1499.0,4.3,318,4.0,1,1,0,0,2,1.0,23
302,0,0,3,486,679.95,4.3,317,3.0,1,1,1,0,2,1.0,23
303,0,0,3,619,282.29,4.2,539,3.0,1,1,1,0,2,13.0,27
304,0,0,3,621,262.99,4.2,542,3.0,1,1,1,0,2,13.0,27
305,0,0,3,620,219.89,4.2,540,3.0,1,1,1,0,2,13.0,27
306,0,0,3,622,247.99,4.2,543,3.0,1,1,1,0,2,13.0,27
307,0,0,3,618,319.29,4.2,538,3.0,1,1,1,0,2,13.0,27
308,100,0,1,174,319.0,4.2,541,3.0,1,0,0,0,2,13.0,27
309,0,0,3,492,719.95,4.3,333,3.0,1,1,0,0,2,12.0,23
310,0,0,3,692,270.58,3.9,648,3.0,1,1,0,0,3,13.0,26
311,50,0,1,308,332.29,3.9,651,3.0,1,1,0,0,3,13.0,26
312,0,0,3,693,307.99,3.9,649,3.0,1,1,1,0,3,13.0,26
313,0,0,3,694,287.0,3.9,650,3.0,1,1,0,0,3,13.0,26
314,0,0,3,633,869.99,4.5,560,1.0,1,1,0,0,1,1.0,26
315,50,0,1,301,569.99,3.7,598,3.0,1,1,0,0,3,13.0,27
316,0,0,3,661,710.49,3.7,597,3.0,1,1,0,0,3,13.0,27
317,0,0,3,669,0.0,3.6,612,,2,1,0,1,3,13.0,34
318,0,0,3,545,279.99,4.1,420,3.0,1,1,0,0,2,13.0,27
319,0,0,3,546,221.99,4.1,421,3.0,1,1,1,0,2,13.0,27
320,50,50,3,276,295.95,4.1,422,3.0,1,1,1,0,2,13.0,27
321,0,0,3,547,262.98,4.1,423,3.0,1,1,0,0,2,13.0,27
322,0,0,3,391,559.94,4.2,126,3.0,1,1,0,0,2,14.0,23
323,0,0,3,570,319.99,4.1,465,3.0,1,0,0,0,2,13.0,26
324,0,0,3,571,370.0,4.1,466,3.0,1,1,0,0,2,13.0,26
325,0,0,3,572,285.0,4.1,467,3.0,1,1,0,0,2,13.0,26
326,0,0,3,573,255.0,4.1,468,3.0,1,1,0,0,2,13.0,26
327,0,0,3,574,270.0,4.1,469,3.0,1,1,0,0,2,13.0,26
328,0,0,3,575,255.0,4.1,470,3.0,1,1,0,0,2,13.0,26
329,0,0,3,576,388.0,4.1,471,3.0,1,1,0,0,2,13.0,26
330,0,0,3,577,327.99,4.1,472,3.0,1,1,1,0,2,13.0,26
331,0,0,3,578,295.99,4.1,473,3.0,1,1,1,0,2,13.0,26
332,0,0,3,579,239.0,4.1,474,3.0,1,1,0,0,2,13.0,26
333,0,0,3,912,0.0,5.0,910,,2,1,0,1,1,13.0,27
334,0,0,3,846,0.0,4.1,842,,2,1,0,1,2,1.0,23
335,0,0,3,891,399.0,5.0,889,1.0,1,1,0,0,1,14.0,27
336,0,0,3,892,449.0,5.0,890,1.0,1,1,0,0,1,14.0,27
337,0,0,3,893,399.0,5.0,891,1.0,1,1,0,0,1,14.0,27
338,0,0,3,665,1049.99,3.9,604,1.0,1,1,0,0,3,13.0,36
339,0,0,3,896,0.0,5.0,894,,2,1,0,1,1,1.0,29
340,1000,0,1,22,188.98,4.3,214,1.0,1,1,1,1,2,14.0,29
341,0,0,3,675,1255.0,4.4,623,1.0,1,1,0,0,2,1.0,26
342,0,0,3,683,0.0,4.1,637,,2,1,0,1,2,13.0,29
343,0,0,3,754,873.99,3.7,734,1.0,1,1,1,1,3,13.0,34
344,0,0,3,387,949.0,4.2,120,4.0,1,1,0,0,2,14.0,23
345,0,0,3,875,0.0,4.6,871,,2,1,0,1,1,1.0,29
346,0,0,3,388,519.96,4.2,121,3.0,1,1,0,0,2,14.0,23
347,0,0,3,894,0.0,5.0,892,,2,1,0,1,1,13.0,6
348,0,0,3,393,529.95,4.2,128,3.0,1,1,0,0,2,14.0,23
349,0,0,3,435,389.0,4.1,217,1.0,1,1,0,0,2,14.0,29
350,0,0,3,437,365.0,4.1,219,1.0,1,1,0,0,2,14.0,29
351,500,1000,2,42,379.04,4.1,220,1.0,1,1,0,0,2,14.0,29
352,0,0,3,436,355.0,4.1,218,1.0,1,1,0,0,2,14.0,29
353,200,1500,2,101,369.0,4.2,252,1.0,1,1,0,0,2,14.0,29
354,0,0,3,468,359.0,4.2,258,1.0,1,1,0,0,2,14.0,29
355,0,0,3,466,449.0,4.2,256,1.0,1,1,0,0,2,14.0,29
356,0,0,3,386,1199.0,4.2,119,4.0,1,1,0,0,2,14.0,23
357,100,700,2,179,424.09,3.5,602,3.0,1,1,1,0,3,13.0,26
358,0,50,2,582,289.99,4.0,480,3.0,1,1,1,0,2,13.0,26
359,50,300,2,297,769.0,4.4,571,1.0,1,1,0,0,2,14.0,29
360,0,0,3,557,348.91,4.1,438,,1,1,0,0,2,13.0,27
1,0,0,3,889,0.0,5.0,887,,2,1,0,1,1,13.0,26
2,0,0,3,469,0.0,4.2,266,,2,1,0,1,2,14.0,6
3,0,0,3,865,0.0,5.0,861,,2,1,0,1,1,13.0,26
4,200,700,2,98,109.0,4.0,139,3.0,1,1,0,0,2,12.0,23
5,0,0,3,477,0.0,4.4,295,,2,1,0,1,2,10.0,27
6,1000,6000,2,23,194.99,3.9,215,3.0,1,1,0,0,3,14.0,23
7,300,1200,2,81,109.99,4.2,418,3.0,1,1,0,0,2,12.0,23
8,300,1000,2,70,154.44,4.4,19,4.0,1,1,0,0,2,12.0,4
9,50,0,1,201,109.99,4.4,16,3.0,1,1,0,0,2,12.0,23
10,0,0,3,363,295.3,4.3,61,4.0,1,1,0,0,2,12.0,23
11,50,50,3,200,155.0,4.4,15,4.0,1,1,0,0,2,12.0,23
12,50,0,1,204,349.0,4.3,60,4.0,1,1,0,0,2,12.0,23
13,0,0,3,567,1299.99,4.0,462,8.0,1,0,0,0,2,1.0,27
14,1000,1500,2,13,141.0,4.4,17,3.0,1,1,0,0,2,12.0,23
15,100,200,2,151,134.56,4.4,296,3.0,1,1,0,0,2,12.0,4
16,0,0,3,585,249.0,4.4,483,4.0,1,1,0,0,2,12.0,23
17,1000,900,1,14,116.0,4.4,18,3.0,1,1,0,0,2,12.0,23
18,0,0,3,631,184.0,4.2,558,3.0,1,1,0,0,2,12.0,23
19,0,0,3,617,359.95,4.3,534,3.0,1,1,0,0,2,1.0,23
20,500,0,1,29,136.0,4.3,39,4.0,1,1,0,0,2,12.0,23
21,500,0,1,30,162.99,4.3,40,4.0,1,1,0,0,2,12.0,23
22,6000,78000,2,4,115.98,4.3,41,3.0,1,1,0,0,2,12.0,23
23,500,7000,2,35,124.99,4.0,140,3.0,1,1,0,0,2,12.0,23
24,4000,16500,2,6,133.72,4.3,42,3.0,1,1,0,0,2,12.0,23
25,300,1150,2,74,299.0,3.9,159,3.0,1,0,1,1,3,14.0,23
26,0,0,3,819,399.0,5.0,814,1.0,1,1,0,0,1,14.0,27
27,0,0,3,679,0.0,4.4,633,,2,1,0,1,2,1.0,26
28,100,600,2,190,130.44,4.1,676,3.0,1,0,0,0,2,13.0,26
29,500,4500,2,38,269.96,3.9,161,3.0,1,1,0,0,3,14.0,23
30,300,600,2,73,279.12,3.9,151,3.0,1,1,0,0,3,14.0,23
31,0,0,3,608,0.0,3.6,517,,2,1,0,1,3,13.0,36
32,0,0,3,455,1599.99,4.6,241,8.0,1,0,0,0,1,1.0,27
33,100,200,2,158,198.99,3.8,404,3.0,1,1,0,0,3,13.0,26
34,0,0,3,801,1141.3,5.0,794,1.0,1,1,0,0,1,1.0,26
35,50,0,1,241,680.0,4.2,263,1.0,1,1,0,0,2,14.0,26
36,50,500,2,217,179.0,4.3,93,4.0,1,1,0,0,2,12.0,23
37,100,500,2,129,169.0,4.3,92,,1,1,0,0,2,12.0,23
38,50,50,3,216,0.0,4.3,91,,3,1,0,1,2,12.0,23
39,1000,3000,2,19,169.0,4.3,90,3.0,1,1,0,0,2,12.0,23
40,200,900,2,96,239.38,4.3,89,4.0,1,1,0,0,2,12.0,23
41,50,150,2,292,159.0,4.0,535,3.0,1,1,0,0,2,13.0,26
42,500,3300,2,39,289.03,3.9,162,3.0,1,1,0,0,3,14.0,23
43,0,0,3,371,259.99,4.3,88,3.0,1,1,0,0,2,12.0,23
44,50,50,3,214,255.0,4.3,84,3.0,1,1,1,0,2,12.0,23
45,0,0,3,404,259.45,3.9,160,3.0,1,1,0,0,3,14.0,23
46,0,0,3,368,219.45,4.3,83,4.0,1,1,0,0,2,12.0,23
47,0,0,3,369,218.07,4.3,85,4.0,1,1,0,0,2,12.0,23
48,50,50,3,215,219.56,4.3,86,4.0,1,1,0,0,2,12.0,23
49,0,0,3,370,379.0,4.3,87,4.0,1,1,0,0,2,12.0,23
50,0,0,3,885,0.0,5.0,882,,2,1,0,1,1,14.0,29
51,0,0,3,695,435.0,3.9,656,3.0,1,1,0,0,3,1.0,23
52,100,300,2,137,289.6,3.9,158,3.0,1,1,0,0,3,14.0,23
53,0,0,3,402,499.0,4.7,150,8.0,1,0,0,0,1,1.0,27
54,0,0,3,648,0.0,3.6,579,,3,1,0,1,3,1.0,27
55,0,0,3,753,0.0,4.6,733,,2,1,0,1,1,1.0,29
56,50,150,2,230,349.08,3.9,156,3.0,1,1,0,0,3,14.0,23
57,0,0,3,491,0.0,4.5,331,,2,1,0,1,1,13.0,27
58,200,200,3,91,29.99,4.5,38,1.0,1,1,1,1,1,12.0,1
59,0,0,3,873,0.0,5.0,869,,2,1,0,1,1,14.0,29
60,50,50,3,229,372.0,3.9,155,4.0,1,1,0,0,3,14.0,23
61,50,50,3,228,599.0,3.9,154,4.0,1,1,0,0,3,14.0,23
62,50,50,3,226,309.0,3.9,152,3.0,1,1,0,0,3,14.0,23
63,0,0,3,859,0.0,4.7,855,,2,1,0,1,1,1.0,29
64,0,0,3,800,0.0,4.7,792,,2,1,0,1,1,14.0,27
65,0,0,3,651,999.99,3.5,583,8.0,1,0,0,0,3,1.0,27
66,50,50,3,227,689.0,3.9,153,4.0,1,1,0,0,3,14.0,23
67,100,0,1,136,234.99,3.9,142,3.0,1,1,1,0,3,13.0,26
68,0,0,3,403,549.0,3.9,157,4.0,1,1,0,0,3,14.0,23
69,300,1700,2,71,478.0,4.4,95,3.0,1,1,0,0,2,12.0,23
70,50,750,2,218,448.95,4.4,94,3.0,1,1,0,0,2,12.0,23
71,0,0,3,372,479.95,4.4,97,3.0,1,1,0,0,2,12.0,23
72,50,50,3,220,449.95,4.4,98,3.0,1,1,0,0,2,12.0,23
73,0,0,3,373,514.95,4.4,99,3.0,1,1,0,0,2,12.0,23
74,0,0,3,374,494.95,4.4,100,3.0,1,1,0,0,2,12.0,23
75,50,0,1,221,479.95,4.4,101,3.0,1,1,0,0,2,12.0,23
76,0,0,3,375,469.95,4.4,102,3.0,1,1,0,0,2,12.0,23
77,0,0,3,377,539.95,4.4,104,3.0,1,1,0,0,2,12.0,23
78,0,0,3,378,509.95,4.4,105,,1,1,0,0,2,12.0,23
79,0,0,3,379,509.95,4.4,107,3.0,1,1,0,0,2,12.0,23
80,50,50,3,330,455.0,4.4,789,4.0,1,1,0,0,2,1.0,23
81,500,700,2,44,319.06,3.8,281,3.0,1,1,0,0,3,14.0,23
82,50,50,3,219,469.95,4.4,96,3.0,1,1,0,0,2,12.0,23
83,500,2500,2,40,73.97,4.2,163,3.0,1,1,0,0,2,14.0,26
84,50,900,2,280,385.99,4.1,447,3.0,1,1,0,0,2,1.0,23
85,0,0,3,380,514.95,4.4,108,3.0,1,1,0,0,2,12.0,23
86,50,150,2,246,319.0,3.8,284,3.0,1,1,1,0,3,14.0,23
87,100,350,2,130,489.95,4.4,106,3.0,1,1,0,0,2,12.0,23
88,500,2000,2,45,399.0,3.8,285,3.0,1,1,0,0,3,14.0,4
89,200,2400,2,106,369.16,3.8,283,3.0,1,1,0,0,3,14.0,23
90,0,0,3,376,539.95,4.4,103,3.0,1,1,0,0,2,12.0,23
91,50,0,1,245,479.0,3.8,282,3.0,1,1,0,0,3,14.0,23
92,0,0,3,750,579.95,4.2,727,3.0,1,1,0,0,2,1.0,23
93,500,2200,2,33,355.0,4.2,75,3.0,1,1,0,0,2,12.0,4
94,100,600,2,128,279.0,4.2,74,3.0,1,1,0,0,2,12.0,4
95,100,600,2,127,297.0,4.2,73,3.0,1,1,0,0,2,12.0,4
96,50,50,3,205,399.03,4.2,62,3.0,1,1,0,0,2,12.0,4
97,0,0,3,877,0.0,4.5,873,,2,1,0,1,1,13.0,29
98,50,0,1,207,344.0,4.2,70,3.0,1,1,0,0,2,12.0,4
99,1000,1000,3,24,58.91,4.1,275,3.0,1,1,0,0,2,14.0,27
100,1000,3100,2,18,285.0,4.2,63,3.0,1,1,0,0,2,12.0,4
101,200,300,2,94,289.0,4.2,64,3.0,1,1,0,0,2,12.0,4
102,400,1050,2,63,299.0,4.2,66,3.0,1,1,0,0,2,12.0,4
103,100,300,2,126,339.0,4.2,67,3.0,1,1,0,0,2,12.0,4
104,200,3000,2,95,279.0,4.2,68,3.0,1,1,0,0,2,12.0,4
105,50,50,3,209,389.0,4.2,76,4.0,1,1,0,0,2,12.0,4
106,0,0,3,389,459.95,4.2,122,3.0,1,1,0,0,2,14.0,23
107,500,0,1,34,404.0,4.2,123,3.0,1,1,0,0,2,14.0,23
108,300,100,1,72,419.07,4.2,135,3.0,1,1,0,0,2,14.0,4
109,400,2200,2,64,447.94,4.2,125,4.0,1,1,0,0,2,14.0,23
110,0,0,3,365,379.0,4.2,72,3.0,1,1,0,0,2,12.0,4
111,50,900,2,213,455.0,4.2,81,4.0,1,1,0,0,2,12.0,4
112,50,50,3,305,899.99,4.1,620,3.0,1,1,0,0,2,1.0,23
113,50,50,3,212,318.0,4.2,80,3.0,1,1,0,0,2,12.0,4
114,50,50,3,208,349.0,4.2,71,3.0,1,1,0,0,2,12.0,4
115,1000,59000,2,21,64.99,4.2,166,3.0,1,1,0,0,2,14.0,26
116,50,450,2,210,347.0,4.2,77,3.0,1,1,0,0,2,12.0,4
117,0,0,3,390,448.0,4.2,124,3.0,1,1,0,0,2,14.0,23
118,0,0,3,366,393.0,4.2,78,3.0,1,1,0,0,2,12.0,4
119,50,50,3,211,399.0,4.2,79,3.0,1,1,0,0,2,12.0,4
840,0,0,3,467,529.0,4.2,257,1.0,1,1,0,0,2,14.0,29
841,0,0,3,442,599.0,4.1,226,1.0,1,1,0,0,2,14.0,29
842,0,0,3,438,350.1,4.1,221,1.0,1,1,0,0,2,14.0,29
843,0,0,3,441,369.0,4.1,225,1.0,1,1,0,0,2,14.0,29
844,0,0,3,459,375.0,4.2,248,1.0,1,1,0,0,2,14.0,29
845,0,0,3,465,419.0,4.2,255,1.0,1,1,0,0,2,14.0,29
846,0,0,3,464,699.0,4.2,254,1.0,1,1,0,0,2,14.0,29
847,50,50,3,237,529.0,4.1,224,1.0,1,1,0,0,2,14.0,29
848,0,0,3,463,389.0,4.2,253,1.0,1,1,0,0,2,14.0,29
849,0,0,3,440,429.0,4.1,223,1.0,1,1,0,0,2,14.0,29
850,50,150,2,296,1159.99,4.4,555,1.0,1,1,1,1,2,13.0,15
851,100,200,2,144,907.25,4.2,216,1.0,1,1,1,1,2,13.0,36
852,0,0,3,666,899.99,4.4,606,1.0,1,1,1,1,2,13.0,36
853,50,0,1,320,0.0,4.4,719,,3,1,0,1,2,1.0,27
854,0,0,3,760,1259.99,3.9,740,1.0,1,1,0,0,3,1.0,27
855,0,0,3,759,1439.99,3.9,739,1.0,1,1,0,0,3,1.0,27
856,0,0,3,761,1199.98,3.9,741,1.0,1,1,0,0,3,1.0,27
857,0,0,3,939,369.99,0.0,939,1.0,1,1,0,0,5,14.0,27
858,50,50,3,338,268.88,0.0,938,1.0,1,1,0,0,5,14.0,27
859,0,0,3,954,0.0,0.0,954,,2,1,0,1,5,14.0,27
860,50,50,3,337,0.0,4.0,916,,2,1,0,1,2,14.0,27
861,0,0,3,830,268.88,5.0,825,1.0,1,1,0,0,1,14.0,27
862,0,0,3,938,246.88,0.0,937,1.0,1,1,0,0,5,14.0,27
863,0,0,3,406,399.99,4.1,167,1.0,1,1,0,0,2,14.0,27
864,0,0,3,936,236.88,0.0,935,1.0,1,1,0,0,5,14.0,27
865,0,0,3,752,599.99,4.2,731,1.0,1,1,0,0,2,1.0,29
866,50,0,1,317,549.99,4.2,678,1.0,1,1,0,1,2,,29
867,0,0,3,751,529.99,4.2,730,1.0,1,1,0,0,2,1.0,29
868,0,0,3,831,459.99,5.0,826,1.0,1,1,0,1,1,,29
869,0,0,3,632,1659.0,4.5,559,1.0,1,1,0,0,1,1.0,26
870,0,0,3,635,1539.99,4.5,562,1.0,1,1,0,0,1,1.0,26
871,0,0,3,634,1749.0,4.5,561,1.0,1,1,0,0,1,1.0,26
872,0,0,3,850,0.0,3.2,846,,2,1,0,1,3,1.0,9
873,0,0,3,681,659.99,4.3,635,1.0,1,1,0,0,2,1.0,27
874,0,0,3,652,699.99,3.5,584,1.0,1,1,0,0,3,1.0,27
875,0,0,3,826,1199.0,4.1,821,1.0,1,1,0,0,2,1.0,41
876,0,0,3,827,797.05,4.1,822,1.0,1,1,0,1,2,1.0,41
877,0,0,3,825,1299.0,4.1,820,1.0,1,1,0,0,2,1.0,41
878,100,300,2,196,499.99,4.6,756,1.0,1,1,0,0,1,1.0,29
879,0,0,3,824,999.0,4.1,819,1.0,1,1,0,0,2,1.0,41
880,0,0,3,799,359.0,4.0,791,1.0,1,1,0,0,2,14.0,27
881,0,50,2,852,0.0,4.0,848,,2,1,0,1,2,14.0,27
882,0,0,3,727,429.99,4.6,700,1.0,1,1,1,1,1,1.0,9
883,0,0,3,855,649.99,5.0,851,1.0,1,1,0,0,1,1.0,39
884,0,0,3,927,589.99,0.0,926,1.0,1,1,1,1,5,13.0,19
885,0,0,3,649,499.99,3.6,580,8.0,1,0,0,0,3,1.0,27
886,0,0,3,790,959.98,3.8,779,1.0,1,1,0,0,3,1.0,27
887,50,0,1,328,989.98,3.8,778,1.0,1,1,0,0,3,1.0,27
888,50,0,1,327,1069.98,3.8,777,1.0,1,1,0,0,3,1.0,27
889,0,0,3,657,599.99,4.7,589,1.0,1,1,0,0,1,13.0,27
890,0,0,3,656,0.0,4.7,588,,3,1,0,1,1,13.0,27
891,0,0,3,655,649.99,4.7,587,1.0,1,1,0,0,1,13.0,27
892,0,0,3,658,0.0,4.7,590,,3,1,0,1,1,13.0,27
893,50,0,1,299,739.99,4.7,591,1.0,1,1,0,0,1,13.0,27
894,0,0,3,395,2199.99,4.6,136,1.0,1,1,0,0,1,1.0,27
895,0,0,3,396,2088.99,4.6,137,1.0,1,1,0,0,1,1.0,27
896,0,0,3,919,0.0,1.0,918,,2,1,0,1,4,13.0,19
897,50,0,1,278,379.0,4.3,441,1.0,1,1,0,0,2,14.0,27
898,100,250,2,180,0.0,4.4,605,,2,1,0,1,2,13.0,36
899,0,0,3,924,1349.99,0.0,923,1.0,1,1,0,0,5,1.0,26
900,0,0,3,925,1699.99,0.0,924,1.0,1,1,0,0,5,1.0,26
901,0,0,3,926,1499.99,0.0,925,1.0,1,1,0,0,5,1.0,26
902,50,1550,2,306,180.0,4.1,624,8.0,1,0,0,0,2,14.0,27
903,0,0,3,905,482.97,5.0,903,1.0,1,1,0,0,1,14.0,26
904,0,50,2,789,0.0,3.6,775,,3,1,0,1,3,1.0,27
905,0,0,3,822,1399.0,4.1,817,1.0,1,1,0,0,2,1.0,41
906,0,0,3,823,1139.0,4.1,818,1.0,1,1,0,1,2,1.0,41
907,0,0,3,810,0.0,4.4,804,,3,1,0,1,2,14.0,27
908,0,0,3,775,0.0,4.2,758,,2,1,0,1,2,14.0,27
909,0,0,3,552,479.99,4.5,432,1.0,1,1,0,0,1,14.0,29
910,0,0,3,553,499.0,4.5,433,1.0,1,1,0,0,1,14.0,8
911,0,0,3,958,1549.0,0.0,958,1.0,1,1,0,0,5,1.0,26
912,0,0,3,923,0.0,0.0,922,,2,1,0,1,5,13.0,39
913,0,0,3,811,629.99,3.7,805,1.0,1,1,0,0,3,1.0,27
914,0,0,3,812,899.99,3.7,806,1.0,1,1,0,0,3,1.0,27
915,0,0,3,813,699.99,3.7,807,1.0,1,1,0,0,3,1.0,27
916,0,0,3,815,799.99,3.7,809,1.0,1,1,0,0,3,1.0,6
917,0,0,3,797,0.0,3.8,788,,2,1,0,1,3,14.0,27
918,50,150,2,326,0.0,4.8,776,,2,1,0,1,1,13.0,27
919,50,300,2,329,899.99,4.6,780,1.0,1,1,1,1,1,1.0,21
920,0,0,3,917,0.0,3.0,915,,2,1,0,1,3,1.0,27
921,0,0,3,935,0.0,0.0,934,,2,1,0,1,5,1.0,27
922,0,0,3,568,659.99,4.0,463,1.0,1,1,0,0,2,1.0,27
923,0,0,3,569,959.99,4.0,464,1.0,1,1,0,0,2,1.0,27
924,0,0,3,746,759.99,3.9,721,1.0,1,1,0,0,3,1.0,27
925,50,50,3,321,639.99,3.9,722,1.0,1,1,0,0,3,1.0,27
926,0,0,3,747,899.99,3.9,723,1.0,1,1,0,0,3,1.0,27
927,0,0,3,909,569.99,5.0,907,8.0,1,0,0,0,1,,27
928,500,33800,2,55,1449.0,4.7,360,1.0,1,1,1,1,1,14.0,4
929,500,4400,2,56,1692.0,4.7,361,1.0,1,1,1,1,1,14.0,4
930,1000,139000,2,26,1449.0,4.7,362,1.0,1,1,1,1,1,14.0,4
931,1000,24500,2,27,1849.0,4.7,363,1.0,1,1,1,1,1,14.0,4
932,500,7300,2,54,1825.0,4.7,359,1.0,1,1,1,1,1,14.0,4
933,100,6400,2,157,1729.0,4.7,364,1.0,1,1,0,0,1,14.0,4
934,0,0,3,940,729.99,0.0,940,1.0,1,1,0,0,5,13.0,26
935,0,50,2,837,869.99,5.0,833,1.0,1,1,0,0,1,13.0,26
936,0,0,3,838,1099.99,5.0,834,1.0,1,1,0,0,1,13.0,26
937,0,0,3,921,0.0,1.0,920,,3,1,0,1,4,13.0,26
938,0,0,3,840,1369.99,5.0,836,1.0,1,1,0,0,1,13.0,26
939,0,0,3,841,1569.99,5.0,837,1.0,1,1,0,0,1,13.0,26
940,0,0,3,842,999.99,5.0,838,1.0,1,1,0,0,1,13.0,26
941,0,0,3,945,0.0,0.0,945,,2,1,0,1,5,14.0,27
942,0,50,2,773,0.0,4.7,755,,2,1,0,1,1,14.0,27
943,100,1450,2,156,619.99,4.5,355,1.0,1,1,0,0,1,1.0,27
944,0,0,3,947,0.0,0.0,947,,2,1,0,1,5,14.0,27
945,0,0,3,848,0.0,4.0,844,,2,1,0,1,2,14.0,27
946,0,0,3,941,1348.99,0.0,941,1.0,1,1,0,0,5,1.0,26
947,0,0,3,922,1609.99,1.0,921,1.0,1,1,0,0,4,1.0,26
948,0,0,3,780,1699.99,4.2,763,1.0,1,1,0,0,2,1.0,29
949,0,0,3,781,1299.99,4.2,764,1.0,1,1,0,0,2,1.0,29
950,0,0,3,779,1099.99,4.2,762,1.0,1,1,0,0,2,1.0,29
951,0,0,3,777,1399.99,4.2,760,1.0,1,1,0,0,2,1.0,29
952,0,0,3,776,1199.99,4.2,759,1.0,1,1,0,0,2,1.0,29
953,0,0,3,778,0.0,4.2,761,,3,1,0,1,2,1.0,29
954,0,0,3,950,1248.99,0.0,950,1.0,1,1,0,0,5,1.0,26
955,0,0,3,397,2189.99,4.6,138,1.0,1,1,0,0,1,1.0,27
956,0,0,3,796,1499.99,5.0,787,1.0,1,1,0,0,1,1.0,26
957,0,0,3,548,288.89,4.1,424,3.0,1,1,0,0,2,13.0,27
958,0,0,3,944,1929.0,0.0,944,1.0,1,1,0,0,5,1.0,26
959,0,0,3,906,1729.0,5.0,904,1.0,1,1,0,0,1,1.0,26
361,0,0,3,558,379.35,4.1,439,3.0,1,1,0,0,2,13.0,27
362,0,0,3,559,304.05,4.1,440,3.0,1,1,0,0,2,13.0,27
363,100,700,2,164,469.9,4.1,437,3.0,1,1,0,0,2,13.0,27
364,0,0,3,554,421.11,4.1,434,3.0,1,1,0,0,2,13.0,27
365,0,0,3,556,354.35,4.1,436,3.0,1,1,0,0,2,13.0,27
366,0,0,3,555,443.33,4.1,435,3.0,1,1,0,0,2,13.0,27
367,0,0,3,385,257.99,4.1,118,1.0,1,1,1,1,2,14.0,27
368,0,0,3,384,239.0,4.1,117,1.0,1,1,0,0,2,14.0,27
369,50,50,3,223,215.25,4.1,116,1.0,1,1,0,0,2,14.0,27
370,100,150,2,132,299.0,4.1,115,1.0,1,1,1,1,2,14.0,27
371,0,0,3,549,0.0,4.3,426,,2,1,0,1,2,13.0,36
372,0,0,3,479,1499.0,4.3,307,4.0,1,1,0,0,2,1.0,23
373,50,0,1,222,220.0,4.1,114,1.0,1,1,0,0,2,14.0,27
374,0,0,3,383,199.0,4.1,113,1.0,1,1,0,0,2,14.0,27
375,100,0,1,131,245.0,4.1,112,1.0,1,1,0,0,2,14.0,27
376,300,300,3,80,1049.0,4.2,273,1.0,1,1,0,0,2,14.0,6
377,0,0,3,588,0.0,4.6,487,,2,1,0,1,1,12.0,23
378,10000,0,1,3,149.99,4.4,35,1.0,1,1,1,1,2,12.0,35
379,4000,50000,2,5,199.99,4.4,34,1.0,1,1,1,1,2,12.0,35
380,10000,115000,2,1,159.99,4.4,21,1.0,1,1,1,1,2,12.0,35
381,0,0,3,478,415.0,4.3,301,1.0,1,1,0,0,2,14.0,21
382,50,50,3,251,479.0,4.3,300,,1,1,0,0,2,14.0,21
383,50,1000,2,250,434.99,4.3,299,1.0,1,1,0,0,2,14.0,21
384,500,0,1,47,335.99,4.3,298,,1,1,0,0,2,14.0,21
385,0,0,3,636,0.0,4.6,563,,2,1,0,1,1,14.0,33
386,0,0,3,902,0.0,5.0,900,,2,1,0,1,1,1.0,29
387,100,50,1,134,459.96,4.2,131,3.0,1,1,0,0,2,14.0,23
388,50,500,2,224,589.0,4.2,132,3.0,1,1,0,0,2,14.0,23
389,0,0,3,475,609.95,4.0,292,3.0,1,1,0,0,2,14.0,23
390,200,350,2,90,237.71,4.4,27,1.0,1,1,1,1,2,12.0,35
391,50,16750,2,202,170.56,4.4,28,8.0,1,0,1,0,2,12.0,35
392,200,11700,2,89,237.71,4.4,20,1.0,1,1,1,1,2,12.0,35
393,0,0,3,381,240.0,4.1,109,1.0,1,1,0,0,2,14.0,27
394,0,0,3,382,173.99,4.1,110,1.0,1,1,0,0,2,14.0,27
395,200,200,3,97,219.99,4.1,111,1.0,1,1,0,0,2,14.0,27
396,0,0,3,730,330.05,3.7,703,3.0,1,1,0,0,3,1.0,37
397,0,0,3,739,326.28,3.7,713,3.0,1,1,0,0,3,1.0,37
398,0,0,3,731,369.98,3.7,704,3.0,1,1,0,0,3,1.0,37
399,0,0,3,732,406.78,3.7,705,3.0,1,1,0,0,3,1.0,37
400,0,0,3,738,406.78,3.7,712,3.0,1,1,0,0,3,1.0,37
401,0,0,3,740,279.0,3.7,714,3.0,1,1,0,0,3,1.0,37
402,0,0,3,744,289.0,3.7,718,3.0,1,1,0,0,3,1.0,14
403,0,0,3,743,269.0,3.7,717,3.0,1,1,0,0,3,1.0,37
404,0,0,3,735,332.03,3.7,709,3.0,1,1,0,0,3,1.0,37
405,0,0,3,737,239.0,3.7,711,3.0,1,1,0,0,3,1.0,37
406,0,0,3,728,286.12,3.7,701,3.0,1,1,0,0,3,1.0,37
407,100,100,3,192,269.0,3.7,708,3.0,1,1,0,0,3,1.0,37
408,0,0,3,734,452.78,3.7,707,3.0,1,1,0,0,3,1.0,37
409,0,0,3,733,378.03,3.7,706,3.0,1,1,0,0,3,1.0,37
410,0,0,3,729,304.78,3.7,702,3.0,1,1,0,0,3,1.0,37
411,0,0,3,742,297.53,3.7,716,3.0,1,1,0,0,3,1.0,37
412,0,0,3,741,322.03,3.7,715,3.0,1,1,0,0,3,1.0,37
413,0,0,3,736,360.78,3.7,710,3.0,1,1,0,0,3,1.0,37
414,0,0,3,817,0.0,5.0,812,,2,1,0,1,1,1.0,29
415,0,500,2,461,339.0,4.2,250,1.0,1,1,0,0,2,14.0,29
416,100,10200,2,124,220.49,4.4,29,1.0,1,1,1,1,2,12.0,35
417,400,0,1,62,222.19,4.4,57,1.0,1,1,1,1,2,14.0,27
418,0,0,3,367,1499.99,4.3,82,1.0,1,1,0,0,2,13.0,40
419,0,0,3,581,299.99,4.0,479,3.0,1,1,1,0,2,13.0,26
420,50,0,1,295,474.99,3.8,552,1.0,1,1,1,1,3,13.0,34
421,0,0,3,357,0.0,4.4,36,,2,1,0,1,2,12.0,35
422,0,0,3,350,0.0,4.4,23,,2,1,0,1,2,12.0,35
423,0,0,3,358,0.0,4.4,37,,2,1,0,1,2,12.0,35
424,0,0,3,913,0.0,5.0,911,,2,1,0,1,1,14.0,30
425,0,0,3,654,0.0,4.4,586,,2,1,0,1,2,13.0,26
426,0,0,3,898,0.0,5.0,896,,2,1,0,1,1,13.0,26
427,300,17500,2,79,595.0,4.2,265,1.0,1,1,0,0,2,14.0,26
428,100,1000,2,148,505.0,4.2,264,1.0,1,1,0,0,2,14.0,26
429,0,0,3,856,0.0,5.0,852,,2,1,0,1,1,13.0,26
430,0,0,3,349,0.0,4.4,22,,2,1,0,1,2,12.0,35
431,0,0,3,356,0.0,4.4,33,,2,1,0,1,2,12.0,35
432,0,0,3,352,0.0,4.4,25,,2,1,0,1,2,12.0,35
433,10000,10000,3,2,0.0,4.4,26,,2,1,0,1,2,12.0,35
434,0,0,3,353,0.0,4.4,30,,2,1,0,1,2,12.0,35
435,0,0,3,354,0.0,4.4,31,,2,1,0,1,2,12.0,35
436,0,0,3,355,0.0,4.4,32,,2,1,0,1,2,12.0,35
437,0,0,3,351,0.0,4.4,24,,2,1,0,1,2,12.0,35
438,0,0,3,684,0.0,4.1,638,,2,1,0,1,2,13.0,29
439,0,0,3,614,0.0,4.3,531,,3,1,0,1,2,1.0,41
440,0,0,3,615,580.0,4.3,532,1.0,1,1,0,0,2,1.0,41
441,0,0,3,616,0.0,4.3,533,,3,1,0,1,2,1.0,41
442,100,0,1,182,503.49,4.0,610,1.0,1,1,1,1,2,13.0,34
443,500,3000,2,60,239.99,3.7,557,3.0,1,1,1,0,3,13.0,27
444,0,0,3,709,599.99,4.0,679,1.0,1,1,1,1,2,13.0,34
445,0,0,3,867,0.0,5.0,863,,2,1,0,1,1,14.0,30
446,50,0,1,302,559.99,4.0,611,1.0,1,1,1,1,2,13.0,34
447,0,0,3,708,419.99,4.0,677,1.0,1,1,1,1,2,1.0,12
448,0,0,3,541,879.0,4.5,409,1.0,1,1,0,0,1,1.0,26
449,0,0,3,583,0.0,4.4,481,,2,1,0,1,2,1.0,26
450,0,0,3,584,835.9,4.4,482,1.0,1,1,0,0,2,1.0,26
451,0,0,3,717,1149.99,4.4,689,1.0,1,1,0,0,2,1.0,29
452,0,0,3,718,1049.0,4.4,690,1.0,1,1,0,0,2,1.0,29
453,0,0,3,716,949.0,4.4,688,1.0,1,1,0,0,2,1.0,29
454,0,0,3,719,949.0,4.4,691,1.0,1,1,0,0,2,1.0,29
455,0,0,3,720,1393.5,4.4,692,1.0,1,1,0,0,2,1.0,29
456,0,0,3,721,999.99,4.4,694,8.0,1,0,0,0,2,1.0,29
457,0,0,3,724,1299.0,4.4,697,1.0,1,1,0,0,2,1.0,29
458,0,0,3,725,989.0,4.4,698,1.0,1,1,0,0,2,1.0,29
459,0,0,3,726,0.0,4.4,699,,3,1,0,1,2,1.0,29
460,50,50,3,304,979.95,4.4,615,1.0,1,1,1,1,2,13.0,32
461,0,0,3,653,0.0,4.4,585,,3,1,0,1,2,13.0,39
462,100,200,2,150,0.0,4.4,279,,3,1,0,1,2,14.0,29
463,200,3600,2,104,724.88,4.4,276,1.0,1,1,1,1,2,14.0,29
464,200,0,1,105,0.0,4.4,278,,3,1,0,1,2,14.0,29
465,100,700,2,149,639.99,4.4,277,1.0,1,1,0,0,2,14.0,29
466,50,100,2,240,629.99,4.3,247,1.0,1,1,1,1,2,13.0,39
467,0,0,3,643,709.0,4.4,570,1.0,1,1,0,0,2,14.0,29
468,0,0,3,890,0.0,5.0,888,,2,1,0,1,1,1.0,26
469,0,0,3,828,0.0,4.2,823,,3,1,0,1,2,13.0,29
470,0,0,3,668,619.99,4.0,609,1.0,1,1,1,1,2,13.0,34
471,50,0,1,275,719.0,4.1,417,1.0,1,1,0,0,2,14.0,27
472,50,50,3,274,689.0,4.1,416,1.0,1,1,0,0,2,14.0,27
473,100,2300,2,161,618.99,4.1,415,1.0,1,1,0,0,2,14.0,27
474,100,1050,2,160,479.99,4.1,414,1.0,1,1,0,0,2,14.0,27
475,0,0,3,543,949.0,4.1,413,1.0,1,1,0,0,2,14.0,27
476,0,0,3,542,525.96,4.1,412,1.0,1,1,0,0,2,14.0,27
477,50,0,1,273,819.0,4.1,411,1.0,1,1,0,0,2,14.0,27
478,50,750,2,267,399.0,4.6,382,2.0,1,1,0,0,1,12.0,23
479,0,0,3,522,1179.0,4.6,381,4.0,1,1,0,0,1,12.0,23
480,0,0,3,514,1299.0,4.6,373,4.0,1,1,0,0,1,12.0,23
481,0,0,3,507,689.95,4.6,365,3.0,1,1,0,0,1,12.0,23
482,0,0,3,520,479.0,4.6,379,3.0,1,1,0,0,1,12.0,23
483,0,0,3,519,619.95,4.6,378,3.0,1,1,0,0,1,12.0,23
484,0,0,3,518,1299.0,4.6,377,4.0,1,1,0,0,1,12.0,23
485,0,0,3,517,758.21,4.6,376,3.0,1,1,1,0,1,12.0,23
486,0,0,3,516,509.5,4.6,375,3.0,1,1,0,0,1,12.0,23
487,0,0,3,523,970.0,4.6,383,4.0,1,1,0,0,1,12.0,23
488,0,0,3,513,860.0,4.6,372,4.0,1,1,0,0,1,12.0,23
489,0,0,3,512,579.95,4.6,371,,1,1,0,0,1,12.0,23
490,0,0,3,511,494.0,4.6,370,3.0,1,1,0,0,1,12.0,23
491,0,0,3,510,619.95,4.6,369,3.0,1,1,0,0,1,12.0,23
492,0,0,3,509,609.95,4.6,368,3.0,1,1,0,0,1,12.0,23
493,50,0,1,266,459.0,4.6,367,3.0,1,1,0,0,1,12.0,23
494,0,0,3,515,574.0,4.6,374,3.0,1,1,0,0,1,12.0,23
495,0,0,3,524,609.95,4.6,384,3.0,1,1,0,0,1,12.0,23
496,0,0,3,527,451.4,4.6,388,3.0,1,1,0,0,1,12.0,23
497,0,0,3,528,639.95,4.6,389,3.0,1,1,0,0,1,12.0,23
498,0,0,3,529,512.0,4.6,390,3.0,1,1,0,0,1,12.0,23
499,0,0,3,530,649.99,4.6,391,3.0,1,1,0,0,1,12.0,23
500,0,0,3,521,549.0,4.6,380,3.0,1,1,0,0,1,12.0,23
501,0,0,3,531,746.16,4.6,392,3.0,1,1,1,0,1,12.0,23
502,50,50,3,268,579.95,4.6,387,3.0,1,1,0,0,1,12.0,23
503,0,0,3,526,619.94,4.6,386,3.0,1,1,0,0,1,12.0,23
504,0,0,3,525,1449.0,4.6,385,4.0,1,1,0,0,1,12.0,23
505,0,0,3,532,653.89,4.6,393,3.0,1,1,1,1,1,12.0,23
506,50,600,2,244,500.0,4.4,280,1.0,1,1,0,0,2,14.0,29
507,100,250,2,176,606.99,4.4,576,1.0,1,1,0,0,2,13.0,31
508,0,0,3,580,0.0,4.1,477,,2,1,0,1,2,1.0,27
509,0,0,3,792,0.0,4.3,783,,2,1,0,1,2,1.0,27
510,0,0,3,757,0.0,4.7,737,,2,1,0,1,1,1.0,27
511,0,50,2,458,0.0,4.3,246,,2,1,0,1,2,13.0,39
512,0,0,3,591,519.99,4.6,491,5.0,1,1,0,0,1,12.0,23
513,0,0,3,868,0.0,5.0,864,,3,1,0,1,1,14.0,29
514,0,0,3,806,1539.99,4.5,799,1.0,1,1,0,0,1,1.0,27
515,0,0,3,805,1039.99,4.5,798,1.0,1,1,0,0,1,1.0,27
516,0,0,3,804,1272.69,4.5,797,1.0,1,1,0,0,1,1.0,27
517,0,0,3,803,1119.99,4.5,796,1.0,1,1,0,0,1,1.0,27
518,0,0,3,502,719.95,4.3,346,3.0,1,1,0,0,2,12.0,23
519,100,150,2,181,789.99,4.4,607,1.0,1,1,1,1,2,13.0,36
520,0,0,3,624,1249.99,4.2,545,1.0,1,1,0,0,2,13.0,38
521,100,0,1,152,398.95,4.3,302,1.0,1,1,0,0,2,14.0,21
522,50,50,3,249,288.95,4.3,297,1.0,1,1,0,0,2,14.0,21
523,50,0,1,325,299.0,4.2,766,1.0,1,1,0,0,2,14.0,27
524,500,0,1,52,339.0,4.5,350,1.0,1,1,1,1,1,14.0,27
525,0,0,3,818,899.0,5.0,813,1.0,1,1,0,0,1,14.0,29
526,0,0,3,845,1249.0,5.0,841,1.0,1,1,0,0,1,14.0,29
527,0,50,2,639,948.99,4.4,566,1.0,1,1,0,0,2,14.0,29
528,0,0,3,640,849.0,4.4,567,1.0,1,1,0,0,2,14.0,29
529,0,0,3,641,1049.99,4.4,568,1.0,1,1,0,0,2,14.0,29
530,0,0,3,836,1121.24,5.0,832,1.0,1,1,0,0,1,14.0,29
531,50,0,1,238,1049.99,4.5,236,1.0,1,1,0,0,1,13.0,25
532,0,0,3,713,799.0,4.3,685,1.0,1,1,0,0,2,13.0,29
533,0,0,3,714,999.0,4.3,686,1.0,1,1,0,0,2,13.0,29
534,0,0,3,715,749.0,4.3,687,1.0,1,1,0,0,2,13.0,29
535,50,0,1,318,899.0,4.3,684,1.0,1,1,0,0,2,13.0,29
536,0,0,3,829,0.0,4.2,824,,2,1,0,1,2,13.0,19
537,0,0,3,698,0.0,4.5,661,,2,1,0,1,1,1.0,28
538,200,6000,2,112,933.0,4.4,521,,1,1,0,0,2,13.0,27
539,0,0,3,901,0.0,5.0,899,,2,1,0,1,1,14.0,27
540,0,0,3,628,999.99,4.2,551,1.0,1,1,1,1,2,13.0,38
541,50,50,3,294,1624.99,4.2,550,1.0,1,1,0,0,2,13.0,38
542,1000,1000,3,20,599.0,4.2,129,3.0,1,1,0,0,2,14.0,23
543,200,3500,2,114,1099.0,4.3,537,1.0,1,1,1,1,2,1.0,27
544,50,1600,2,309,612.0,4.0,652,1.0,1,1,1,1,2,1.0,27
545,0,0,3,456,0.0,4.3,244,,2,1,0,1,2,13.0,39
546,100,700,2,146,529.99,4.3,243,1.0,1,1,1,1,2,13.0,39
547,0,0,3,749,0.0,4.0,726,,2,1,0,1,2,1.0,17
548,0,0,3,849,0.0,4.3,845,,2,1,0,1,2,14.0,30
549,0,0,3,764,1949.99,3.6,745,1.0,1,1,0,0,3,13.0,39
550,0,0,3,911,0.0,5.0,909,,2,1,0,1,1,14.0,30
551,100,50,1,193,474.99,3.9,724,1.0,1,1,1,1,3,13.0,34
552,0,0,3,722,1000.0,4.4,695,1.0,1,1,0,0,2,1.0,29
553,0,0,3,723,1195.0,4.4,696,1.0,1,1,0,0,2,1.0,29
554,0,0,3,798,0.0,3.2,790,,2,1,0,1,3,13.0,34
555,100,0,1,186,522.49,4.0,627,1.0,1,1,1,1,2,13.0,34
556,0,0,3,918,0.0,4.0,917,,2,1,0,1,2,13.0,26
557,0,0,3,903,0.0,5.0,901,,2,1,0,1,1,14.0,30
558,0,0,3,832,0.0,5.0,827,,2,1,0,1,1,14.0,30
559,0,0,3,876,0.0,3.6,872,,2,1,0,1,3,14.0,30
560,0,0,3,816,0.0,4.7,811,,2,1,0,1,1,14.0,29
561,400,9500,2,65,2239.0,4.8,207,1.0,1,1,1,1,1,14.0,4
562,500,9500,2,41,3599.05,4.8,208,1.0,1,1,1,1,1,14.0,4
563,100,100,3,141,2616.0,4.8,202,1.0,1,1,1,1,1,14.0,4
564,50,250,2,236,3834.99,4.8,213,1.0,1,1,0,0,1,14.0,4
565,100,250,2,143,3368.0,4.8,212,1.0,1,1,0,0,1,14.0,4
566,300,3100,2,77,3299.0,4.8,211,1.0,1,1,1,1,1,14.0,4
567,100,1300,2,142,2249.0,4.8,210,,1,1,1,1,1,14.0,4
568,0,0,3,662,0.0,4.2,599,,2,1,0,1,2,1.0,5
569,300,5300,2,76,2649.0,4.8,209,1.0,1,1,1,1,1,14.0,4
570,0,0,3,834,0.0,3.7,829,,2,1,0,1,3,1.0,19
571,0,0,3,434,3048.0,4.8,206,1.0,1,1,1,1,1,14.0,4
572,0,0,3,432,3998.05,4.8,204,1.0,1,1,1,1,1,14.0,4
573,0,0,3,430,2638.0,4.8,201,1.0,1,1,1,1,1,14.0,4
574,0,0,3,429,3015.0,4.8,200,1.0,1,1,1,1,1,14.0,4
575,0,0,3,431,2648.0,4.8,203,1.0,1,1,1,1,1,14.0,4
576,0,0,3,433,3698.0,4.8,205,1.0,1,1,1,1,1,14.0,4
577,0,0,3,904,0.0,5.0,902,,2,1,0,1,1,14.0,30
578,0,0,3,949,0.0,0.0,949,,2,1,0,1,5,13.0,18
579,0,0,3,645,839.0,4.4,573,1.0,1,1,0,0,2,14.0,29
580,0,0,3,835,0.0,4.0,831,,2,1,0,1,2,1.0,7
581,0,0,3,644,929.99,4.4,572,1.0,1,1,0,0,2,14.0,29
582,50,0,1,324,0.0,4.1,744,,2,1,0,1,2,1.0,27
583,0,0,3,870,0.0,5.0,866,,2,1,0,1,1,14.0,30
584,0,0,3,869,0.0,5.0,865,,2,1,0,1,1,14.0,30
585,0,0,3,802,0.0,4.5,795,,3,1,0,1,1,1.0,27
586,0,0,3,678,799.95,4.1,632,8.0,1,0,0,0,2,1.0,29
587,200,3400,2,118,2049.0,4.1,626,1.0,1,1,1,1,2,13.0,22
588,0,0,3,820,0.0,3.3,815,,2,1,0,1,3,13.0,34
589,0,0,3,646,581.99,4.4,574,1.0,1,1,0,0,2,13.0,31
590,50,0,1,307,1099.99,4.4,629,1.0,1,1,0,0,2,13.0,36
591,0,0,3,609,1299.99,3.6,519,1.0,1,1,1,1,3,13.0,36
592,0,0,3,907,0.0,5.0,905,,2,1,0,1,1,13.0,27
593,0,0,3,900,0.0,5.0,898,,2,1,0,1,1,13.0,27
594,0,0,3,910,0.0,5.0,908,,2,1,0,1,1,13.0,27
595,0,0,3,937,0.0,0.0,936,,2,1,0,1,5,13.0,27
596,0,0,3,914,0.0,5.0,912,,2,1,0,1,1,14.0,6
597,1000,1000,3,25,310.99,4.3,332,1.0,1,1,1,1,2,14.0,24
598,50,50,3,298,581.99,4.4,577,1.0,1,1,0,0,2,13.0,31
599,0,0,3,647,669.99,3.8,578,1.0,1,1,1,1,3,13.0,34
